

Microchip MPLAB XC8 Assembler V3.10 build 20250813170317 
                                                                                               Mon Dec  8 12:45:17 2025

Microchip MPLAB XC8 C Compiler v3.10 (Free license) build 20250813170317 Og1 
     1                           	processor	18F4580
     2                           	fnconf	rparam,??,?,0
     3                           	pagewidth 120
     4                           	opt	flic
     5                           	psect	idataCOMRAM,global,class=CODE,space=0,delta=1,noexec
     6                           	psect	cinit,global,reloc=2,class=CODE,space=0,delta=1
     7                           	psect	bssCOMRAM,global,class=COMRAM,space=1,delta=1,lowdata,noexec
     8                           	psect	dataCOMRAM,global,class=COMRAM,space=1,delta=1,lowdata,noexec
     9                           	psect	cstackCOMRAM,global,class=COMRAM,space=1,delta=1,lowdata,noexec
    10                           	psect	text0,global,reloc=2,class=CODE,space=0,delta=1
    11                           	psect	text1,global,reloc=2,class=CODE,space=0,delta=1
    12                           	psect	text2,global,reloc=2,class=CODE,space=0,delta=1
    13                           	psect	text3,global,reloc=2,class=CODE,space=0,delta=1
    14                           	psect	text4,global,reloc=2,class=CODE,space=0,delta=1,group=1
    15                           	psect	text5,global,reloc=2,class=CODE,space=0,delta=1,group=1
    16                           	psect	text6,global,reloc=2,class=CODE,space=0,delta=1,group=1
    17                           	psect	text7,global,reloc=2,class=CODE,space=0,delta=1
    18                           	psect	text8,global,reloc=2,class=CODE,space=0,delta=1
    19                           	psect	text9,global,reloc=2,class=CODE,space=0,delta=1
    20                           	psect	text10,global,reloc=2,class=CODE,space=0,delta=1
    21                           	psect	text11,global,reloc=2,class=CODE,space=0,delta=1
    22                           	psect	text12,global,reloc=2,class=CODE,space=0,delta=1
    23                           	psect	smallconst,global,reloc=2,class=SMALLCONST,space=0,delta=1,noexec
    24                           	psect	intsave_regs,global,class=BIGRAM,space=1,delta=1,noexec
    25                           	psect	rparam,global,class=COMRAM,space=1,delta=1,noexec
    26                           	psect	idloc,global,abs,ovrld,class=IDLOC,space=5,delta=1,noexec
    27                           	psect	config,global,abs,ovrld,class=CONFIG,space=4,delta=1,noexec
    28   000000                     
    29                           ; Generated 23/03/2023 GMT
    30                           ; 
    31                           ; Copyright © 2023, Microchip Technology Inc. and its subsidiaries ("Microchip")
    32                           ; All rights reserved.
    33                           ; 
    34                           ; This software is developed by Microchip Technology Inc. and its subsidiaries ("Microch
      +                          ip").
    35                           ; 
    36                           ; Redistribution and use in source and binary forms, with or without modification, are
    37                           ; permitted provided that the following conditions are met:
    38                           ; 
    39                           ;     1. Redistributions of source code must retain the above copyright notice, this lis
      +                          t of
    40                           ;        conditions and the following disclaimer.
    41                           ; 
    42                           ;     2. Redistributions in binary form must reproduce the above copyright notice, this 
      +                          list
    43                           ;        of conditions and the following disclaimer in the documentation and/or other
    44                           ;        materials provided with the distribution. Publication is not required when
    45                           ;        this file is used in an embedded application.
    46                           ; 
    47                           ;     3. Microchip's name may not be used to endorse or promote products derived from th
      +                          is
    48                           ;        software without specific prior written permission.
    49                           ; 
    50                           ; THIS SOFTWARE IS PROVIDED BY MICROCHIP "AS IS" AND ANY EXPRESS OR IMPLIED WARRANTIES,
    51                           ; INCLUDING, BUT NOT LIMITED TO, THE IMPLIED WARRANTIES OF MERCHANTABILITY AND FITNESS F
      +                          OR
    52                           ; PURPOSE ARE DISCLAIMED.  IN NO EVENT SHALL MICROCHIP BE LIABLE FOR ANY DIRECT, INDIREC
      +                          T,
    53                           ; INCIDENTAL, SPECIAL, EXEMPLARY, OR CONSEQUENTIAL DAMAGES (INCLUDING BUT NOT LIMITED TO
    54                           ; PROCUREMENT OF SUBSTITUTE GOODS OR SERVICES; LOSS OF USE, DATA OR PROFITS; OR BUSINESS
    55                           ; INTERRUPTION) HOWSOEVER CAUSED AND ON ANY THEORY OF LIABILITY, WHETHER IN CONTRACT, ST
      +                          RICT
    56                           ; LIABILITY, OR TORT (INCLUDING NEGLIGENCE OR OTHERWISE) ARISING IN ANY WAY OUT OF THE U
      +                          SE OF
    57                           ; THIS SOFTWARE, EVEN IF ADVISED OF THE POSSIBILITY OF SUCH DAMAGE.
    58                           ; 
    59                           ; 
    60                           ; Code-generator required, PIC18F4580 Definitions
    61                           ; 
    62                           ; SFR Addresses
    63   000FE0                     bsr             equ	4064
    64   000FE9                     fsr0            equ	4073
    65   000FEA                     fsr0h           equ	4074
    66   000FE9                     fsr0l           equ	4073
    67   000FE1                     fsr1            equ	4065
    68   000FE2                     fsr1h           equ	4066
    69   000FE1                     fsr1l           equ	4065
    70   000FD9                     fsr2            equ	4057
    71   000FDA                     fsr2h           equ	4058
    72   000FD9                     fsr2l           equ	4057
    73   000FEF                     indf0           equ	4079
    74   000FE7                     indf1           equ	4071
    75   000FDF                     indf2           equ	4063
    76   000FF2                     intcon          equ	4082
    77   000000                     nvmcon          equ	0
    78   000FF9                     pcl             equ	4089
    79   000FFA                     pclath          equ	4090
    80   000FFB                     pclatu          equ	4091
    81   000FEB                     plusw0          equ	4075
    82   000FE3                     plusw1          equ	4067
    83   000FDB                     plusw2          equ	4059
    84   000FED                     postdec0        equ	4077
    85   000FE5                     postdec1        equ	4069
    86   000FDD                     postdec2        equ	4061
    87   000FEE                     postinc0        equ	4078
    88   000FE6                     postinc1        equ	4070
    89   000FDE                     postinc2        equ	4062
    90   000FEC                     preinc0         equ	4076
    91   000FE4                     preinc1         equ	4068
    92   000FDC                     preinc2         equ	4060
    93   000FF3                     prod            equ	4083
    94   000FF4                     prodh           equ	4084
    95   000FF3                     prodl           equ	4083
    96   000FD8                     status          equ	4056
    97   000FF5                     tablat          equ	4085
    98   000FF6                     tblptr          equ	4086
    99   000FF7                     tblptrh         equ	4087
   100   000FF6                     tblptrl         equ	4086
   101   000FF8                     tblptru         equ	4088
   102   000FFD                     tosl            equ	4093
   103   000FE8                     wreg            equ	4072
   104   000D60                     RXF6SIDH        equ	3424	;# 
   105   000D61                     RXF6SIDL        equ	3425	;# 
   106   000D62                     RXF6EIDH        equ	3426	;# 
   107   000D63                     RXF6EIDL        equ	3427	;# 
   108   000D64                     RXF7SIDH        equ	3428	;# 
   109   000D65                     RXF7SIDL        equ	3429	;# 
   110   000D66                     RXF7EIDH        equ	3430	;# 
   111   000D67                     RXF7EIDL        equ	3431	;# 
   112   000D68                     RXF8SIDH        equ	3432	;# 
   113   000D69                     RXF8SIDL        equ	3433	;# 
   114   000D6A                     RXF8EIDH        equ	3434	;# 
   115   000D6B                     RXF8EIDL        equ	3435	;# 
   116   000D70                     RXF9SIDH        equ	3440	;# 
   117   000D71                     RXF9SIDL        equ	3441	;# 
   118   000D72                     RXF9EIDH        equ	3442	;# 
   119   000D73                     RXF9EIDL        equ	3443	;# 
   120   000D74                     RXF10SIDH       equ	3444	;# 
   121   000D75                     RXF10SIDL       equ	3445	;# 
   122   000D76                     RXF10EIDH       equ	3446	;# 
   123   000D77                     RXF10EIDL       equ	3447	;# 
   124   000D78                     RXF11SIDH       equ	3448	;# 
   125   000D79                     RXF11SIDL       equ	3449	;# 
   126   000D7A                     RXF11EIDH       equ	3450	;# 
   127   000D7B                     RXF11EIDL       equ	3451	;# 
   128   000D80                     RXF12SIDH       equ	3456	;# 
   129   000D81                     RXF12SIDL       equ	3457	;# 
   130   000D82                     RXF12EIDH       equ	3458	;# 
   131   000D83                     RXF12EIDL       equ	3459	;# 
   132   000D84                     RXF13SIDH       equ	3460	;# 
   133   000D85                     RXF13SIDL       equ	3461	;# 
   134   000D86                     RXF13EIDH       equ	3462	;# 
   135   000D87                     RXF13EIDL       equ	3463	;# 
   136   000D88                     RXF14SIDH       equ	3464	;# 
   137   000D89                     RXF14SIDL       equ	3465	;# 
   138   000D8A                     RXF14EIDH       equ	3466	;# 
   139   000D8B                     RXF14EIDL       equ	3467	;# 
   140   000D90                     RXF15SIDH       equ	3472	;# 
   141   000D91                     RXF15SIDL       equ	3473	;# 
   142   000D92                     RXF15EIDH       equ	3474	;# 
   143   000D93                     RXF15EIDL       equ	3475	;# 
   144   000DD4                     RXFCON0         equ	3540	;# 
   145   000DD5                     RXFCON1         equ	3541	;# 
   146   000DD8                     SDFLC           equ	3544	;# 
   147   000DE0                     RXFBCON0        equ	3552	;# 
   148   000DE1                     RXFBCON1        equ	3553	;# 
   149   000DE2                     RXFBCON2        equ	3554	;# 
   150   000DE3                     RXFBCON3        equ	3555	;# 
   151   000DE4                     RXFBCON4        equ	3556	;# 
   152   000DE5                     RXFBCON5        equ	3557	;# 
   153   000DE6                     RXFBCON6        equ	3558	;# 
   154   000DE7                     RXFBCON7        equ	3559	;# 
   155   000DF0                     MSEL0           equ	3568	;# 
   156   000DF1                     MSEL1           equ	3569	;# 
   157   000DF2                     MSEL2           equ	3570	;# 
   158   000DF3                     MSEL3           equ	3571	;# 
   159   000DF8                     BSEL0           equ	3576	;# 
   160   000DFA                     BIE0            equ	3578	;# 
   161   000DFC                     TXBIE           equ	3580	;# 
   162   000E20                     B0CON           equ	3616	;# 
   163   000E21                     B0SIDH          equ	3617	;# 
   164   000E22                     B0SIDL          equ	3618	;# 
   165   000E23                     B0EIDH          equ	3619	;# 
   166   000E24                     B0EIDL          equ	3620	;# 
   167   000E25                     B0DLC           equ	3621	;# 
   168   000E26                     B0D0            equ	3622	;# 
   169   000E27                     B0D1            equ	3623	;# 
   170   000E28                     B0D2            equ	3624	;# 
   171   000E29                     B0D3            equ	3625	;# 
   172   000E2A                     B0D4            equ	3626	;# 
   173   000E2B                     B0D5            equ	3627	;# 
   174   000E2C                     B0D6            equ	3628	;# 
   175   000E2D                     B0D7            equ	3629	;# 
   176   000E2E                     CANSTAT_RO9     equ	3630	;# 
   177   000E2F                     CANCON_RO9      equ	3631	;# 
   178   000E30                     B1CON           equ	3632	;# 
   179   000E31                     B1SIDH          equ	3633	;# 
   180   000E32                     B1SIDL          equ	3634	;# 
   181   000E33                     B1EIDH          equ	3635	;# 
   182   000E34                     B1EIDL          equ	3636	;# 
   183   000E35                     B1DLC           equ	3637	;# 
   184   000E36                     B1D0            equ	3638	;# 
   185   000E37                     B1D1            equ	3639	;# 
   186   000E38                     B1D2            equ	3640	;# 
   187   000E39                     B1D3            equ	3641	;# 
   188   000E3A                     B1D4            equ	3642	;# 
   189   000E3B                     B1D5            equ	3643	;# 
   190   000E3C                     B1D6            equ	3644	;# 
   191   000E3D                     B1D7            equ	3645	;# 
   192   000E3E                     CANSTAT_RO8     equ	3646	;# 
   193   000E3F                     CANCON_RO8      equ	3647	;# 
   194   000E40                     B2CON           equ	3648	;# 
   195   000E41                     B2SIDH          equ	3649	;# 
   196   000E42                     B2SIDL          equ	3650	;# 
   197   000E43                     B2EIDH          equ	3651	;# 
   198   000E44                     B2EIDL          equ	3652	;# 
   199   000E45                     B2DLC           equ	3653	;# 
   200   000E46                     B2D0            equ	3654	;# 
   201   000E47                     B2D1            equ	3655	;# 
   202   000E48                     B2D2            equ	3656	;# 
   203   000E49                     B2D3            equ	3657	;# 
   204   000E4A                     B2D4            equ	3658	;# 
   205   000E4B                     B2D5            equ	3659	;# 
   206   000E4C                     B2D6            equ	3660	;# 
   207   000E4D                     B2D7            equ	3661	;# 
   208   000E4E                     CANSTAT_RO7     equ	3662	;# 
   209   000E4F                     CANCON_RO7      equ	3663	;# 
   210   000E50                     B3CON           equ	3664	;# 
   211   000E51                     B3SIDH          equ	3665	;# 
   212   000E52                     B3SIDL          equ	3666	;# 
   213   000E53                     B3EIDH          equ	3667	;# 
   214   000E54                     B3EIDL          equ	3668	;# 
   215   000E55                     B3DLC           equ	3669	;# 
   216   000E56                     B3D0            equ	3670	;# 
   217   000E57                     B3D1            equ	3671	;# 
   218   000E58                     B3D2            equ	3672	;# 
   219   000E59                     B3D3            equ	3673	;# 
   220   000E5A                     B3D4            equ	3674	;# 
   221   000E5B                     B3D5            equ	3675	;# 
   222   000E5C                     B3D6            equ	3676	;# 
   223   000E5D                     B3D7            equ	3677	;# 
   224   000E5E                     CANSTAT_RO6     equ	3678	;# 
   225   000E5F                     CANCON_RO6      equ	3679	;# 
   226   000E60                     B4CON           equ	3680	;# 
   227   000E61                     B4SIDH          equ	3681	;# 
   228   000E62                     B4SIDL          equ	3682	;# 
   229   000E63                     B4EIDH          equ	3683	;# 
   230   000E64                     B4EIDL          equ	3684	;# 
   231   000E65                     B4DLC           equ	3685	;# 
   232   000E66                     B4D0            equ	3686	;# 
   233   000E67                     B4D1            equ	3687	;# 
   234   000E68                     B4D2            equ	3688	;# 
   235   000E69                     B4D3            equ	3689	;# 
   236   000E6A                     B4D4            equ	3690	;# 
   237   000E6B                     B4D5            equ	3691	;# 
   238   000E6C                     B4D6            equ	3692	;# 
   239   000E6D                     B4D7            equ	3693	;# 
   240   000E6E                     CANSTAT_RO5     equ	3694	;# 
   241   000E6F                     CANCON_RO5      equ	3695	;# 
   242   000E70                     B5CON           equ	3696	;# 
   243   000E71                     B5SIDH          equ	3697	;# 
   244   000E72                     B5SIDL          equ	3698	;# 
   245   000E73                     B5EIDH          equ	3699	;# 
   246   000E74                     B5EIDL          equ	3700	;# 
   247   000E75                     B5DLC           equ	3701	;# 
   248   000E76                     B5D0            equ	3702	;# 
   249   000E77                     B5D1            equ	3703	;# 
   250   000E78                     B5D2            equ	3704	;# 
   251   000E79                     B5D3            equ	3705	;# 
   252   000E7A                     B5D4            equ	3706	;# 
   253   000E7B                     B5D5            equ	3707	;# 
   254   000E7C                     B5D6            equ	3708	;# 
   255   000E7D                     B5D7            equ	3709	;# 
   256   000E7E                     CANSTAT_RO4     equ	3710	;# 
   257   000E7F                     CANCON_RO4      equ	3711	;# 
   258   000F00                     RXF0SIDH        equ	3840	;# 
   259   000F01                     RXF0SIDL        equ	3841	;# 
   260   000F02                     RXF0EIDH        equ	3842	;# 
   261   000F03                     RXF0EIDL        equ	3843	;# 
   262   000F04                     RXF1SIDH        equ	3844	;# 
   263   000F05                     RXF1SIDL        equ	3845	;# 
   264   000F06                     RXF1EIDH        equ	3846	;# 
   265   000F07                     RXF1EIDL        equ	3847	;# 
   266   000F08                     RXF2SIDH        equ	3848	;# 
   267   000F09                     RXF2SIDL        equ	3849	;# 
   268   000F0A                     RXF2EIDH        equ	3850	;# 
   269   000F0B                     RXF2EIDL        equ	3851	;# 
   270   000F0C                     RXF3SIDH        equ	3852	;# 
   271   000F0D                     RXF3SIDL        equ	3853	;# 
   272   000F0E                     RXF3EIDH        equ	3854	;# 
   273   000F0F                     RXF3EIDL        equ	3855	;# 
   274   000F10                     RXF4SIDH        equ	3856	;# 
   275   000F11                     RXF4SIDL        equ	3857	;# 
   276   000F12                     RXF4EIDH        equ	3858	;# 
   277   000F13                     RXF4EIDL        equ	3859	;# 
   278   000F14                     RXF5SIDH        equ	3860	;# 
   279   000F15                     RXF5SIDL        equ	3861	;# 
   280   000F16                     RXF5EIDH        equ	3862	;# 
   281   000F17                     RXF5EIDL        equ	3863	;# 
   282   000F18                     RXM0SIDH        equ	3864	;# 
   283   000F19                     RXM0SIDL        equ	3865	;# 
   284   000F1A                     RXM0EIDH        equ	3866	;# 
   285   000F1B                     RXM0EIDL        equ	3867	;# 
   286   000F1C                     RXM1SIDH        equ	3868	;# 
   287   000F1D                     RXM1SIDL        equ	3869	;# 
   288   000F1E                     RXM1EIDH        equ	3870	;# 
   289   000F1F                     RXM1EIDL        equ	3871	;# 
   290   000F20                     TXB2CON         equ	3872	;# 
   291   000F21                     TXB2SIDH        equ	3873	;# 
   292   000F22                     TXB2SIDL        equ	3874	;# 
   293   000F23                     TXB2EIDH        equ	3875	;# 
   294   000F24                     TXB2EIDL        equ	3876	;# 
   295   000F25                     TXB2DLC         equ	3877	;# 
   296   000F26                     TXB2D0          equ	3878	;# 
   297   000F27                     TXB2D1          equ	3879	;# 
   298   000F28                     TXB2D2          equ	3880	;# 
   299   000F29                     TXB2D3          equ	3881	;# 
   300   000F2A                     TXB2D4          equ	3882	;# 
   301   000F2B                     TXB2D5          equ	3883	;# 
   302   000F2C                     TXB2D6          equ	3884	;# 
   303   000F2D                     TXB2D7          equ	3885	;# 
   304   000F2E                     CANSTAT_RO3     equ	3886	;# 
   305   000F2F                     CANCON_RO3      equ	3887	;# 
   306   000F30                     TXB1CON         equ	3888	;# 
   307   000F31                     TXB1SIDH        equ	3889	;# 
   308   000F32                     TXB1SIDL        equ	3890	;# 
   309   000F33                     TXB1EIDH        equ	3891	;# 
   310   000F34                     TXB1EIDL        equ	3892	;# 
   311   000F35                     TXB1DLC         equ	3893	;# 
   312   000F36                     TXB1D0          equ	3894	;# 
   313   000F37                     TXB1D1          equ	3895	;# 
   314   000F38                     TXB1D2          equ	3896	;# 
   315   000F39                     TXB1D3          equ	3897	;# 
   316   000F3A                     TXB1D4          equ	3898	;# 
   317   000F3B                     TXB1D5          equ	3899	;# 
   318   000F3C                     TXB1D6          equ	3900	;# 
   319   000F3D                     TXB1D7          equ	3901	;# 
   320   000F3E                     CANSTAT_RO2     equ	3902	;# 
   321   000F3F                     CANCON_RO2      equ	3903	;# 
   322   000F40                     TXB0CON         equ	3904	;# 
   323   000F41                     TXB0SIDH        equ	3905	;# 
   324   000F42                     TXB0SIDL        equ	3906	;# 
   325   000F43                     TXB0EIDH        equ	3907	;# 
   326   000F44                     TXB0EIDL        equ	3908	;# 
   327   000F45                     TXB0DLC         equ	3909	;# 
   328   000F46                     TXB0D0          equ	3910	;# 
   329   000F47                     TXB0D1          equ	3911	;# 
   330   000F48                     TXB0D2          equ	3912	;# 
   331   000F49                     TXB0D3          equ	3913	;# 
   332   000F4A                     TXB0D4          equ	3914	;# 
   333   000F4B                     TXB0D5          equ	3915	;# 
   334   000F4C                     TXB0D6          equ	3916	;# 
   335   000F4D                     TXB0D7          equ	3917	;# 
   336   000F4E                     CANSTAT_RO1     equ	3918	;# 
   337   000F4F                     CANCON_RO1      equ	3919	;# 
   338   000F50                     RXB1CON         equ	3920	;# 
   339   000F51                     RXB1SIDH        equ	3921	;# 
   340   000F52                     RXB1SIDL        equ	3922	;# 
   341   000F53                     RXB1EIDH        equ	3923	;# 
   342   000F54                     RXB1EIDL        equ	3924	;# 
   343   000F55                     RXB1DLC         equ	3925	;# 
   344   000F56                     RXB1D0          equ	3926	;# 
   345   000F57                     RXB1D1          equ	3927	;# 
   346   000F58                     RXB1D2          equ	3928	;# 
   347   000F59                     RXB1D3          equ	3929	;# 
   348   000F5A                     RXB1D4          equ	3930	;# 
   349   000F5B                     RXB1D5          equ	3931	;# 
   350   000F5C                     RXB1D6          equ	3932	;# 
   351   000F5D                     RXB1D7          equ	3933	;# 
   352   000F5E                     CANSTAT_RO0     equ	3934	;# 
   353   000F5F                     CANCON_RO0      equ	3935	;# 
   354   000F60                     RXB0CON         equ	3936	;# 
   355   000F61                     RXB0SIDH        equ	3937	;# 
   356   000F62                     RXB0SIDL        equ	3938	;# 
   357   000F63                     RXB0EIDH        equ	3939	;# 
   358   000F64                     RXB0EIDL        equ	3940	;# 
   359   000F65                     RXB0DLC         equ	3941	;# 
   360   000F66                     RXB0D0          equ	3942	;# 
   361   000F67                     RXB0D1          equ	3943	;# 
   362   000F68                     RXB0D2          equ	3944	;# 
   363   000F69                     RXB0D3          equ	3945	;# 
   364   000F6A                     RXB0D4          equ	3946	;# 
   365   000F6B                     RXB0D5          equ	3947	;# 
   366   000F6C                     RXB0D6          equ	3948	;# 
   367   000F6D                     RXB0D7          equ	3949	;# 
   368   000F6E                     CANSTAT         equ	3950	;# 
   369   000F6F                     CANCON          equ	3951	;# 
   370   000F70                     BRGCON1         equ	3952	;# 
   371   000F71                     BRGCON2         equ	3953	;# 
   372   000F72                     BRGCON3         equ	3954	;# 
   373   000F73                     CIOCON          equ	3955	;# 
   374   000F74                     COMSTAT         equ	3956	;# 
   375   000F75                     RXERRCNT        equ	3957	;# 
   376   000F76                     TXERRCNT        equ	3958	;# 
   377   000F77                     ECANCON         equ	3959	;# 
   378   000F80                     PORTA           equ	3968	;# 
   379   000F81                     PORTB           equ	3969	;# 
   380   000F82                     PORTC           equ	3970	;# 
   381   000F83                     PORTD           equ	3971	;# 
   382   000F84                     PORTE           equ	3972	;# 
   383   000F89                     LATA            equ	3977	;# 
   384   000F8A                     LATB            equ	3978	;# 
   385   000F8B                     LATC            equ	3979	;# 
   386   000F8C                     LATD            equ	3980	;# 
   387   000F8D                     LATE            equ	3981	;# 
   388   000F92                     TRISA           equ	3986	;# 
   389   000F92                     DDRA            equ	3986	;# 
   390   000F93                     TRISB           equ	3987	;# 
   391   000F93                     DDRB            equ	3987	;# 
   392   000F94                     TRISC           equ	3988	;# 
   393   000F94                     DDRC            equ	3988	;# 
   394   000F95                     TRISD           equ	3989	;# 
   395   000F95                     DDRD            equ	3989	;# 
   396   000F96                     TRISE           equ	3990	;# 
   397   000F96                     DDRE            equ	3990	;# 
   398   000F9B                     OSCTUNE         equ	3995	;# 
   399   000F9D                     PIE1            equ	3997	;# 
   400   000F9E                     PIR1            equ	3998	;# 
   401   000F9F                     IPR1            equ	3999	;# 
   402   000FA0                     PIE2            equ	4000	;# 
   403   000FA1                     PIR2            equ	4001	;# 
   404   000FA2                     IPR2            equ	4002	;# 
   405   000FA3                     PIE3            equ	4003	;# 
   406   000FA4                     PIR3            equ	4004	;# 
   407   000FA5                     IPR3            equ	4005	;# 
   408   000FA6                     EECON1          equ	4006	;# 
   409   000FA7                     EECON2          equ	4007	;# 
   410   000FA8                     EEDATA          equ	4008	;# 
   411   000FA9                     EEADR           equ	4009	;# 
   412   000FAB                     RCSTA           equ	4011	;# 
   413   000FAB                     RCSTA1          equ	4011	;# 
   414   000FAC                     TXSTA           equ	4012	;# 
   415   000FAC                     TXSTA1          equ	4012	;# 
   416   000FAD                     TXREG           equ	4013	;# 
   417   000FAD                     TXREG1          equ	4013	;# 
   418   000FAE                     RCREG           equ	4014	;# 
   419   000FAE                     RCREG1          equ	4014	;# 
   420   000FAF                     SPBRG           equ	4015	;# 
   421   000FAF                     SPBRG1          equ	4015	;# 
   422   000FB0                     SPBRGH          equ	4016	;# 
   423   000FB1                     T3CON           equ	4017	;# 
   424   000FB2                     TMR3            equ	4018	;# 
   425   000FB2                     TMR3L           equ	4018	;# 
   426   000FB3                     TMR3H           equ	4019	;# 
   427   000FB4                     CMCON           equ	4020	;# 
   428   000FB5                     CVRCON          equ	4021	;# 
   429   000FB6                     ECCP1AS         equ	4022	;# 
   430   000FB7                     ECCP1DEL        equ	4023	;# 
   431   000FB8                     BAUDCON         equ	4024	;# 
   432   000FB8                     BAUDCTL         equ	4024	;# 
   433   000FBA                     ECCP1CON        equ	4026	;# 
   434   000FBB                     ECCPR1          equ	4027	;# 
   435   000FBB                     ECCPR1L         equ	4027	;# 
   436   000FBC                     ECCPR1H         equ	4028	;# 
   437   000FBD                     CCP1CON         equ	4029	;# 
   438   000FBE                     CCPR1           equ	4030	;# 
   439   000FBE                     CCPR1L          equ	4030	;# 
   440   000FBF                     CCPR1H          equ	4031	;# 
   441   000FC0                     ADCON2          equ	4032	;# 
   442   000FC1                     ADCON1          equ	4033	;# 
   443   000FC2                     ADCON0          equ	4034	;# 
   444   000FC3                     ADRES           equ	4035	;# 
   445   000FC3                     ADRESL          equ	4035	;# 
   446   000FC4                     ADRESH          equ	4036	;# 
   447   000FC5                     SSPCON2         equ	4037	;# 
   448   000FC6                     SSPCON1         equ	4038	;# 
   449   000FC7                     SSPSTAT         equ	4039	;# 
   450   000FC8                     SSPADD          equ	4040	;# 
   451   000FC9                     SSPBUF          equ	4041	;# 
   452   000FCA                     T2CON           equ	4042	;# 
   453   000FCB                     PR2             equ	4043	;# 
   454   000FCB                     MEMCON          equ	4043	;# 
   455   000FCC                     TMR2            equ	4044	;# 
   456   000FCD                     T1CON           equ	4045	;# 
   457   000FCE                     TMR1            equ	4046	;# 
   458   000FCE                     TMR1L           equ	4046	;# 
   459   000FCF                     TMR1H           equ	4047	;# 
   460   000FD0                     RCON            equ	4048	;# 
   461   000FD1                     WDTCON          equ	4049	;# 
   462   000FD2                     HLVDCON         equ	4050	;# 
   463   000FD2                     LVDCON          equ	4050	;# 
   464   000FD3                     OSCCON          equ	4051	;# 
   465   000FD5                     T0CON           equ	4053	;# 
   466   000FD6                     TMR0            equ	4054	;# 
   467   000FD6                     TMR0L           equ	4054	;# 
   468   000FD7                     TMR0H           equ	4055	;# 
   469   000FD8                     STATUS          equ	4056	;# 
   470   000FD9                     FSR2            equ	4057	;# 
   471   000FD9                     FSR2L           equ	4057	;# 
   472   000FDA                     FSR2H           equ	4058	;# 
   473   000FDB                     PLUSW2          equ	4059	;# 
   474   000FDC                     PREINC2         equ	4060	;# 
   475   000FDD                     POSTDEC2        equ	4061	;# 
   476   000FDE                     POSTINC2        equ	4062	;# 
   477   000FDF                     INDF2           equ	4063	;# 
   478   000FE0                     BSR             equ	4064	;# 
   479   000FE1                     FSR1            equ	4065	;# 
   480   000FE1                     FSR1L           equ	4065	;# 
   481   000FE2                     FSR1H           equ	4066	;# 
   482   000FE3                     PLUSW1          equ	4067	;# 
   483   000FE4                     PREINC1         equ	4068	;# 
   484   000FE5                     POSTDEC1        equ	4069	;# 
   485   000FE6                     POSTINC1        equ	4070	;# 
   486   000FE7                     INDF1           equ	4071	;# 
   487   000FE8                     WREG            equ	4072	;# 
   488   000FE9                     FSR0            equ	4073	;# 
   489   000FE9                     FSR0L           equ	4073	;# 
   490   000FEA                     FSR0H           equ	4074	;# 
   491   000FEB                     PLUSW0          equ	4075	;# 
   492   000FEC                     PREINC0         equ	4076	;# 
   493   000FED                     POSTDEC0        equ	4077	;# 
   494   000FEE                     POSTINC0        equ	4078	;# 
   495   000FEF                     INDF0           equ	4079	;# 
   496   000FF0                     INTCON3         equ	4080	;# 
   497   000FF1                     INTCON2         equ	4081	;# 
   498   000FF2                     INTCON          equ	4082	;# 
   499   000FF3                     PROD            equ	4083	;# 
   500   000FF3                     PRODL           equ	4083	;# 
   501   000FF4                     PRODH           equ	4084	;# 
   502   000FF5                     TABLAT          equ	4085	;# 
   503   000FF6                     TBLPTR          equ	4086	;# 
   504   000FF6                     TBLPTRL         equ	4086	;# 
   505   000FF7                     TBLPTRH         equ	4087	;# 
   506   000FF8                     TBLPTRU         equ	4088	;# 
   507   000FF9                     PCLAT           equ	4089	;# 
   508   000FF9                     PC              equ	4089	;# 
   509   000FF9                     PCL             equ	4089	;# 
   510   000FFA                     PCLATH          equ	4090	;# 
   511   000FFB                     PCLATU          equ	4091	;# 
   512   000FFC                     STKPTR          equ	4092	;# 
   513   000FFD                     TOS             equ	4093	;# 
   514   000FFD                     TOSL            equ	4093	;# 
   515   000FFE                     TOSH            equ	4094	;# 
   516   000FFF                     TOSU            equ	4095	;# 
   517   000D60                     RXF6SIDH        equ	3424	;# 
   518   000D61                     RXF6SIDL        equ	3425	;# 
   519   000D62                     RXF6EIDH        equ	3426	;# 
   520   000D63                     RXF6EIDL        equ	3427	;# 
   521   000D64                     RXF7SIDH        equ	3428	;# 
   522   000D65                     RXF7SIDL        equ	3429	;# 
   523   000D66                     RXF7EIDH        equ	3430	;# 
   524   000D67                     RXF7EIDL        equ	3431	;# 
   525   000D68                     RXF8SIDH        equ	3432	;# 
   526   000D69                     RXF8SIDL        equ	3433	;# 
   527   000D6A                     RXF8EIDH        equ	3434	;# 
   528   000D6B                     RXF8EIDL        equ	3435	;# 
   529   000D70                     RXF9SIDH        equ	3440	;# 
   530   000D71                     RXF9SIDL        equ	3441	;# 
   531   000D72                     RXF9EIDH        equ	3442	;# 
   532   000D73                     RXF9EIDL        equ	3443	;# 
   533   000D74                     RXF10SIDH       equ	3444	;# 
   534   000D75                     RXF10SIDL       equ	3445	;# 
   535   000D76                     RXF10EIDH       equ	3446	;# 
   536   000D77                     RXF10EIDL       equ	3447	;# 
   537   000D78                     RXF11SIDH       equ	3448	;# 
   538   000D79                     RXF11SIDL       equ	3449	;# 
   539   000D7A                     RXF11EIDH       equ	3450	;# 
   540   000D7B                     RXF11EIDL       equ	3451	;# 
   541   000D80                     RXF12SIDH       equ	3456	;# 
   542   000D81                     RXF12SIDL       equ	3457	;# 
   543   000D82                     RXF12EIDH       equ	3458	;# 
   544   000D83                     RXF12EIDL       equ	3459	;# 
   545   000D84                     RXF13SIDH       equ	3460	;# 
   546   000D85                     RXF13SIDL       equ	3461	;# 
   547   000D86                     RXF13EIDH       equ	3462	;# 
   548   000D87                     RXF13EIDL       equ	3463	;# 
   549   000D88                     RXF14SIDH       equ	3464	;# 
   550   000D89                     RXF14SIDL       equ	3465	;# 
   551   000D8A                     RXF14EIDH       equ	3466	;# 
   552   000D8B                     RXF14EIDL       equ	3467	;# 
   553   000D90                     RXF15SIDH       equ	3472	;# 
   554   000D91                     RXF15SIDL       equ	3473	;# 
   555   000D92                     RXF15EIDH       equ	3474	;# 
   556   000D93                     RXF15EIDL       equ	3475	;# 
   557   000DD4                     RXFCON0         equ	3540	;# 
   558   000DD5                     RXFCON1         equ	3541	;# 
   559   000DD8                     SDFLC           equ	3544	;# 
   560   000DE0                     RXFBCON0        equ	3552	;# 
   561   000DE1                     RXFBCON1        equ	3553	;# 
   562   000DE2                     RXFBCON2        equ	3554	;# 
   563   000DE3                     RXFBCON3        equ	3555	;# 
   564   000DE4                     RXFBCON4        equ	3556	;# 
   565   000DE5                     RXFBCON5        equ	3557	;# 
   566   000DE6                     RXFBCON6        equ	3558	;# 
   567   000DE7                     RXFBCON7        equ	3559	;# 
   568   000DF0                     MSEL0           equ	3568	;# 
   569   000DF1                     MSEL1           equ	3569	;# 
   570   000DF2                     MSEL2           equ	3570	;# 
   571   000DF3                     MSEL3           equ	3571	;# 
   572   000DF8                     BSEL0           equ	3576	;# 
   573   000DFA                     BIE0            equ	3578	;# 
   574   000DFC                     TXBIE           equ	3580	;# 
   575   000E20                     B0CON           equ	3616	;# 
   576   000E21                     B0SIDH          equ	3617	;# 
   577   000E22                     B0SIDL          equ	3618	;# 
   578   000E23                     B0EIDH          equ	3619	;# 
   579   000E24                     B0EIDL          equ	3620	;# 
   580   000E25                     B0DLC           equ	3621	;# 
   581   000E26                     B0D0            equ	3622	;# 
   582   000E27                     B0D1            equ	3623	;# 
   583   000E28                     B0D2            equ	3624	;# 
   584   000E29                     B0D3            equ	3625	;# 
   585   000E2A                     B0D4            equ	3626	;# 
   586   000E2B                     B0D5            equ	3627	;# 
   587   000E2C                     B0D6            equ	3628	;# 
   588   000E2D                     B0D7            equ	3629	;# 
   589   000E2E                     CANSTAT_RO9     equ	3630	;# 
   590   000E2F                     CANCON_RO9      equ	3631	;# 
   591   000E30                     B1CON           equ	3632	;# 
   592   000E31                     B1SIDH          equ	3633	;# 
   593   000E32                     B1SIDL          equ	3634	;# 
   594   000E33                     B1EIDH          equ	3635	;# 
   595   000E34                     B1EIDL          equ	3636	;# 
   596   000E35                     B1DLC           equ	3637	;# 
   597   000E36                     B1D0            equ	3638	;# 
   598   000E37                     B1D1            equ	3639	;# 
   599   000E38                     B1D2            equ	3640	;# 
   600   000E39                     B1D3            equ	3641	;# 
   601   000E3A                     B1D4            equ	3642	;# 
   602   000E3B                     B1D5            equ	3643	;# 
   603   000E3C                     B1D6            equ	3644	;# 
   604   000E3D                     B1D7            equ	3645	;# 
   605   000E3E                     CANSTAT_RO8     equ	3646	;# 
   606   000E3F                     CANCON_RO8      equ	3647	;# 
   607   000E40                     B2CON           equ	3648	;# 
   608   000E41                     B2SIDH          equ	3649	;# 
   609   000E42                     B2SIDL          equ	3650	;# 
   610   000E43                     B2EIDH          equ	3651	;# 
   611   000E44                     B2EIDL          equ	3652	;# 
   612   000E45                     B2DLC           equ	3653	;# 
   613   000E46                     B2D0            equ	3654	;# 
   614   000E47                     B2D1            equ	3655	;# 
   615   000E48                     B2D2            equ	3656	;# 
   616   000E49                     B2D3            equ	3657	;# 
   617   000E4A                     B2D4            equ	3658	;# 
   618   000E4B                     B2D5            equ	3659	;# 
   619   000E4C                     B2D6            equ	3660	;# 
   620   000E4D                     B2D7            equ	3661	;# 
   621   000E4E                     CANSTAT_RO7     equ	3662	;# 
   622   000E4F                     CANCON_RO7      equ	3663	;# 
   623   000E50                     B3CON           equ	3664	;# 
   624   000E51                     B3SIDH          equ	3665	;# 
   625   000E52                     B3SIDL          equ	3666	;# 
   626   000E53                     B3EIDH          equ	3667	;# 
   627   000E54                     B3EIDL          equ	3668	;# 
   628   000E55                     B3DLC           equ	3669	;# 
   629   000E56                     B3D0            equ	3670	;# 
   630   000E57                     B3D1            equ	3671	;# 
   631   000E58                     B3D2            equ	3672	;# 
   632   000E59                     B3D3            equ	3673	;# 
   633   000E5A                     B3D4            equ	3674	;# 
   634   000E5B                     B3D5            equ	3675	;# 
   635   000E5C                     B3D6            equ	3676	;# 
   636   000E5D                     B3D7            equ	3677	;# 
   637   000E5E                     CANSTAT_RO6     equ	3678	;# 
   638   000E5F                     CANCON_RO6      equ	3679	;# 
   639   000E60                     B4CON           equ	3680	;# 
   640   000E61                     B4SIDH          equ	3681	;# 
   641   000E62                     B4SIDL          equ	3682	;# 
   642   000E63                     B4EIDH          equ	3683	;# 
   643   000E64                     B4EIDL          equ	3684	;# 
   644   000E65                     B4DLC           equ	3685	;# 
   645   000E66                     B4D0            equ	3686	;# 
   646   000E67                     B4D1            equ	3687	;# 
   647   000E68                     B4D2            equ	3688	;# 
   648   000E69                     B4D3            equ	3689	;# 
   649   000E6A                     B4D4            equ	3690	;# 
   650   000E6B                     B4D5            equ	3691	;# 
   651   000E6C                     B4D6            equ	3692	;# 
   652   000E6D                     B4D7            equ	3693	;# 
   653   000E6E                     CANSTAT_RO5     equ	3694	;# 
   654   000E6F                     CANCON_RO5      equ	3695	;# 
   655   000E70                     B5CON           equ	3696	;# 
   656   000E71                     B5SIDH          equ	3697	;# 
   657   000E72                     B5SIDL          equ	3698	;# 
   658   000E73                     B5EIDH          equ	3699	;# 
   659   000E74                     B5EIDL          equ	3700	;# 
   660   000E75                     B5DLC           equ	3701	;# 
   661   000E76                     B5D0            equ	3702	;# 
   662   000E77                     B5D1            equ	3703	;# 
   663   000E78                     B5D2            equ	3704	;# 
   664   000E79                     B5D3            equ	3705	;# 
   665   000E7A                     B5D4            equ	3706	;# 
   666   000E7B                     B5D5            equ	3707	;# 
   667   000E7C                     B5D6            equ	3708	;# 
   668   000E7D                     B5D7            equ	3709	;# 
   669   000E7E                     CANSTAT_RO4     equ	3710	;# 
   670   000E7F                     CANCON_RO4      equ	3711	;# 
   671   000F00                     RXF0SIDH        equ	3840	;# 
   672   000F01                     RXF0SIDL        equ	3841	;# 
   673   000F02                     RXF0EIDH        equ	3842	;# 
   674   000F03                     RXF0EIDL        equ	3843	;# 
   675   000F04                     RXF1SIDH        equ	3844	;# 
   676   000F05                     RXF1SIDL        equ	3845	;# 
   677   000F06                     RXF1EIDH        equ	3846	;# 
   678   000F07                     RXF1EIDL        equ	3847	;# 
   679   000F08                     RXF2SIDH        equ	3848	;# 
   680   000F09                     RXF2SIDL        equ	3849	;# 
   681   000F0A                     RXF2EIDH        equ	3850	;# 
   682   000F0B                     RXF2EIDL        equ	3851	;# 
   683   000F0C                     RXF3SIDH        equ	3852	;# 
   684   000F0D                     RXF3SIDL        equ	3853	;# 
   685   000F0E                     RXF3EIDH        equ	3854	;# 
   686   000F0F                     RXF3EIDL        equ	3855	;# 
   687   000F10                     RXF4SIDH        equ	3856	;# 
   688   000F11                     RXF4SIDL        equ	3857	;# 
   689   000F12                     RXF4EIDH        equ	3858	;# 
   690   000F13                     RXF4EIDL        equ	3859	;# 
   691   000F14                     RXF5SIDH        equ	3860	;# 
   692   000F15                     RXF5SIDL        equ	3861	;# 
   693   000F16                     RXF5EIDH        equ	3862	;# 
   694   000F17                     RXF5EIDL        equ	3863	;# 
   695   000F18                     RXM0SIDH        equ	3864	;# 
   696   000F19                     RXM0SIDL        equ	3865	;# 
   697   000F1A                     RXM0EIDH        equ	3866	;# 
   698   000F1B                     RXM0EIDL        equ	3867	;# 
   699   000F1C                     RXM1SIDH        equ	3868	;# 
   700   000F1D                     RXM1SIDL        equ	3869	;# 
   701   000F1E                     RXM1EIDH        equ	3870	;# 
   702   000F1F                     RXM1EIDL        equ	3871	;# 
   703   000F20                     TXB2CON         equ	3872	;# 
   704   000F21                     TXB2SIDH        equ	3873	;# 
   705   000F22                     TXB2SIDL        equ	3874	;# 
   706   000F23                     TXB2EIDH        equ	3875	;# 
   707   000F24                     TXB2EIDL        equ	3876	;# 
   708   000F25                     TXB2DLC         equ	3877	;# 
   709   000F26                     TXB2D0          equ	3878	;# 
   710   000F27                     TXB2D1          equ	3879	;# 
   711   000F28                     TXB2D2          equ	3880	;# 
   712   000F29                     TXB2D3          equ	3881	;# 
   713   000F2A                     TXB2D4          equ	3882	;# 
   714   000F2B                     TXB2D5          equ	3883	;# 
   715   000F2C                     TXB2D6          equ	3884	;# 
   716   000F2D                     TXB2D7          equ	3885	;# 
   717   000F2E                     CANSTAT_RO3     equ	3886	;# 
   718   000F2F                     CANCON_RO3      equ	3887	;# 
   719   000F30                     TXB1CON         equ	3888	;# 
   720   000F31                     TXB1SIDH        equ	3889	;# 
   721   000F32                     TXB1SIDL        equ	3890	;# 
   722   000F33                     TXB1EIDH        equ	3891	;# 
   723   000F34                     TXB1EIDL        equ	3892	;# 
   724   000F35                     TXB1DLC         equ	3893	;# 
   725   000F36                     TXB1D0          equ	3894	;# 
   726   000F37                     TXB1D1          equ	3895	;# 
   727   000F38                     TXB1D2          equ	3896	;# 
   728   000F39                     TXB1D3          equ	3897	;# 
   729   000F3A                     TXB1D4          equ	3898	;# 
   730   000F3B                     TXB1D5          equ	3899	;# 
   731   000F3C                     TXB1D6          equ	3900	;# 
   732   000F3D                     TXB1D7          equ	3901	;# 
   733   000F3E                     CANSTAT_RO2     equ	3902	;# 
   734   000F3F                     CANCON_RO2      equ	3903	;# 
   735   000F40                     TXB0CON         equ	3904	;# 
   736   000F41                     TXB0SIDH        equ	3905	;# 
   737   000F42                     TXB0SIDL        equ	3906	;# 
   738   000F43                     TXB0EIDH        equ	3907	;# 
   739   000F44                     TXB0EIDL        equ	3908	;# 
   740   000F45                     TXB0DLC         equ	3909	;# 
   741   000F46                     TXB0D0          equ	3910	;# 
   742   000F47                     TXB0D1          equ	3911	;# 
   743   000F48                     TXB0D2          equ	3912	;# 
   744   000F49                     TXB0D3          equ	3913	;# 
   745   000F4A                     TXB0D4          equ	3914	;# 
   746   000F4B                     TXB0D5          equ	3915	;# 
   747   000F4C                     TXB0D6          equ	3916	;# 
   748   000F4D                     TXB0D7          equ	3917	;# 
   749   000F4E                     CANSTAT_RO1     equ	3918	;# 
   750   000F4F                     CANCON_RO1      equ	3919	;# 
   751   000F50                     RXB1CON         equ	3920	;# 
   752   000F51                     RXB1SIDH        equ	3921	;# 
   753   000F52                     RXB1SIDL        equ	3922	;# 
   754   000F53                     RXB1EIDH        equ	3923	;# 
   755   000F54                     RXB1EIDL        equ	3924	;# 
   756   000F55                     RXB1DLC         equ	3925	;# 
   757   000F56                     RXB1D0          equ	3926	;# 
   758   000F57                     RXB1D1          equ	3927	;# 
   759   000F58                     RXB1D2          equ	3928	;# 
   760   000F59                     RXB1D3          equ	3929	;# 
   761   000F5A                     RXB1D4          equ	3930	;# 
   762   000F5B                     RXB1D5          equ	3931	;# 
   763   000F5C                     RXB1D6          equ	3932	;# 
   764   000F5D                     RXB1D7          equ	3933	;# 
   765   000F5E                     CANSTAT_RO0     equ	3934	;# 
   766   000F5F                     CANCON_RO0      equ	3935	;# 
   767   000F60                     RXB0CON         equ	3936	;# 
   768   000F61                     RXB0SIDH        equ	3937	;# 
   769   000F62                     RXB0SIDL        equ	3938	;# 
   770   000F63                     RXB0EIDH        equ	3939	;# 
   771   000F64                     RXB0EIDL        equ	3940	;# 
   772   000F65                     RXB0DLC         equ	3941	;# 
   773   000F66                     RXB0D0          equ	3942	;# 
   774   000F67                     RXB0D1          equ	3943	;# 
   775   000F68                     RXB0D2          equ	3944	;# 
   776   000F69                     RXB0D3          equ	3945	;# 
   777   000F6A                     RXB0D4          equ	3946	;# 
   778   000F6B                     RXB0D5          equ	3947	;# 
   779   000F6C                     RXB0D6          equ	3948	;# 
   780   000F6D                     RXB0D7          equ	3949	;# 
   781   000F6E                     CANSTAT         equ	3950	;# 
   782   000F6F                     CANCON          equ	3951	;# 
   783   000F70                     BRGCON1         equ	3952	;# 
   784   000F71                     BRGCON2         equ	3953	;# 
   785   000F72                     BRGCON3         equ	3954	;# 
   786   000F73                     CIOCON          equ	3955	;# 
   787   000F74                     COMSTAT         equ	3956	;# 
   788   000F75                     RXERRCNT        equ	3957	;# 
   789   000F76                     TXERRCNT        equ	3958	;# 
   790   000F77                     ECANCON         equ	3959	;# 
   791   000F80                     PORTA           equ	3968	;# 
   792   000F81                     PORTB           equ	3969	;# 
   793   000F82                     PORTC           equ	3970	;# 
   794   000F83                     PORTD           equ	3971	;# 
   795   000F84                     PORTE           equ	3972	;# 
   796   000F89                     LATA            equ	3977	;# 
   797   000F8A                     LATB            equ	3978	;# 
   798   000F8B                     LATC            equ	3979	;# 
   799   000F8C                     LATD            equ	3980	;# 
   800   000F8D                     LATE            equ	3981	;# 
   801   000F92                     TRISA           equ	3986	;# 
   802   000F92                     DDRA            equ	3986	;# 
   803   000F93                     TRISB           equ	3987	;# 
   804   000F93                     DDRB            equ	3987	;# 
   805   000F94                     TRISC           equ	3988	;# 
   806   000F94                     DDRC            equ	3988	;# 
   807   000F95                     TRISD           equ	3989	;# 
   808   000F95                     DDRD            equ	3989	;# 
   809   000F96                     TRISE           equ	3990	;# 
   810   000F96                     DDRE            equ	3990	;# 
   811   000F9B                     OSCTUNE         equ	3995	;# 
   812   000F9D                     PIE1            equ	3997	;# 
   813   000F9E                     PIR1            equ	3998	;# 
   814   000F9F                     IPR1            equ	3999	;# 
   815   000FA0                     PIE2            equ	4000	;# 
   816   000FA1                     PIR2            equ	4001	;# 
   817   000FA2                     IPR2            equ	4002	;# 
   818   000FA3                     PIE3            equ	4003	;# 
   819   000FA4                     PIR3            equ	4004	;# 
   820   000FA5                     IPR3            equ	4005	;# 
   821   000FA6                     EECON1          equ	4006	;# 
   822   000FA7                     EECON2          equ	4007	;# 
   823   000FA8                     EEDATA          equ	4008	;# 
   824   000FA9                     EEADR           equ	4009	;# 
   825   000FAB                     RCSTA           equ	4011	;# 
   826   000FAB                     RCSTA1          equ	4011	;# 
   827   000FAC                     TXSTA           equ	4012	;# 
   828   000FAC                     TXSTA1          equ	4012	;# 
   829   000FAD                     TXREG           equ	4013	;# 
   830   000FAD                     TXREG1          equ	4013	;# 
   831   000FAE                     RCREG           equ	4014	;# 
   832   000FAE                     RCREG1          equ	4014	;# 
   833   000FAF                     SPBRG           equ	4015	;# 
   834   000FAF                     SPBRG1          equ	4015	;# 
   835   000FB0                     SPBRGH          equ	4016	;# 
   836   000FB1                     T3CON           equ	4017	;# 
   837   000FB2                     TMR3            equ	4018	;# 
   838   000FB2                     TMR3L           equ	4018	;# 
   839   000FB3                     TMR3H           equ	4019	;# 
   840   000FB4                     CMCON           equ	4020	;# 
   841   000FB5                     CVRCON          equ	4021	;# 
   842   000FB6                     ECCP1AS         equ	4022	;# 
   843   000FB7                     ECCP1DEL        equ	4023	;# 
   844   000FB8                     BAUDCON         equ	4024	;# 
   845   000FB8                     BAUDCTL         equ	4024	;# 
   846   000FBA                     ECCP1CON        equ	4026	;# 
   847   000FBB                     ECCPR1          equ	4027	;# 
   848   000FBB                     ECCPR1L         equ	4027	;# 
   849   000FBC                     ECCPR1H         equ	4028	;# 
   850   000FBD                     CCP1CON         equ	4029	;# 
   851   000FBE                     CCPR1           equ	4030	;# 
   852   000FBE                     CCPR1L          equ	4030	;# 
   853   000FBF                     CCPR1H          equ	4031	;# 
   854   000FC0                     ADCON2          equ	4032	;# 
   855   000FC1                     ADCON1          equ	4033	;# 
   856   000FC2                     ADCON0          equ	4034	;# 
   857   000FC3                     ADRES           equ	4035	;# 
   858   000FC3                     ADRESL          equ	4035	;# 
   859   000FC4                     ADRESH          equ	4036	;# 
   860   000FC5                     SSPCON2         equ	4037	;# 
   861   000FC6                     SSPCON1         equ	4038	;# 
   862   000FC7                     SSPSTAT         equ	4039	;# 
   863   000FC8                     SSPADD          equ	4040	;# 
   864   000FC9                     SSPBUF          equ	4041	;# 
   865   000FCA                     T2CON           equ	4042	;# 
   866   000FCB                     PR2             equ	4043	;# 
   867   000FCB                     MEMCON          equ	4043	;# 
   868   000FCC                     TMR2            equ	4044	;# 
   869   000FCD                     T1CON           equ	4045	;# 
   870   000FCE                     TMR1            equ	4046	;# 
   871   000FCE                     TMR1L           equ	4046	;# 
   872   000FCF                     TMR1H           equ	4047	;# 
   873   000FD0                     RCON            equ	4048	;# 
   874   000FD1                     WDTCON          equ	4049	;# 
   875   000FD2                     HLVDCON         equ	4050	;# 
   876   000FD2                     LVDCON          equ	4050	;# 
   877   000FD3                     OSCCON          equ	4051	;# 
   878   000FD5                     T0CON           equ	4053	;# 
   879   000FD6                     TMR0            equ	4054	;# 
   880   000FD6                     TMR0L           equ	4054	;# 
   881   000FD7                     TMR0H           equ	4055	;# 
   882   000FD8                     STATUS          equ	4056	;# 
   883   000FD9                     FSR2            equ	4057	;# 
   884   000FD9                     FSR2L           equ	4057	;# 
   885   000FDA                     FSR2H           equ	4058	;# 
   886   000FDB                     PLUSW2          equ	4059	;# 
   887   000FDC                     PREINC2         equ	4060	;# 
   888   000FDD                     POSTDEC2        equ	4061	;# 
   889   000FDE                     POSTINC2        equ	4062	;# 
   890   000FDF                     INDF2           equ	4063	;# 
   891   000FE0                     BSR             equ	4064	;# 
   892   000FE1                     FSR1            equ	4065	;# 
   893   000FE1                     FSR1L           equ	4065	;# 
   894   000FE2                     FSR1H           equ	4066	;# 
   895   000FE3                     PLUSW1          equ	4067	;# 
   896   000FE4                     PREINC1         equ	4068	;# 
   897   000FE5                     POSTDEC1        equ	4069	;# 
   898   000FE6                     POSTINC1        equ	4070	;# 
   899   000FE7                     INDF1           equ	4071	;# 
   900   000FE8                     WREG            equ	4072	;# 
   901   000FE9                     FSR0            equ	4073	;# 
   902   000FE9                     FSR0L           equ	4073	;# 
   903   000FEA                     FSR0H           equ	4074	;# 
   904   000FEB                     PLUSW0          equ	4075	;# 
   905   000FEC                     PREINC0         equ	4076	;# 
   906   000FED                     POSTDEC0        equ	4077	;# 
   907   000FEE                     POSTINC0        equ	4078	;# 
   908   000FEF                     INDF0           equ	4079	;# 
   909   000FF0                     INTCON3         equ	4080	;# 
   910   000FF1                     INTCON2         equ	4081	;# 
   911   000FF2                     INTCON          equ	4082	;# 
   912   000FF3                     PROD            equ	4083	;# 
   913   000FF3                     PRODL           equ	4083	;# 
   914   000FF4                     PRODH           equ	4084	;# 
   915   000FF5                     TABLAT          equ	4085	;# 
   916   000FF6                     TBLPTR          equ	4086	;# 
   917   000FF6                     TBLPTRL         equ	4086	;# 
   918   000FF7                     TBLPTRH         equ	4087	;# 
   919   000FF8                     TBLPTRU         equ	4088	;# 
   920   000FF9                     PCLAT           equ	4089	;# 
   921   000FF9                     PC              equ	4089	;# 
   922   000FF9                     PCL             equ	4089	;# 
   923   000FFA                     PCLATH          equ	4090	;# 
   924   000FFB                     PCLATU          equ	4091	;# 
   925   000FFC                     STKPTR          equ	4092	;# 
   926   000FFD                     TOS             equ	4093	;# 
   927   000FFD                     TOSL            equ	4093	;# 
   928   000FFE                     TOSH            equ	4094	;# 
   929   000FFF                     TOSU            equ	4095	;# 
   930   000D60                     RXF6SIDH        equ	3424	;# 
   931   000D61                     RXF6SIDL        equ	3425	;# 
   932   000D62                     RXF6EIDH        equ	3426	;# 
   933   000D63                     RXF6EIDL        equ	3427	;# 
   934   000D64                     RXF7SIDH        equ	3428	;# 
   935   000D65                     RXF7SIDL        equ	3429	;# 
   936   000D66                     RXF7EIDH        equ	3430	;# 
   937   000D67                     RXF7EIDL        equ	3431	;# 
   938   000D68                     RXF8SIDH        equ	3432	;# 
   939   000D69                     RXF8SIDL        equ	3433	;# 
   940   000D6A                     RXF8EIDH        equ	3434	;# 
   941   000D6B                     RXF8EIDL        equ	3435	;# 
   942   000D70                     RXF9SIDH        equ	3440	;# 
   943   000D71                     RXF9SIDL        equ	3441	;# 
   944   000D72                     RXF9EIDH        equ	3442	;# 
   945   000D73                     RXF9EIDL        equ	3443	;# 
   946   000D74                     RXF10SIDH       equ	3444	;# 
   947   000D75                     RXF10SIDL       equ	3445	;# 
   948   000D76                     RXF10EIDH       equ	3446	;# 
   949   000D77                     RXF10EIDL       equ	3447	;# 
   950   000D78                     RXF11SIDH       equ	3448	;# 
   951   000D79                     RXF11SIDL       equ	3449	;# 
   952   000D7A                     RXF11EIDH       equ	3450	;# 
   953   000D7B                     RXF11EIDL       equ	3451	;# 
   954   000D80                     RXF12SIDH       equ	3456	;# 
   955   000D81                     RXF12SIDL       equ	3457	;# 
   956   000D82                     RXF12EIDH       equ	3458	;# 
   957   000D83                     RXF12EIDL       equ	3459	;# 
   958   000D84                     RXF13SIDH       equ	3460	;# 
   959   000D85                     RXF13SIDL       equ	3461	;# 
   960   000D86                     RXF13EIDH       equ	3462	;# 
   961   000D87                     RXF13EIDL       equ	3463	;# 
   962   000D88                     RXF14SIDH       equ	3464	;# 
   963   000D89                     RXF14SIDL       equ	3465	;# 
   964   000D8A                     RXF14EIDH       equ	3466	;# 
   965   000D8B                     RXF14EIDL       equ	3467	;# 
   966   000D90                     RXF15SIDH       equ	3472	;# 
   967   000D91                     RXF15SIDL       equ	3473	;# 
   968   000D92                     RXF15EIDH       equ	3474	;# 
   969   000D93                     RXF15EIDL       equ	3475	;# 
   970   000DD4                     RXFCON0         equ	3540	;# 
   971   000DD5                     RXFCON1         equ	3541	;# 
   972   000DD8                     SDFLC           equ	3544	;# 
   973   000DE0                     RXFBCON0        equ	3552	;# 
   974   000DE1                     RXFBCON1        equ	3553	;# 
   975   000DE2                     RXFBCON2        equ	3554	;# 
   976   000DE3                     RXFBCON3        equ	3555	;# 
   977   000DE4                     RXFBCON4        equ	3556	;# 
   978   000DE5                     RXFBCON5        equ	3557	;# 
   979   000DE6                     RXFBCON6        equ	3558	;# 
   980   000DE7                     RXFBCON7        equ	3559	;# 
   981   000DF0                     MSEL0           equ	3568	;# 
   982   000DF1                     MSEL1           equ	3569	;# 
   983   000DF2                     MSEL2           equ	3570	;# 
   984   000DF3                     MSEL3           equ	3571	;# 
   985   000DF8                     BSEL0           equ	3576	;# 
   986   000DFA                     BIE0            equ	3578	;# 
   987   000DFC                     TXBIE           equ	3580	;# 
   988   000E20                     B0CON           equ	3616	;# 
   989   000E21                     B0SIDH          equ	3617	;# 
   990   000E22                     B0SIDL          equ	3618	;# 
   991   000E23                     B0EIDH          equ	3619	;# 
   992   000E24                     B0EIDL          equ	3620	;# 
   993   000E25                     B0DLC           equ	3621	;# 
   994   000E26                     B0D0            equ	3622	;# 
   995   000E27                     B0D1            equ	3623	;# 
   996   000E28                     B0D2            equ	3624	;# 
   997   000E29                     B0D3            equ	3625	;# 
   998   000E2A                     B0D4            equ	3626	;# 
   999   000E2B                     B0D5            equ	3627	;# 
  1000   000E2C                     B0D6            equ	3628	;# 
  1001   000E2D                     B0D7            equ	3629	;# 
  1002   000E2E                     CANSTAT_RO9     equ	3630	;# 
  1003   000E2F                     CANCON_RO9      equ	3631	;# 
  1004   000E30                     B1CON           equ	3632	;# 
  1005   000E31                     B1SIDH          equ	3633	;# 
  1006   000E32                     B1SIDL          equ	3634	;# 
  1007   000E33                     B1EIDH          equ	3635	;# 
  1008   000E34                     B1EIDL          equ	3636	;# 
  1009   000E35                     B1DLC           equ	3637	;# 
  1010   000E36                     B1D0            equ	3638	;# 
  1011   000E37                     B1D1            equ	3639	;# 
  1012   000E38                     B1D2            equ	3640	;# 
  1013   000E39                     B1D3            equ	3641	;# 
  1014   000E3A                     B1D4            equ	3642	;# 
  1015   000E3B                     B1D5            equ	3643	;# 
  1016   000E3C                     B1D6            equ	3644	;# 
  1017   000E3D                     B1D7            equ	3645	;# 
  1018   000E3E                     CANSTAT_RO8     equ	3646	;# 
  1019   000E3F                     CANCON_RO8      equ	3647	;# 
  1020   000E40                     B2CON           equ	3648	;# 
  1021   000E41                     B2SIDH          equ	3649	;# 
  1022   000E42                     B2SIDL          equ	3650	;# 
  1023   000E43                     B2EIDH          equ	3651	;# 
  1024   000E44                     B2EIDL          equ	3652	;# 
  1025   000E45                     B2DLC           equ	3653	;# 
  1026   000E46                     B2D0            equ	3654	;# 
  1027   000E47                     B2D1            equ	3655	;# 
  1028   000E48                     B2D2            equ	3656	;# 
  1029   000E49                     B2D3            equ	3657	;# 
  1030   000E4A                     B2D4            equ	3658	;# 
  1031   000E4B                     B2D5            equ	3659	;# 
  1032   000E4C                     B2D6            equ	3660	;# 
  1033   000E4D                     B2D7            equ	3661	;# 
  1034   000E4E                     CANSTAT_RO7     equ	3662	;# 
  1035   000E4F                     CANCON_RO7      equ	3663	;# 
  1036   000E50                     B3CON           equ	3664	;# 
  1037   000E51                     B3SIDH          equ	3665	;# 
  1038   000E52                     B3SIDL          equ	3666	;# 
  1039   000E53                     B3EIDH          equ	3667	;# 
  1040   000E54                     B3EIDL          equ	3668	;# 
  1041   000E55                     B3DLC           equ	3669	;# 
  1042   000E56                     B3D0            equ	3670	;# 
  1043   000E57                     B3D1            equ	3671	;# 
  1044   000E58                     B3D2            equ	3672	;# 
  1045   000E59                     B3D3            equ	3673	;# 
  1046   000E5A                     B3D4            equ	3674	;# 
  1047   000E5B                     B3D5            equ	3675	;# 
  1048   000E5C                     B3D6            equ	3676	;# 
  1049   000E5D                     B3D7            equ	3677	;# 
  1050   000E5E                     CANSTAT_RO6     equ	3678	;# 
  1051   000E5F                     CANCON_RO6      equ	3679	;# 
  1052   000E60                     B4CON           equ	3680	;# 
  1053   000E61                     B4SIDH          equ	3681	;# 
  1054   000E62                     B4SIDL          equ	3682	;# 
  1055   000E63                     B4EIDH          equ	3683	;# 
  1056   000E64                     B4EIDL          equ	3684	;# 
  1057   000E65                     B4DLC           equ	3685	;# 
  1058   000E66                     B4D0            equ	3686	;# 
  1059   000E67                     B4D1            equ	3687	;# 
  1060   000E68                     B4D2            equ	3688	;# 
  1061   000E69                     B4D3            equ	3689	;# 
  1062   000E6A                     B4D4            equ	3690	;# 
  1063   000E6B                     B4D5            equ	3691	;# 
  1064   000E6C                     B4D6            equ	3692	;# 
  1065   000E6D                     B4D7            equ	3693	;# 
  1066   000E6E                     CANSTAT_RO5     equ	3694	;# 
  1067   000E6F                     CANCON_RO5      equ	3695	;# 
  1068   000E70                     B5CON           equ	3696	;# 
  1069   000E71                     B5SIDH          equ	3697	;# 
  1070   000E72                     B5SIDL          equ	3698	;# 
  1071   000E73                     B5EIDH          equ	3699	;# 
  1072   000E74                     B5EIDL          equ	3700	;# 
  1073   000E75                     B5DLC           equ	3701	;# 
  1074   000E76                     B5D0            equ	3702	;# 
  1075   000E77                     B5D1            equ	3703	;# 
  1076   000E78                     B5D2            equ	3704	;# 
  1077   000E79                     B5D3            equ	3705	;# 
  1078   000E7A                     B5D4            equ	3706	;# 
  1079   000E7B                     B5D5            equ	3707	;# 
  1080   000E7C                     B5D6            equ	3708	;# 
  1081   000E7D                     B5D7            equ	3709	;# 
  1082   000E7E                     CANSTAT_RO4     equ	3710	;# 
  1083   000E7F                     CANCON_RO4      equ	3711	;# 
  1084   000F00                     RXF0SIDH        equ	3840	;# 
  1085   000F01                     RXF0SIDL        equ	3841	;# 
  1086   000F02                     RXF0EIDH        equ	3842	;# 
  1087   000F03                     RXF0EIDL        equ	3843	;# 
  1088   000F04                     RXF1SIDH        equ	3844	;# 
  1089   000F05                     RXF1SIDL        equ	3845	;# 
  1090   000F06                     RXF1EIDH        equ	3846	;# 
  1091   000F07                     RXF1EIDL        equ	3847	;# 
  1092   000F08                     RXF2SIDH        equ	3848	;# 
  1093   000F09                     RXF2SIDL        equ	3849	;# 
  1094   000F0A                     RXF2EIDH        equ	3850	;# 
  1095   000F0B                     RXF2EIDL        equ	3851	;# 
  1096   000F0C                     RXF3SIDH        equ	3852	;# 
  1097   000F0D                     RXF3SIDL        equ	3853	;# 
  1098   000F0E                     RXF3EIDH        equ	3854	;# 
  1099   000F0F                     RXF3EIDL        equ	3855	;# 
  1100   000F10                     RXF4SIDH        equ	3856	;# 
  1101   000F11                     RXF4SIDL        equ	3857	;# 
  1102   000F12                     RXF4EIDH        equ	3858	;# 
  1103   000F13                     RXF4EIDL        equ	3859	;# 
  1104   000F14                     RXF5SIDH        equ	3860	;# 
  1105   000F15                     RXF5SIDL        equ	3861	;# 
  1106   000F16                     RXF5EIDH        equ	3862	;# 
  1107   000F17                     RXF5EIDL        equ	3863	;# 
  1108   000F18                     RXM0SIDH        equ	3864	;# 
  1109   000F19                     RXM0SIDL        equ	3865	;# 
  1110   000F1A                     RXM0EIDH        equ	3866	;# 
  1111   000F1B                     RXM0EIDL        equ	3867	;# 
  1112   000F1C                     RXM1SIDH        equ	3868	;# 
  1113   000F1D                     RXM1SIDL        equ	3869	;# 
  1114   000F1E                     RXM1EIDH        equ	3870	;# 
  1115   000F1F                     RXM1EIDL        equ	3871	;# 
  1116   000F20                     TXB2CON         equ	3872	;# 
  1117   000F21                     TXB2SIDH        equ	3873	;# 
  1118   000F22                     TXB2SIDL        equ	3874	;# 
  1119   000F23                     TXB2EIDH        equ	3875	;# 
  1120   000F24                     TXB2EIDL        equ	3876	;# 
  1121   000F25                     TXB2DLC         equ	3877	;# 
  1122   000F26                     TXB2D0          equ	3878	;# 
  1123   000F27                     TXB2D1          equ	3879	;# 
  1124   000F28                     TXB2D2          equ	3880	;# 
  1125   000F29                     TXB2D3          equ	3881	;# 
  1126   000F2A                     TXB2D4          equ	3882	;# 
  1127   000F2B                     TXB2D5          equ	3883	;# 
  1128   000F2C                     TXB2D6          equ	3884	;# 
  1129   000F2D                     TXB2D7          equ	3885	;# 
  1130   000F2E                     CANSTAT_RO3     equ	3886	;# 
  1131   000F2F                     CANCON_RO3      equ	3887	;# 
  1132   000F30                     TXB1CON         equ	3888	;# 
  1133   000F31                     TXB1SIDH        equ	3889	;# 
  1134   000F32                     TXB1SIDL        equ	3890	;# 
  1135   000F33                     TXB1EIDH        equ	3891	;# 
  1136   000F34                     TXB1EIDL        equ	3892	;# 
  1137   000F35                     TXB1DLC         equ	3893	;# 
  1138   000F36                     TXB1D0          equ	3894	;# 
  1139   000F37                     TXB1D1          equ	3895	;# 
  1140   000F38                     TXB1D2          equ	3896	;# 
  1141   000F39                     TXB1D3          equ	3897	;# 
  1142   000F3A                     TXB1D4          equ	3898	;# 
  1143   000F3B                     TXB1D5          equ	3899	;# 
  1144   000F3C                     TXB1D6          equ	3900	;# 
  1145   000F3D                     TXB1D7          equ	3901	;# 
  1146   000F3E                     CANSTAT_RO2     equ	3902	;# 
  1147   000F3F                     CANCON_RO2      equ	3903	;# 
  1148   000F40                     TXB0CON         equ	3904	;# 
  1149   000F41                     TXB0SIDH        equ	3905	;# 
  1150   000F42                     TXB0SIDL        equ	3906	;# 
  1151   000F43                     TXB0EIDH        equ	3907	;# 
  1152   000F44                     TXB0EIDL        equ	3908	;# 
  1153   000F45                     TXB0DLC         equ	3909	;# 
  1154   000F46                     TXB0D0          equ	3910	;# 
  1155   000F47                     TXB0D1          equ	3911	;# 
  1156   000F48                     TXB0D2          equ	3912	;# 
  1157   000F49                     TXB0D3          equ	3913	;# 
  1158   000F4A                     TXB0D4          equ	3914	;# 
  1159   000F4B                     TXB0D5          equ	3915	;# 
  1160   000F4C                     TXB0D6          equ	3916	;# 
  1161   000F4D                     TXB0D7          equ	3917	;# 
  1162   000F4E                     CANSTAT_RO1     equ	3918	;# 
  1163   000F4F                     CANCON_RO1      equ	3919	;# 
  1164   000F50                     RXB1CON         equ	3920	;# 
  1165   000F51                     RXB1SIDH        equ	3921	;# 
  1166   000F52                     RXB1SIDL        equ	3922	;# 
  1167   000F53                     RXB1EIDH        equ	3923	;# 
  1168   000F54                     RXB1EIDL        equ	3924	;# 
  1169   000F55                     RXB1DLC         equ	3925	;# 
  1170   000F56                     RXB1D0          equ	3926	;# 
  1171   000F57                     RXB1D1          equ	3927	;# 
  1172   000F58                     RXB1D2          equ	3928	;# 
  1173   000F59                     RXB1D3          equ	3929	;# 
  1174   000F5A                     RXB1D4          equ	3930	;# 
  1175   000F5B                     RXB1D5          equ	3931	;# 
  1176   000F5C                     RXB1D6          equ	3932	;# 
  1177   000F5D                     RXB1D7          equ	3933	;# 
  1178   000F5E                     CANSTAT_RO0     equ	3934	;# 
  1179   000F5F                     CANCON_RO0      equ	3935	;# 
  1180   000F60                     RXB0CON         equ	3936	;# 
  1181   000F61                     RXB0SIDH        equ	3937	;# 
  1182   000F62                     RXB0SIDL        equ	3938	;# 
  1183   000F63                     RXB0EIDH        equ	3939	;# 
  1184   000F64                     RXB0EIDL        equ	3940	;# 
  1185   000F65                     RXB0DLC         equ	3941	;# 
  1186   000F66                     RXB0D0          equ	3942	;# 
  1187   000F67                     RXB0D1          equ	3943	;# 
  1188   000F68                     RXB0D2          equ	3944	;# 
  1189   000F69                     RXB0D3          equ	3945	;# 
  1190   000F6A                     RXB0D4          equ	3946	;# 
  1191   000F6B                     RXB0D5          equ	3947	;# 
  1192   000F6C                     RXB0D6          equ	3948	;# 
  1193   000F6D                     RXB0D7          equ	3949	;# 
  1194   000F6E                     CANSTAT         equ	3950	;# 
  1195   000F6F                     CANCON          equ	3951	;# 
  1196   000F70                     BRGCON1         equ	3952	;# 
  1197   000F71                     BRGCON2         equ	3953	;# 
  1198   000F72                     BRGCON3         equ	3954	;# 
  1199   000F73                     CIOCON          equ	3955	;# 
  1200   000F74                     COMSTAT         equ	3956	;# 
  1201   000F75                     RXERRCNT        equ	3957	;# 
  1202   000F76                     TXERRCNT        equ	3958	;# 
  1203   000F77                     ECANCON         equ	3959	;# 
  1204   000F80                     PORTA           equ	3968	;# 
  1205   000F81                     PORTB           equ	3969	;# 
  1206   000F82                     PORTC           equ	3970	;# 
  1207   000F83                     PORTD           equ	3971	;# 
  1208   000F84                     PORTE           equ	3972	;# 
  1209   000F89                     LATA            equ	3977	;# 
  1210   000F8A                     LATB            equ	3978	;# 
  1211   000F8B                     LATC            equ	3979	;# 
  1212   000F8C                     LATD            equ	3980	;# 
  1213   000F8D                     LATE            equ	3981	;# 
  1214   000F92                     TRISA           equ	3986	;# 
  1215   000F92                     DDRA            equ	3986	;# 
  1216   000F93                     TRISB           equ	3987	;# 
  1217   000F93                     DDRB            equ	3987	;# 
  1218   000F94                     TRISC           equ	3988	;# 
  1219   000F94                     DDRC            equ	3988	;# 
  1220   000F95                     TRISD           equ	3989	;# 
  1221   000F95                     DDRD            equ	3989	;# 
  1222   000F96                     TRISE           equ	3990	;# 
  1223   000F96                     DDRE            equ	3990	;# 
  1224   000F9B                     OSCTUNE         equ	3995	;# 
  1225   000F9D                     PIE1            equ	3997	;# 
  1226   000F9E                     PIR1            equ	3998	;# 
  1227   000F9F                     IPR1            equ	3999	;# 
  1228   000FA0                     PIE2            equ	4000	;# 
  1229   000FA1                     PIR2            equ	4001	;# 
  1230   000FA2                     IPR2            equ	4002	;# 
  1231   000FA3                     PIE3            equ	4003	;# 
  1232   000FA4                     PIR3            equ	4004	;# 
  1233   000FA5                     IPR3            equ	4005	;# 
  1234   000FA6                     EECON1          equ	4006	;# 
  1235   000FA7                     EECON2          equ	4007	;# 
  1236   000FA8                     EEDATA          equ	4008	;# 
  1237   000FA9                     EEADR           equ	4009	;# 
  1238   000FAB                     RCSTA           equ	4011	;# 
  1239   000FAB                     RCSTA1          equ	4011	;# 
  1240   000FAC                     TXSTA           equ	4012	;# 
  1241   000FAC                     TXSTA1          equ	4012	;# 
  1242   000FAD                     TXREG           equ	4013	;# 
  1243   000FAD                     TXREG1          equ	4013	;# 
  1244   000FAE                     RCREG           equ	4014	;# 
  1245   000FAE                     RCREG1          equ	4014	;# 
  1246   000FAF                     SPBRG           equ	4015	;# 
  1247   000FAF                     SPBRG1          equ	4015	;# 
  1248   000FB0                     SPBRGH          equ	4016	;# 
  1249   000FB1                     T3CON           equ	4017	;# 
  1250   000FB2                     TMR3            equ	4018	;# 
  1251   000FB2                     TMR3L           equ	4018	;# 
  1252   000FB3                     TMR3H           equ	4019	;# 
  1253   000FB4                     CMCON           equ	4020	;# 
  1254   000FB5                     CVRCON          equ	4021	;# 
  1255   000FB6                     ECCP1AS         equ	4022	;# 
  1256   000FB7                     ECCP1DEL        equ	4023	;# 
  1257   000FB8                     BAUDCON         equ	4024	;# 
  1258   000FB8                     BAUDCTL         equ	4024	;# 
  1259   000FBA                     ECCP1CON        equ	4026	;# 
  1260   000FBB                     ECCPR1          equ	4027	;# 
  1261   000FBB                     ECCPR1L         equ	4027	;# 
  1262   000FBC                     ECCPR1H         equ	4028	;# 
  1263   000FBD                     CCP1CON         equ	4029	;# 
  1264   000FBE                     CCPR1           equ	4030	;# 
  1265   000FBE                     CCPR1L          equ	4030	;# 
  1266   000FBF                     CCPR1H          equ	4031	;# 
  1267   000FC0                     ADCON2          equ	4032	;# 
  1268   000FC1                     ADCON1          equ	4033	;# 
  1269   000FC2                     ADCON0          equ	4034	;# 
  1270   000FC3                     ADRES           equ	4035	;# 
  1271   000FC3                     ADRESL          equ	4035	;# 
  1272   000FC4                     ADRESH          equ	4036	;# 
  1273   000FC5                     SSPCON2         equ	4037	;# 
  1274   000FC6                     SSPCON1         equ	4038	;# 
  1275   000FC7                     SSPSTAT         equ	4039	;# 
  1276   000FC8                     SSPADD          equ	4040	;# 
  1277   000FC9                     SSPBUF          equ	4041	;# 
  1278   000FCA                     T2CON           equ	4042	;# 
  1279   000FCB                     PR2             equ	4043	;# 
  1280   000FCB                     MEMCON          equ	4043	;# 
  1281   000FCC                     TMR2            equ	4044	;# 
  1282   000FCD                     T1CON           equ	4045	;# 
  1283   000FCE                     TMR1            equ	4046	;# 
  1284   000FCE                     TMR1L           equ	4046	;# 
  1285   000FCF                     TMR1H           equ	4047	;# 
  1286   000FD0                     RCON            equ	4048	;# 
  1287   000FD1                     WDTCON          equ	4049	;# 
  1288   000FD2                     HLVDCON         equ	4050	;# 
  1289   000FD2                     LVDCON          equ	4050	;# 
  1290   000FD3                     OSCCON          equ	4051	;# 
  1291   000FD5                     T0CON           equ	4053	;# 
  1292   000FD6                     TMR0            equ	4054	;# 
  1293   000FD6                     TMR0L           equ	4054	;# 
  1294   000FD7                     TMR0H           equ	4055	;# 
  1295   000FD8                     STATUS          equ	4056	;# 
  1296   000FD9                     FSR2            equ	4057	;# 
  1297   000FD9                     FSR2L           equ	4057	;# 
  1298   000FDA                     FSR2H           equ	4058	;# 
  1299   000FDB                     PLUSW2          equ	4059	;# 
  1300   000FDC                     PREINC2         equ	4060	;# 
  1301   000FDD                     POSTDEC2        equ	4061	;# 
  1302   000FDE                     POSTINC2        equ	4062	;# 
  1303   000FDF                     INDF2           equ	4063	;# 
  1304   000FE0                     BSR             equ	4064	;# 
  1305   000FE1                     FSR1            equ	4065	;# 
  1306   000FE1                     FSR1L           equ	4065	;# 
  1307   000FE2                     FSR1H           equ	4066	;# 
  1308   000FE3                     PLUSW1          equ	4067	;# 
  1309   000FE4                     PREINC1         equ	4068	;# 
  1310   000FE5                     POSTDEC1        equ	4069	;# 
  1311   000FE6                     POSTINC1        equ	4070	;# 
  1312   000FE7                     INDF1           equ	4071	;# 
  1313   000FE8                     WREG            equ	4072	;# 
  1314   000FE9                     FSR0            equ	4073	;# 
  1315   000FE9                     FSR0L           equ	4073	;# 
  1316   000FEA                     FSR0H           equ	4074	;# 
  1317   000FEB                     PLUSW0          equ	4075	;# 
  1318   000FEC                     PREINC0         equ	4076	;# 
  1319   000FED                     POSTDEC0        equ	4077	;# 
  1320   000FEE                     POSTINC0        equ	4078	;# 
  1321   000FEF                     INDF0           equ	4079	;# 
  1322   000FF0                     INTCON3         equ	4080	;# 
  1323   000FF1                     INTCON2         equ	4081	;# 
  1324   000FF2                     INTCON          equ	4082	;# 
  1325   000FF3                     PROD            equ	4083	;# 
  1326   000FF3                     PRODL           equ	4083	;# 
  1327   000FF4                     PRODH           equ	4084	;# 
  1328   000FF5                     TABLAT          equ	4085	;# 
  1329   000FF6                     TBLPTR          equ	4086	;# 
  1330   000FF6                     TBLPTRL         equ	4086	;# 
  1331   000FF7                     TBLPTRH         equ	4087	;# 
  1332   000FF8                     TBLPTRU         equ	4088	;# 
  1333   000FF9                     PCLAT           equ	4089	;# 
  1334   000FF9                     PC              equ	4089	;# 
  1335   000FF9                     PCL             equ	4089	;# 
  1336   000FFA                     PCLATH          equ	4090	;# 
  1337   000FFB                     PCLATU          equ	4091	;# 
  1338   000FFC                     STKPTR          equ	4092	;# 
  1339   000FFD                     TOS             equ	4093	;# 
  1340   000FFD                     TOSL            equ	4093	;# 
  1341   000FFE                     TOSH            equ	4094	;# 
  1342   000FFF                     TOSU            equ	4095	;# 
  1343   000D60                     RXF6SIDH        equ	3424	;# 
  1344   000D61                     RXF6SIDL        equ	3425	;# 
  1345   000D62                     RXF6EIDH        equ	3426	;# 
  1346   000D63                     RXF6EIDL        equ	3427	;# 
  1347   000D64                     RXF7SIDH        equ	3428	;# 
  1348   000D65                     RXF7SIDL        equ	3429	;# 
  1349   000D66                     RXF7EIDH        equ	3430	;# 
  1350   000D67                     RXF7EIDL        equ	3431	;# 
  1351   000D68                     RXF8SIDH        equ	3432	;# 
  1352   000D69                     RXF8SIDL        equ	3433	;# 
  1353   000D6A                     RXF8EIDH        equ	3434	;# 
  1354   000D6B                     RXF8EIDL        equ	3435	;# 
  1355   000D70                     RXF9SIDH        equ	3440	;# 
  1356   000D71                     RXF9SIDL        equ	3441	;# 
  1357   000D72                     RXF9EIDH        equ	3442	;# 
  1358   000D73                     RXF9EIDL        equ	3443	;# 
  1359   000D74                     RXF10SIDH       equ	3444	;# 
  1360   000D75                     RXF10SIDL       equ	3445	;# 
  1361   000D76                     RXF10EIDH       equ	3446	;# 
  1362   000D77                     RXF10EIDL       equ	3447	;# 
  1363   000D78                     RXF11SIDH       equ	3448	;# 
  1364   000D79                     RXF11SIDL       equ	3449	;# 
  1365   000D7A                     RXF11EIDH       equ	3450	;# 
  1366   000D7B                     RXF11EIDL       equ	3451	;# 
  1367   000D80                     RXF12SIDH       equ	3456	;# 
  1368   000D81                     RXF12SIDL       equ	3457	;# 
  1369   000D82                     RXF12EIDH       equ	3458	;# 
  1370   000D83                     RXF12EIDL       equ	3459	;# 
  1371   000D84                     RXF13SIDH       equ	3460	;# 
  1372   000D85                     RXF13SIDL       equ	3461	;# 
  1373   000D86                     RXF13EIDH       equ	3462	;# 
  1374   000D87                     RXF13EIDL       equ	3463	;# 
  1375   000D88                     RXF14SIDH       equ	3464	;# 
  1376   000D89                     RXF14SIDL       equ	3465	;# 
  1377   000D8A                     RXF14EIDH       equ	3466	;# 
  1378   000D8B                     RXF14EIDL       equ	3467	;# 
  1379   000D90                     RXF15SIDH       equ	3472	;# 
  1380   000D91                     RXF15SIDL       equ	3473	;# 
  1381   000D92                     RXF15EIDH       equ	3474	;# 
  1382   000D93                     RXF15EIDL       equ	3475	;# 
  1383   000DD4                     RXFCON0         equ	3540	;# 
  1384   000DD5                     RXFCON1         equ	3541	;# 
  1385   000DD8                     SDFLC           equ	3544	;# 
  1386   000DE0                     RXFBCON0        equ	3552	;# 
  1387   000DE1                     RXFBCON1        equ	3553	;# 
  1388   000DE2                     RXFBCON2        equ	3554	;# 
  1389   000DE3                     RXFBCON3        equ	3555	;# 
  1390   000DE4                     RXFBCON4        equ	3556	;# 
  1391   000DE5                     RXFBCON5        equ	3557	;# 
  1392   000DE6                     RXFBCON6        equ	3558	;# 
  1393   000DE7                     RXFBCON7        equ	3559	;# 
  1394   000DF0                     MSEL0           equ	3568	;# 
  1395   000DF1                     MSEL1           equ	3569	;# 
  1396   000DF2                     MSEL2           equ	3570	;# 
  1397   000DF3                     MSEL3           equ	3571	;# 
  1398   000DF8                     BSEL0           equ	3576	;# 
  1399   000DFA                     BIE0            equ	3578	;# 
  1400   000DFC                     TXBIE           equ	3580	;# 
  1401   000E20                     B0CON           equ	3616	;# 
  1402   000E21                     B0SIDH          equ	3617	;# 
  1403   000E22                     B0SIDL          equ	3618	;# 
  1404   000E23                     B0EIDH          equ	3619	;# 
  1405   000E24                     B0EIDL          equ	3620	;# 
  1406   000E25                     B0DLC           equ	3621	;# 
  1407   000E26                     B0D0            equ	3622	;# 
  1408   000E27                     B0D1            equ	3623	;# 
  1409   000E28                     B0D2            equ	3624	;# 
  1410   000E29                     B0D3            equ	3625	;# 
  1411   000E2A                     B0D4            equ	3626	;# 
  1412   000E2B                     B0D5            equ	3627	;# 
  1413   000E2C                     B0D6            equ	3628	;# 
  1414   000E2D                     B0D7            equ	3629	;# 
  1415   000E2E                     CANSTAT_RO9     equ	3630	;# 
  1416   000E2F                     CANCON_RO9      equ	3631	;# 
  1417   000E30                     B1CON           equ	3632	;# 
  1418   000E31                     B1SIDH          equ	3633	;# 
  1419   000E32                     B1SIDL          equ	3634	;# 
  1420   000E33                     B1EIDH          equ	3635	;# 
  1421   000E34                     B1EIDL          equ	3636	;# 
  1422   000E35                     B1DLC           equ	3637	;# 
  1423   000E36                     B1D0            equ	3638	;# 
  1424   000E37                     B1D1            equ	3639	;# 
  1425   000E38                     B1D2            equ	3640	;# 
  1426   000E39                     B1D3            equ	3641	;# 
  1427   000E3A                     B1D4            equ	3642	;# 
  1428   000E3B                     B1D5            equ	3643	;# 
  1429   000E3C                     B1D6            equ	3644	;# 
  1430   000E3D                     B1D7            equ	3645	;# 
  1431   000E3E                     CANSTAT_RO8     equ	3646	;# 
  1432   000E3F                     CANCON_RO8      equ	3647	;# 
  1433   000E40                     B2CON           equ	3648	;# 
  1434   000E41                     B2SIDH          equ	3649	;# 
  1435   000E42                     B2SIDL          equ	3650	;# 
  1436   000E43                     B2EIDH          equ	3651	;# 
  1437   000E44                     B2EIDL          equ	3652	;# 
  1438   000E45                     B2DLC           equ	3653	;# 
  1439   000E46                     B2D0            equ	3654	;# 
  1440   000E47                     B2D1            equ	3655	;# 
  1441   000E48                     B2D2            equ	3656	;# 
  1442   000E49                     B2D3            equ	3657	;# 
  1443   000E4A                     B2D4            equ	3658	;# 
  1444   000E4B                     B2D5            equ	3659	;# 
  1445   000E4C                     B2D6            equ	3660	;# 
  1446   000E4D                     B2D7            equ	3661	;# 
  1447   000E4E                     CANSTAT_RO7     equ	3662	;# 
  1448   000E4F                     CANCON_RO7      equ	3663	;# 
  1449   000E50                     B3CON           equ	3664	;# 
  1450   000E51                     B3SIDH          equ	3665	;# 
  1451   000E52                     B3SIDL          equ	3666	;# 
  1452   000E53                     B3EIDH          equ	3667	;# 
  1453   000E54                     B3EIDL          equ	3668	;# 
  1454   000E55                     B3DLC           equ	3669	;# 
  1455   000E56                     B3D0            equ	3670	;# 
  1456   000E57                     B3D1            equ	3671	;# 
  1457   000E58                     B3D2            equ	3672	;# 
  1458   000E59                     B3D3            equ	3673	;# 
  1459   000E5A                     B3D4            equ	3674	;# 
  1460   000E5B                     B3D5            equ	3675	;# 
  1461   000E5C                     B3D6            equ	3676	;# 
  1462   000E5D                     B3D7            equ	3677	;# 
  1463   000E5E                     CANSTAT_RO6     equ	3678	;# 
  1464   000E5F                     CANCON_RO6      equ	3679	;# 
  1465   000E60                     B4CON           equ	3680	;# 
  1466   000E61                     B4SIDH          equ	3681	;# 
  1467   000E62                     B4SIDL          equ	3682	;# 
  1468   000E63                     B4EIDH          equ	3683	;# 
  1469   000E64                     B4EIDL          equ	3684	;# 
  1470   000E65                     B4DLC           equ	3685	;# 
  1471   000E66                     B4D0            equ	3686	;# 
  1472   000E67                     B4D1            equ	3687	;# 
  1473   000E68                     B4D2            equ	3688	;# 
  1474   000E69                     B4D3            equ	3689	;# 
  1475   000E6A                     B4D4            equ	3690	;# 
  1476   000E6B                     B4D5            equ	3691	;# 
  1477   000E6C                     B4D6            equ	3692	;# 
  1478   000E6D                     B4D7            equ	3693	;# 
  1479   000E6E                     CANSTAT_RO5     equ	3694	;# 
  1480   000E6F                     CANCON_RO5      equ	3695	;# 
  1481   000E70                     B5CON           equ	3696	;# 
  1482   000E71                     B5SIDH          equ	3697	;# 
  1483   000E72                     B5SIDL          equ	3698	;# 
  1484   000E73                     B5EIDH          equ	3699	;# 
  1485   000E74                     B5EIDL          equ	3700	;# 
  1486   000E75                     B5DLC           equ	3701	;# 
  1487   000E76                     B5D0            equ	3702	;# 
  1488   000E77                     B5D1            equ	3703	;# 
  1489   000E78                     B5D2            equ	3704	;# 
  1490   000E79                     B5D3            equ	3705	;# 
  1491   000E7A                     B5D4            equ	3706	;# 
  1492   000E7B                     B5D5            equ	3707	;# 
  1493   000E7C                     B5D6            equ	3708	;# 
  1494   000E7D                     B5D7            equ	3709	;# 
  1495   000E7E                     CANSTAT_RO4     equ	3710	;# 
  1496   000E7F                     CANCON_RO4      equ	3711	;# 
  1497   000F00                     RXF0SIDH        equ	3840	;# 
  1498   000F01                     RXF0SIDL        equ	3841	;# 
  1499   000F02                     RXF0EIDH        equ	3842	;# 
  1500   000F03                     RXF0EIDL        equ	3843	;# 
  1501   000F04                     RXF1SIDH        equ	3844	;# 
  1502   000F05                     RXF1SIDL        equ	3845	;# 
  1503   000F06                     RXF1EIDH        equ	3846	;# 
  1504   000F07                     RXF1EIDL        equ	3847	;# 
  1505   000F08                     RXF2SIDH        equ	3848	;# 
  1506   000F09                     RXF2SIDL        equ	3849	;# 
  1507   000F0A                     RXF2EIDH        equ	3850	;# 
  1508   000F0B                     RXF2EIDL        equ	3851	;# 
  1509   000F0C                     RXF3SIDH        equ	3852	;# 
  1510   000F0D                     RXF3SIDL        equ	3853	;# 
  1511   000F0E                     RXF3EIDH        equ	3854	;# 
  1512   000F0F                     RXF3EIDL        equ	3855	;# 
  1513   000F10                     RXF4SIDH        equ	3856	;# 
  1514   000F11                     RXF4SIDL        equ	3857	;# 
  1515   000F12                     RXF4EIDH        equ	3858	;# 
  1516   000F13                     RXF4EIDL        equ	3859	;# 
  1517   000F14                     RXF5SIDH        equ	3860	;# 
  1518   000F15                     RXF5SIDL        equ	3861	;# 
  1519   000F16                     RXF5EIDH        equ	3862	;# 
  1520   000F17                     RXF5EIDL        equ	3863	;# 
  1521   000F18                     RXM0SIDH        equ	3864	;# 
  1522   000F19                     RXM0SIDL        equ	3865	;# 
  1523   000F1A                     RXM0EIDH        equ	3866	;# 
  1524   000F1B                     RXM0EIDL        equ	3867	;# 
  1525   000F1C                     RXM1SIDH        equ	3868	;# 
  1526   000F1D                     RXM1SIDL        equ	3869	;# 
  1527   000F1E                     RXM1EIDH        equ	3870	;# 
  1528   000F1F                     RXM1EIDL        equ	3871	;# 
  1529   000F20                     TXB2CON         equ	3872	;# 
  1530   000F21                     TXB2SIDH        equ	3873	;# 
  1531   000F22                     TXB2SIDL        equ	3874	;# 
  1532   000F23                     TXB2EIDH        equ	3875	;# 
  1533   000F24                     TXB2EIDL        equ	3876	;# 
  1534   000F25                     TXB2DLC         equ	3877	;# 
  1535   000F26                     TXB2D0          equ	3878	;# 
  1536   000F27                     TXB2D1          equ	3879	;# 
  1537   000F28                     TXB2D2          equ	3880	;# 
  1538   000F29                     TXB2D3          equ	3881	;# 
  1539   000F2A                     TXB2D4          equ	3882	;# 
  1540   000F2B                     TXB2D5          equ	3883	;# 
  1541   000F2C                     TXB2D6          equ	3884	;# 
  1542   000F2D                     TXB2D7          equ	3885	;# 
  1543   000F2E                     CANSTAT_RO3     equ	3886	;# 
  1544   000F2F                     CANCON_RO3      equ	3887	;# 
  1545   000F30                     TXB1CON         equ	3888	;# 
  1546   000F31                     TXB1SIDH        equ	3889	;# 
  1547   000F32                     TXB1SIDL        equ	3890	;# 
  1548   000F33                     TXB1EIDH        equ	3891	;# 
  1549   000F34                     TXB1EIDL        equ	3892	;# 
  1550   000F35                     TXB1DLC         equ	3893	;# 
  1551   000F36                     TXB1D0          equ	3894	;# 
  1552   000F37                     TXB1D1          equ	3895	;# 
  1553   000F38                     TXB1D2          equ	3896	;# 
  1554   000F39                     TXB1D3          equ	3897	;# 
  1555   000F3A                     TXB1D4          equ	3898	;# 
  1556   000F3B                     TXB1D5          equ	3899	;# 
  1557   000F3C                     TXB1D6          equ	3900	;# 
  1558   000F3D                     TXB1D7          equ	3901	;# 
  1559   000F3E                     CANSTAT_RO2     equ	3902	;# 
  1560   000F3F                     CANCON_RO2      equ	3903	;# 
  1561   000F40                     TXB0CON         equ	3904	;# 
  1562   000F41                     TXB0SIDH        equ	3905	;# 
  1563   000F42                     TXB0SIDL        equ	3906	;# 
  1564   000F43                     TXB0EIDH        equ	3907	;# 
  1565   000F44                     TXB0EIDL        equ	3908	;# 
  1566   000F45                     TXB0DLC         equ	3909	;# 
  1567   000F46                     TXB0D0          equ	3910	;# 
  1568   000F47                     TXB0D1          equ	3911	;# 
  1569   000F48                     TXB0D2          equ	3912	;# 
  1570   000F49                     TXB0D3          equ	3913	;# 
  1571   000F4A                     TXB0D4          equ	3914	;# 
  1572   000F4B                     TXB0D5          equ	3915	;# 
  1573   000F4C                     TXB0D6          equ	3916	;# 
  1574   000F4D                     TXB0D7          equ	3917	;# 
  1575   000F4E                     CANSTAT_RO1     equ	3918	;# 
  1576   000F4F                     CANCON_RO1      equ	3919	;# 
  1577   000F50                     RXB1CON         equ	3920	;# 
  1578   000F51                     RXB1SIDH        equ	3921	;# 
  1579   000F52                     RXB1SIDL        equ	3922	;# 
  1580   000F53                     RXB1EIDH        equ	3923	;# 
  1581   000F54                     RXB1EIDL        equ	3924	;# 
  1582   000F55                     RXB1DLC         equ	3925	;# 
  1583   000F56                     RXB1D0          equ	3926	;# 
  1584   000F57                     RXB1D1          equ	3927	;# 
  1585   000F58                     RXB1D2          equ	3928	;# 
  1586   000F59                     RXB1D3          equ	3929	;# 
  1587   000F5A                     RXB1D4          equ	3930	;# 
  1588   000F5B                     RXB1D5          equ	3931	;# 
  1589   000F5C                     RXB1D6          equ	3932	;# 
  1590   000F5D                     RXB1D7          equ	3933	;# 
  1591   000F5E                     CANSTAT_RO0     equ	3934	;# 
  1592   000F5F                     CANCON_RO0      equ	3935	;# 
  1593   000F60                     RXB0CON         equ	3936	;# 
  1594   000F61                     RXB0SIDH        equ	3937	;# 
  1595   000F62                     RXB0SIDL        equ	3938	;# 
  1596   000F63                     RXB0EIDH        equ	3939	;# 
  1597   000F64                     RXB0EIDL        equ	3940	;# 
  1598   000F65                     RXB0DLC         equ	3941	;# 
  1599   000F66                     RXB0D0          equ	3942	;# 
  1600   000F67                     RXB0D1          equ	3943	;# 
  1601   000F68                     RXB0D2          equ	3944	;# 
  1602   000F69                     RXB0D3          equ	3945	;# 
  1603   000F6A                     RXB0D4          equ	3946	;# 
  1604   000F6B                     RXB0D5          equ	3947	;# 
  1605   000F6C                     RXB0D6          equ	3948	;# 
  1606   000F6D                     RXB0D7          equ	3949	;# 
  1607   000F6E                     CANSTAT         equ	3950	;# 
  1608   000F6F                     CANCON          equ	3951	;# 
  1609   000F70                     BRGCON1         equ	3952	;# 
  1610   000F71                     BRGCON2         equ	3953	;# 
  1611   000F72                     BRGCON3         equ	3954	;# 
  1612   000F73                     CIOCON          equ	3955	;# 
  1613   000F74                     COMSTAT         equ	3956	;# 
  1614   000F75                     RXERRCNT        equ	3957	;# 
  1615   000F76                     TXERRCNT        equ	3958	;# 
  1616   000F77                     ECANCON         equ	3959	;# 
  1617   000F80                     PORTA           equ	3968	;# 
  1618   000F81                     PORTB           equ	3969	;# 
  1619   000F82                     PORTC           equ	3970	;# 
  1620   000F83                     PORTD           equ	3971	;# 
  1621   000F84                     PORTE           equ	3972	;# 
  1622   000F89                     LATA            equ	3977	;# 
  1623   000F8A                     LATB            equ	3978	;# 
  1624   000F8B                     LATC            equ	3979	;# 
  1625   000F8C                     LATD            equ	3980	;# 
  1626   000F8D                     LATE            equ	3981	;# 
  1627   000F92                     TRISA           equ	3986	;# 
  1628   000F92                     DDRA            equ	3986	;# 
  1629   000F93                     TRISB           equ	3987	;# 
  1630   000F93                     DDRB            equ	3987	;# 
  1631   000F94                     TRISC           equ	3988	;# 
  1632   000F94                     DDRC            equ	3988	;# 
  1633   000F95                     TRISD           equ	3989	;# 
  1634   000F95                     DDRD            equ	3989	;# 
  1635   000F96                     TRISE           equ	3990	;# 
  1636   000F96                     DDRE            equ	3990	;# 
  1637   000F9B                     OSCTUNE         equ	3995	;# 
  1638   000F9D                     PIE1            equ	3997	;# 
  1639   000F9E                     PIR1            equ	3998	;# 
  1640   000F9F                     IPR1            equ	3999	;# 
  1641   000FA0                     PIE2            equ	4000	;# 
  1642   000FA1                     PIR2            equ	4001	;# 
  1643   000FA2                     IPR2            equ	4002	;# 
  1644   000FA3                     PIE3            equ	4003	;# 
  1645   000FA4                     PIR3            equ	4004	;# 
  1646   000FA5                     IPR3            equ	4005	;# 
  1647   000FA6                     EECON1          equ	4006	;# 
  1648   000FA7                     EECON2          equ	4007	;# 
  1649   000FA8                     EEDATA          equ	4008	;# 
  1650   000FA9                     EEADR           equ	4009	;# 
  1651   000FAB                     RCSTA           equ	4011	;# 
  1652   000FAB                     RCSTA1          equ	4011	;# 
  1653   000FAC                     TXSTA           equ	4012	;# 
  1654   000FAC                     TXSTA1          equ	4012	;# 
  1655   000FAD                     TXREG           equ	4013	;# 
  1656   000FAD                     TXREG1          equ	4013	;# 
  1657   000FAE                     RCREG           equ	4014	;# 
  1658   000FAE                     RCREG1          equ	4014	;# 
  1659   000FAF                     SPBRG           equ	4015	;# 
  1660   000FAF                     SPBRG1          equ	4015	;# 
  1661   000FB0                     SPBRGH          equ	4016	;# 
  1662   000FB1                     T3CON           equ	4017	;# 
  1663   000FB2                     TMR3            equ	4018	;# 
  1664   000FB2                     TMR3L           equ	4018	;# 
  1665   000FB3                     TMR3H           equ	4019	;# 
  1666   000FB4                     CMCON           equ	4020	;# 
  1667   000FB5                     CVRCON          equ	4021	;# 
  1668   000FB6                     ECCP1AS         equ	4022	;# 
  1669   000FB7                     ECCP1DEL        equ	4023	;# 
  1670   000FB8                     BAUDCON         equ	4024	;# 
  1671   000FB8                     BAUDCTL         equ	4024	;# 
  1672   000FBA                     ECCP1CON        equ	4026	;# 
  1673   000FBB                     ECCPR1          equ	4027	;# 
  1674   000FBB                     ECCPR1L         equ	4027	;# 
  1675   000FBC                     ECCPR1H         equ	4028	;# 
  1676   000FBD                     CCP1CON         equ	4029	;# 
  1677   000FBE                     CCPR1           equ	4030	;# 
  1678   000FBE                     CCPR1L          equ	4030	;# 
  1679   000FBF                     CCPR1H          equ	4031	;# 
  1680   000FC0                     ADCON2          equ	4032	;# 
  1681   000FC1                     ADCON1          equ	4033	;# 
  1682   000FC2                     ADCON0          equ	4034	;# 
  1683   000FC3                     ADRES           equ	4035	;# 
  1684   000FC3                     ADRESL          equ	4035	;# 
  1685   000FC4                     ADRESH          equ	4036	;# 
  1686   000FC5                     SSPCON2         equ	4037	;# 
  1687   000FC6                     SSPCON1         equ	4038	;# 
  1688   000FC7                     SSPSTAT         equ	4039	;# 
  1689   000FC8                     SSPADD          equ	4040	;# 
  1690   000FC9                     SSPBUF          equ	4041	;# 
  1691   000FCA                     T2CON           equ	4042	;# 
  1692   000FCB                     PR2             equ	4043	;# 
  1693   000FCB                     MEMCON          equ	4043	;# 
  1694   000FCC                     TMR2            equ	4044	;# 
  1695   000FCD                     T1CON           equ	4045	;# 
  1696   000FCE                     TMR1            equ	4046	;# 
  1697   000FCE                     TMR1L           equ	4046	;# 
  1698   000FCF                     TMR1H           equ	4047	;# 
  1699   000FD0                     RCON            equ	4048	;# 
  1700   000FD1                     WDTCON          equ	4049	;# 
  1701   000FD2                     HLVDCON         equ	4050	;# 
  1702   000FD2                     LVDCON          equ	4050	;# 
  1703   000FD3                     OSCCON          equ	4051	;# 
  1704   000FD5                     T0CON           equ	4053	;# 
  1705   000FD6                     TMR0            equ	4054	;# 
  1706   000FD6                     TMR0L           equ	4054	;# 
  1707   000FD7                     TMR0H           equ	4055	;# 
  1708   000FD8                     STATUS          equ	4056	;# 
  1709   000FD9                     FSR2            equ	4057	;# 
  1710   000FD9                     FSR2L           equ	4057	;# 
  1711   000FDA                     FSR2H           equ	4058	;# 
  1712   000FDB                     PLUSW2          equ	4059	;# 
  1713   000FDC                     PREINC2         equ	4060	;# 
  1714   000FDD                     POSTDEC2        equ	4061	;# 
  1715   000FDE                     POSTINC2        equ	4062	;# 
  1716   000FDF                     INDF2           equ	4063	;# 
  1717   000FE0                     BSR             equ	4064	;# 
  1718   000FE1                     FSR1            equ	4065	;# 
  1719   000FE1                     FSR1L           equ	4065	;# 
  1720   000FE2                     FSR1H           equ	4066	;# 
  1721   000FE3                     PLUSW1          equ	4067	;# 
  1722   000FE4                     PREINC1         equ	4068	;# 
  1723   000FE5                     POSTDEC1        equ	4069	;# 
  1724   000FE6                     POSTINC1        equ	4070	;# 
  1725   000FE7                     INDF1           equ	4071	;# 
  1726   000FE8                     WREG            equ	4072	;# 
  1727   000FE9                     FSR0            equ	4073	;# 
  1728   000FE9                     FSR0L           equ	4073	;# 
  1729   000FEA                     FSR0H           equ	4074	;# 
  1730   000FEB                     PLUSW0          equ	4075	;# 
  1731   000FEC                     PREINC0         equ	4076	;# 
  1732   000FED                     POSTDEC0        equ	4077	;# 
  1733   000FEE                     POSTINC0        equ	4078	;# 
  1734   000FEF                     INDF0           equ	4079	;# 
  1735   000FF0                     INTCON3         equ	4080	;# 
  1736   000FF1                     INTCON2         equ	4081	;# 
  1737   000FF2                     INTCON          equ	4082	;# 
  1738   000FF3                     PROD            equ	4083	;# 
  1739   000FF3                     PRODL           equ	4083	;# 
  1740   000FF4                     PRODH           equ	4084	;# 
  1741   000FF5                     TABLAT          equ	4085	;# 
  1742   000FF6                     TBLPTR          equ	4086	;# 
  1743   000FF6                     TBLPTRL         equ	4086	;# 
  1744   000FF7                     TBLPTRH         equ	4087	;# 
  1745   000FF8                     TBLPTRU         equ	4088	;# 
  1746   000FF9                     PCLAT           equ	4089	;# 
  1747   000FF9                     PC              equ	4089	;# 
  1748   000FF9                     PCL             equ	4089	;# 
  1749   000FFA                     PCLATH          equ	4090	;# 
  1750   000FFB                     PCLATU          equ	4091	;# 
  1751   000FFC                     STKPTR          equ	4092	;# 
  1752   000FFD                     TOS             equ	4093	;# 
  1753   000FFD                     TOSL            equ	4093	;# 
  1754   000FFE                     TOSH            equ	4094	;# 
  1755   000FFF                     TOSU            equ	4095	;# 
  1756   000D60                     RXF6SIDH        equ	3424	;# 
  1757   000D61                     RXF6SIDL        equ	3425	;# 
  1758   000D62                     RXF6EIDH        equ	3426	;# 
  1759   000D63                     RXF6EIDL        equ	3427	;# 
  1760   000D64                     RXF7SIDH        equ	3428	;# 
  1761   000D65                     RXF7SIDL        equ	3429	;# 
  1762   000D66                     RXF7EIDH        equ	3430	;# 
  1763   000D67                     RXF7EIDL        equ	3431	;# 
  1764   000D68                     RXF8SIDH        equ	3432	;# 
  1765   000D69                     RXF8SIDL        equ	3433	;# 
  1766   000D6A                     RXF8EIDH        equ	3434	;# 
  1767   000D6B                     RXF8EIDL        equ	3435	;# 
  1768   000D70                     RXF9SIDH        equ	3440	;# 
  1769   000D71                     RXF9SIDL        equ	3441	;# 
  1770   000D72                     RXF9EIDH        equ	3442	;# 
  1771   000D73                     RXF9EIDL        equ	3443	;# 
  1772   000D74                     RXF10SIDH       equ	3444	;# 
  1773   000D75                     RXF10SIDL       equ	3445	;# 
  1774   000D76                     RXF10EIDH       equ	3446	;# 
  1775   000D77                     RXF10EIDL       equ	3447	;# 
  1776   000D78                     RXF11SIDH       equ	3448	;# 
  1777   000D79                     RXF11SIDL       equ	3449	;# 
  1778   000D7A                     RXF11EIDH       equ	3450	;# 
  1779   000D7B                     RXF11EIDL       equ	3451	;# 
  1780   000D80                     RXF12SIDH       equ	3456	;# 
  1781   000D81                     RXF12SIDL       equ	3457	;# 
  1782   000D82                     RXF12EIDH       equ	3458	;# 
  1783   000D83                     RXF12EIDL       equ	3459	;# 
  1784   000D84                     RXF13SIDH       equ	3460	;# 
  1785   000D85                     RXF13SIDL       equ	3461	;# 
  1786   000D86                     RXF13EIDH       equ	3462	;# 
  1787   000D87                     RXF13EIDL       equ	3463	;# 
  1788   000D88                     RXF14SIDH       equ	3464	;# 
  1789   000D89                     RXF14SIDL       equ	3465	;# 
  1790   000D8A                     RXF14EIDH       equ	3466	;# 
  1791   000D8B                     RXF14EIDL       equ	3467	;# 
  1792   000D90                     RXF15SIDH       equ	3472	;# 
  1793   000D91                     RXF15SIDL       equ	3473	;# 
  1794   000D92                     RXF15EIDH       equ	3474	;# 
  1795   000D93                     RXF15EIDL       equ	3475	;# 
  1796   000DD4                     RXFCON0         equ	3540	;# 
  1797   000DD5                     RXFCON1         equ	3541	;# 
  1798   000DD8                     SDFLC           equ	3544	;# 
  1799   000DE0                     RXFBCON0        equ	3552	;# 
  1800   000DE1                     RXFBCON1        equ	3553	;# 
  1801   000DE2                     RXFBCON2        equ	3554	;# 
  1802   000DE3                     RXFBCON3        equ	3555	;# 
  1803   000DE4                     RXFBCON4        equ	3556	;# 
  1804   000DE5                     RXFBCON5        equ	3557	;# 
  1805   000DE6                     RXFBCON6        equ	3558	;# 
  1806   000DE7                     RXFBCON7        equ	3559	;# 
  1807   000DF0                     MSEL0           equ	3568	;# 
  1808   000DF1                     MSEL1           equ	3569	;# 
  1809   000DF2                     MSEL2           equ	3570	;# 
  1810   000DF3                     MSEL3           equ	3571	;# 
  1811   000DF8                     BSEL0           equ	3576	;# 
  1812   000DFA                     BIE0            equ	3578	;# 
  1813   000DFC                     TXBIE           equ	3580	;# 
  1814   000E20                     B0CON           equ	3616	;# 
  1815   000E21                     B0SIDH          equ	3617	;# 
  1816   000E22                     B0SIDL          equ	3618	;# 
  1817   000E23                     B0EIDH          equ	3619	;# 
  1818   000E24                     B0EIDL          equ	3620	;# 
  1819   000E25                     B0DLC           equ	3621	;# 
  1820   000E26                     B0D0            equ	3622	;# 
  1821   000E27                     B0D1            equ	3623	;# 
  1822   000E28                     B0D2            equ	3624	;# 
  1823   000E29                     B0D3            equ	3625	;# 
  1824   000E2A                     B0D4            equ	3626	;# 
  1825   000E2B                     B0D5            equ	3627	;# 
  1826   000E2C                     B0D6            equ	3628	;# 
  1827   000E2D                     B0D7            equ	3629	;# 
  1828   000E2E                     CANSTAT_RO9     equ	3630	;# 
  1829   000E2F                     CANCON_RO9      equ	3631	;# 
  1830   000E30                     B1CON           equ	3632	;# 
  1831   000E31                     B1SIDH          equ	3633	;# 
  1832   000E32                     B1SIDL          equ	3634	;# 
  1833   000E33                     B1EIDH          equ	3635	;# 
  1834   000E34                     B1EIDL          equ	3636	;# 
  1835   000E35                     B1DLC           equ	3637	;# 
  1836   000E36                     B1D0            equ	3638	;# 
  1837   000E37                     B1D1            equ	3639	;# 
  1838   000E38                     B1D2            equ	3640	;# 
  1839   000E39                     B1D3            equ	3641	;# 
  1840   000E3A                     B1D4            equ	3642	;# 
  1841   000E3B                     B1D5            equ	3643	;# 
  1842   000E3C                     B1D6            equ	3644	;# 
  1843   000E3D                     B1D7            equ	3645	;# 
  1844   000E3E                     CANSTAT_RO8     equ	3646	;# 
  1845   000E3F                     CANCON_RO8      equ	3647	;# 
  1846   000E40                     B2CON           equ	3648	;# 
  1847   000E41                     B2SIDH          equ	3649	;# 
  1848   000E42                     B2SIDL          equ	3650	;# 
  1849   000E43                     B2EIDH          equ	3651	;# 
  1850   000E44                     B2EIDL          equ	3652	;# 
  1851   000E45                     B2DLC           equ	3653	;# 
  1852   000E46                     B2D0            equ	3654	;# 
  1853   000E47                     B2D1            equ	3655	;# 
  1854   000E48                     B2D2            equ	3656	;# 
  1855   000E49                     B2D3            equ	3657	;# 
  1856   000E4A                     B2D4            equ	3658	;# 
  1857   000E4B                     B2D5            equ	3659	;# 
  1858   000E4C                     B2D6            equ	3660	;# 
  1859   000E4D                     B2D7            equ	3661	;# 
  1860   000E4E                     CANSTAT_RO7     equ	3662	;# 
  1861   000E4F                     CANCON_RO7      equ	3663	;# 
  1862   000E50                     B3CON           equ	3664	;# 
  1863   000E51                     B3SIDH          equ	3665	;# 
  1864   000E52                     B3SIDL          equ	3666	;# 
  1865   000E53                     B3EIDH          equ	3667	;# 
  1866   000E54                     B3EIDL          equ	3668	;# 
  1867   000E55                     B3DLC           equ	3669	;# 
  1868   000E56                     B3D0            equ	3670	;# 
  1869   000E57                     B3D1            equ	3671	;# 
  1870   000E58                     B3D2            equ	3672	;# 
  1871   000E59                     B3D3            equ	3673	;# 
  1872   000E5A                     B3D4            equ	3674	;# 
  1873   000E5B                     B3D5            equ	3675	;# 
  1874   000E5C                     B3D6            equ	3676	;# 
  1875   000E5D                     B3D7            equ	3677	;# 
  1876   000E5E                     CANSTAT_RO6     equ	3678	;# 
  1877   000E5F                     CANCON_RO6      equ	3679	;# 
  1878   000E60                     B4CON           equ	3680	;# 
  1879   000E61                     B4SIDH          equ	3681	;# 
  1880   000E62                     B4SIDL          equ	3682	;# 
  1881   000E63                     B4EIDH          equ	3683	;# 
  1882   000E64                     B4EIDL          equ	3684	;# 
  1883   000E65                     B4DLC           equ	3685	;# 
  1884   000E66                     B4D0            equ	3686	;# 
  1885   000E67                     B4D1            equ	3687	;# 
  1886   000E68                     B4D2            equ	3688	;# 
  1887   000E69                     B4D3            equ	3689	;# 
  1888   000E6A                     B4D4            equ	3690	;# 
  1889   000E6B                     B4D5            equ	3691	;# 
  1890   000E6C                     B4D6            equ	3692	;# 
  1891   000E6D                     B4D7            equ	3693	;# 
  1892   000E6E                     CANSTAT_RO5     equ	3694	;# 
  1893   000E6F                     CANCON_RO5      equ	3695	;# 
  1894   000E70                     B5CON           equ	3696	;# 
  1895   000E71                     B5SIDH          equ	3697	;# 
  1896   000E72                     B5SIDL          equ	3698	;# 
  1897   000E73                     B5EIDH          equ	3699	;# 
  1898   000E74                     B5EIDL          equ	3700	;# 
  1899   000E75                     B5DLC           equ	3701	;# 
  1900   000E76                     B5D0            equ	3702	;# 
  1901   000E77                     B5D1            equ	3703	;# 
  1902   000E78                     B5D2            equ	3704	;# 
  1903   000E79                     B5D3            equ	3705	;# 
  1904   000E7A                     B5D4            equ	3706	;# 
  1905   000E7B                     B5D5            equ	3707	;# 
  1906   000E7C                     B5D6            equ	3708	;# 
  1907   000E7D                     B5D7            equ	3709	;# 
  1908   000E7E                     CANSTAT_RO4     equ	3710	;# 
  1909   000E7F                     CANCON_RO4      equ	3711	;# 
  1910   000F00                     RXF0SIDH        equ	3840	;# 
  1911   000F01                     RXF0SIDL        equ	3841	;# 
  1912   000F02                     RXF0EIDH        equ	3842	;# 
  1913   000F03                     RXF0EIDL        equ	3843	;# 
  1914   000F04                     RXF1SIDH        equ	3844	;# 
  1915   000F05                     RXF1SIDL        equ	3845	;# 
  1916   000F06                     RXF1EIDH        equ	3846	;# 
  1917   000F07                     RXF1EIDL        equ	3847	;# 
  1918   000F08                     RXF2SIDH        equ	3848	;# 
  1919   000F09                     RXF2SIDL        equ	3849	;# 
  1920   000F0A                     RXF2EIDH        equ	3850	;# 
  1921   000F0B                     RXF2EIDL        equ	3851	;# 
  1922   000F0C                     RXF3SIDH        equ	3852	;# 
  1923   000F0D                     RXF3SIDL        equ	3853	;# 
  1924   000F0E                     RXF3EIDH        equ	3854	;# 
  1925   000F0F                     RXF3EIDL        equ	3855	;# 
  1926   000F10                     RXF4SIDH        equ	3856	;# 
  1927   000F11                     RXF4SIDL        equ	3857	;# 
  1928   000F12                     RXF4EIDH        equ	3858	;# 
  1929   000F13                     RXF4EIDL        equ	3859	;# 
  1930   000F14                     RXF5SIDH        equ	3860	;# 
  1931   000F15                     RXF5SIDL        equ	3861	;# 
  1932   000F16                     RXF5EIDH        equ	3862	;# 
  1933   000F17                     RXF5EIDL        equ	3863	;# 
  1934   000F18                     RXM0SIDH        equ	3864	;# 
  1935   000F19                     RXM0SIDL        equ	3865	;# 
  1936   000F1A                     RXM0EIDH        equ	3866	;# 
  1937   000F1B                     RXM0EIDL        equ	3867	;# 
  1938   000F1C                     RXM1SIDH        equ	3868	;# 
  1939   000F1D                     RXM1SIDL        equ	3869	;# 
  1940   000F1E                     RXM1EIDH        equ	3870	;# 
  1941   000F1F                     RXM1EIDL        equ	3871	;# 
  1942   000F20                     TXB2CON         equ	3872	;# 
  1943   000F21                     TXB2SIDH        equ	3873	;# 
  1944   000F22                     TXB2SIDL        equ	3874	;# 
  1945   000F23                     TXB2EIDH        equ	3875	;# 
  1946   000F24                     TXB2EIDL        equ	3876	;# 
  1947   000F25                     TXB2DLC         equ	3877	;# 
  1948   000F26                     TXB2D0          equ	3878	;# 
  1949   000F27                     TXB2D1          equ	3879	;# 
  1950   000F28                     TXB2D2          equ	3880	;# 
  1951   000F29                     TXB2D3          equ	3881	;# 
  1952   000F2A                     TXB2D4          equ	3882	;# 
  1953   000F2B                     TXB2D5          equ	3883	;# 
  1954   000F2C                     TXB2D6          equ	3884	;# 
  1955   000F2D                     TXB2D7          equ	3885	;# 
  1956   000F2E                     CANSTAT_RO3     equ	3886	;# 
  1957   000F2F                     CANCON_RO3      equ	3887	;# 
  1958   000F30                     TXB1CON         equ	3888	;# 
  1959   000F31                     TXB1SIDH        equ	3889	;# 
  1960   000F32                     TXB1SIDL        equ	3890	;# 
  1961   000F33                     TXB1EIDH        equ	3891	;# 
  1962   000F34                     TXB1EIDL        equ	3892	;# 
  1963   000F35                     TXB1DLC         equ	3893	;# 
  1964   000F36                     TXB1D0          equ	3894	;# 
  1965   000F37                     TXB1D1          equ	3895	;# 
  1966   000F38                     TXB1D2          equ	3896	;# 
  1967   000F39                     TXB1D3          equ	3897	;# 
  1968   000F3A                     TXB1D4          equ	3898	;# 
  1969   000F3B                     TXB1D5          equ	3899	;# 
  1970   000F3C                     TXB1D6          equ	3900	;# 
  1971   000F3D                     TXB1D7          equ	3901	;# 
  1972   000F3E                     CANSTAT_RO2     equ	3902	;# 
  1973   000F3F                     CANCON_RO2      equ	3903	;# 
  1974   000F40                     TXB0CON         equ	3904	;# 
  1975   000F41                     TXB0SIDH        equ	3905	;# 
  1976   000F42                     TXB0SIDL        equ	3906	;# 
  1977   000F43                     TXB0EIDH        equ	3907	;# 
  1978   000F44                     TXB0EIDL        equ	3908	;# 
  1979   000F45                     TXB0DLC         equ	3909	;# 
  1980   000F46                     TXB0D0          equ	3910	;# 
  1981   000F47                     TXB0D1          equ	3911	;# 
  1982   000F48                     TXB0D2          equ	3912	;# 
  1983   000F49                     TXB0D3          equ	3913	;# 
  1984   000F4A                     TXB0D4          equ	3914	;# 
  1985   000F4B                     TXB0D5          equ	3915	;# 
  1986   000F4C                     TXB0D6          equ	3916	;# 
  1987   000F4D                     TXB0D7          equ	3917	;# 
  1988   000F4E                     CANSTAT_RO1     equ	3918	;# 
  1989   000F4F                     CANCON_RO1      equ	3919	;# 
  1990   000F50                     RXB1CON         equ	3920	;# 
  1991   000F51                     RXB1SIDH        equ	3921	;# 
  1992   000F52                     RXB1SIDL        equ	3922	;# 
  1993   000F53                     RXB1EIDH        equ	3923	;# 
  1994   000F54                     RXB1EIDL        equ	3924	;# 
  1995   000F55                     RXB1DLC         equ	3925	;# 
  1996   000F56                     RXB1D0          equ	3926	;# 
  1997   000F57                     RXB1D1          equ	3927	;# 
  1998   000F58                     RXB1D2          equ	3928	;# 
  1999   000F59                     RXB1D3          equ	3929	;# 
  2000   000F5A                     RXB1D4          equ	3930	;# 
  2001   000F5B                     RXB1D5          equ	3931	;# 
  2002   000F5C                     RXB1D6          equ	3932	;# 
  2003   000F5D                     RXB1D7          equ	3933	;# 
  2004   000F5E                     CANSTAT_RO0     equ	3934	;# 
  2005   000F5F                     CANCON_RO0      equ	3935	;# 
  2006   000F60                     RXB0CON         equ	3936	;# 
  2007   000F61                     RXB0SIDH        equ	3937	;# 
  2008   000F62                     RXB0SIDL        equ	3938	;# 
  2009   000F63                     RXB0EIDH        equ	3939	;# 
  2010   000F64                     RXB0EIDL        equ	3940	;# 
  2011   000F65                     RXB0DLC         equ	3941	;# 
  2012   000F66                     RXB0D0          equ	3942	;# 
  2013   000F67                     RXB0D1          equ	3943	;# 
  2014   000F68                     RXB0D2          equ	3944	;# 
  2015   000F69                     RXB0D3          equ	3945	;# 
  2016   000F6A                     RXB0D4          equ	3946	;# 
  2017   000F6B                     RXB0D5          equ	3947	;# 
  2018   000F6C                     RXB0D6          equ	3948	;# 
  2019   000F6D                     RXB0D7          equ	3949	;# 
  2020   000F6E                     CANSTAT         equ	3950	;# 
  2021   000F6F                     CANCON          equ	3951	;# 
  2022   000F70                     BRGCON1         equ	3952	;# 
  2023   000F71                     BRGCON2         equ	3953	;# 
  2024   000F72                     BRGCON3         equ	3954	;# 
  2025   000F73                     CIOCON          equ	3955	;# 
  2026   000F74                     COMSTAT         equ	3956	;# 
  2027   000F75                     RXERRCNT        equ	3957	;# 
  2028   000F76                     TXERRCNT        equ	3958	;# 
  2029   000F77                     ECANCON         equ	3959	;# 
  2030   000F80                     PORTA           equ	3968	;# 
  2031   000F81                     PORTB           equ	3969	;# 
  2032   000F82                     PORTC           equ	3970	;# 
  2033   000F83                     PORTD           equ	3971	;# 
  2034   000F84                     PORTE           equ	3972	;# 
  2035   000F89                     LATA            equ	3977	;# 
  2036   000F8A                     LATB            equ	3978	;# 
  2037   000F8B                     LATC            equ	3979	;# 
  2038   000F8C                     LATD            equ	3980	;# 
  2039   000F8D                     LATE            equ	3981	;# 
  2040   000F92                     TRISA           equ	3986	;# 
  2041   000F92                     DDRA            equ	3986	;# 
  2042   000F93                     TRISB           equ	3987	;# 
  2043   000F93                     DDRB            equ	3987	;# 
  2044   000F94                     TRISC           equ	3988	;# 
  2045   000F94                     DDRC            equ	3988	;# 
  2046   000F95                     TRISD           equ	3989	;# 
  2047   000F95                     DDRD            equ	3989	;# 
  2048   000F96                     TRISE           equ	3990	;# 
  2049   000F96                     DDRE            equ	3990	;# 
  2050   000F9B                     OSCTUNE         equ	3995	;# 
  2051   000F9D                     PIE1            equ	3997	;# 
  2052   000F9E                     PIR1            equ	3998	;# 
  2053   000F9F                     IPR1            equ	3999	;# 
  2054   000FA0                     PIE2            equ	4000	;# 
  2055   000FA1                     PIR2            equ	4001	;# 
  2056   000FA2                     IPR2            equ	4002	;# 
  2057   000FA3                     PIE3            equ	4003	;# 
  2058   000FA4                     PIR3            equ	4004	;# 
  2059   000FA5                     IPR3            equ	4005	;# 
  2060   000FA6                     EECON1          equ	4006	;# 
  2061   000FA7                     EECON2          equ	4007	;# 
  2062   000FA8                     EEDATA          equ	4008	;# 
  2063   000FA9                     EEADR           equ	4009	;# 
  2064   000FAB                     RCSTA           equ	4011	;# 
  2065   000FAB                     RCSTA1          equ	4011	;# 
  2066   000FAC                     TXSTA           equ	4012	;# 
  2067   000FAC                     TXSTA1          equ	4012	;# 
  2068   000FAD                     TXREG           equ	4013	;# 
  2069   000FAD                     TXREG1          equ	4013	;# 
  2070   000FAE                     RCREG           equ	4014	;# 
  2071   000FAE                     RCREG1          equ	4014	;# 
  2072   000FAF                     SPBRG           equ	4015	;# 
  2073   000FAF                     SPBRG1          equ	4015	;# 
  2074   000FB0                     SPBRGH          equ	4016	;# 
  2075   000FB1                     T3CON           equ	4017	;# 
  2076   000FB2                     TMR3            equ	4018	;# 
  2077   000FB2                     TMR3L           equ	4018	;# 
  2078   000FB3                     TMR3H           equ	4019	;# 
  2079   000FB4                     CMCON           equ	4020	;# 
  2080   000FB5                     CVRCON          equ	4021	;# 
  2081   000FB6                     ECCP1AS         equ	4022	;# 
  2082   000FB7                     ECCP1DEL        equ	4023	;# 
  2083   000FB8                     BAUDCON         equ	4024	;# 
  2084   000FB8                     BAUDCTL         equ	4024	;# 
  2085   000FBA                     ECCP1CON        equ	4026	;# 
  2086   000FBB                     ECCPR1          equ	4027	;# 
  2087   000FBB                     ECCPR1L         equ	4027	;# 
  2088   000FBC                     ECCPR1H         equ	4028	;# 
  2089   000FBD                     CCP1CON         equ	4029	;# 
  2090   000FBE                     CCPR1           equ	4030	;# 
  2091   000FBE                     CCPR1L          equ	4030	;# 
  2092   000FBF                     CCPR1H          equ	4031	;# 
  2093   000FC0                     ADCON2          equ	4032	;# 
  2094   000FC1                     ADCON1          equ	4033	;# 
  2095   000FC2                     ADCON0          equ	4034	;# 
  2096   000FC3                     ADRES           equ	4035	;# 
  2097   000FC3                     ADRESL          equ	4035	;# 
  2098   000FC4                     ADRESH          equ	4036	;# 
  2099   000FC5                     SSPCON2         equ	4037	;# 
  2100   000FC6                     SSPCON1         equ	4038	;# 
  2101   000FC7                     SSPSTAT         equ	4039	;# 
  2102   000FC8                     SSPADD          equ	4040	;# 
  2103   000FC9                     SSPBUF          equ	4041	;# 
  2104   000FCA                     T2CON           equ	4042	;# 
  2105   000FCB                     PR2             equ	4043	;# 
  2106   000FCB                     MEMCON          equ	4043	;# 
  2107   000FCC                     TMR2            equ	4044	;# 
  2108   000FCD                     T1CON           equ	4045	;# 
  2109   000FCE                     TMR1            equ	4046	;# 
  2110   000FCE                     TMR1L           equ	4046	;# 
  2111   000FCF                     TMR1H           equ	4047	;# 
  2112   000FD0                     RCON            equ	4048	;# 
  2113   000FD1                     WDTCON          equ	4049	;# 
  2114   000FD2                     HLVDCON         equ	4050	;# 
  2115   000FD2                     LVDCON          equ	4050	;# 
  2116   000FD3                     OSCCON          equ	4051	;# 
  2117   000FD5                     T0CON           equ	4053	;# 
  2118   000FD6                     TMR0            equ	4054	;# 
  2119   000FD6                     TMR0L           equ	4054	;# 
  2120   000FD7                     TMR0H           equ	4055	;# 
  2121   000FD8                     STATUS          equ	4056	;# 
  2122   000FD9                     FSR2            equ	4057	;# 
  2123   000FD9                     FSR2L           equ	4057	;# 
  2124   000FDA                     FSR2H           equ	4058	;# 
  2125   000FDB                     PLUSW2          equ	4059	;# 
  2126   000FDC                     PREINC2         equ	4060	;# 
  2127   000FDD                     POSTDEC2        equ	4061	;# 
  2128   000FDE                     POSTINC2        equ	4062	;# 
  2129   000FDF                     INDF2           equ	4063	;# 
  2130   000FE0                     BSR             equ	4064	;# 
  2131   000FE1                     FSR1            equ	4065	;# 
  2132   000FE1                     FSR1L           equ	4065	;# 
  2133   000FE2                     FSR1H           equ	4066	;# 
  2134   000FE3                     PLUSW1          equ	4067	;# 
  2135   000FE4                     PREINC1         equ	4068	;# 
  2136   000FE5                     POSTDEC1        equ	4069	;# 
  2137   000FE6                     POSTINC1        equ	4070	;# 
  2138   000FE7                     INDF1           equ	4071	;# 
  2139   000FE8                     WREG            equ	4072	;# 
  2140   000FE9                     FSR0            equ	4073	;# 
  2141   000FE9                     FSR0L           equ	4073	;# 
  2142   000FEA                     FSR0H           equ	4074	;# 
  2143   000FEB                     PLUSW0          equ	4075	;# 
  2144   000FEC                     PREINC0         equ	4076	;# 
  2145   000FED                     POSTDEC0        equ	4077	;# 
  2146   000FEE                     POSTINC0        equ	4078	;# 
  2147   000FEF                     INDF0           equ	4079	;# 
  2148   000FF0                     INTCON3         equ	4080	;# 
  2149   000FF1                     INTCON2         equ	4081	;# 
  2150   000FF2                     INTCON          equ	4082	;# 
  2151   000FF3                     PROD            equ	4083	;# 
  2152   000FF3                     PRODL           equ	4083	;# 
  2153   000FF4                     PRODH           equ	4084	;# 
  2154   000FF5                     TABLAT          equ	4085	;# 
  2155   000FF6                     TBLPTR          equ	4086	;# 
  2156   000FF6                     TBLPTRL         equ	4086	;# 
  2157   000FF7                     TBLPTRH         equ	4087	;# 
  2158   000FF8                     TBLPTRU         equ	4088	;# 
  2159   000FF9                     PCLAT           equ	4089	;# 
  2160   000FF9                     PC              equ	4089	;# 
  2161   000FF9                     PCL             equ	4089	;# 
  2162   000FFA                     PCLATH          equ	4090	;# 
  2163   000FFB                     PCLATU          equ	4091	;# 
  2164   000FFC                     STKPTR          equ	4092	;# 
  2165   000FFD                     TOS             equ	4093	;# 
  2166   000FFD                     TOSL            equ	4093	;# 
  2167   000FFE                     TOSH            equ	4094	;# 
  2168   000FFF                     TOSU            equ	4095	;# 
  2169                           
  2170                           	psect	idataCOMRAM
  2171   003000                     __pidataCOMRAM:
  2172                           	callstack 0
  2173                           
  2174                           ;initializer for read_digital_keypad@once
  2175   003000  01                 	db	1
  2176   000DD4                     _RXFCON0        set	3540
  2177   000F45                     _TXB0DLC        set	3909
  2178   000F44                     _TXB0EIDL       set	3908
  2179   000F43                     _TXB0EIDH       set	3907
  2180   000F41                     _TXB0SIDH       set	3905
  2181   000F42                     _TXB0SIDL       set	3906
  2182   000F46                     _TXB0D0         set	3910
  2183   007A03                     _TXB0REQ        set	31235
  2184   000F65                     _RXB0DLC        set	3941
  2185   000F61                     _RXB0SIDH       set	3937
  2186   000F62                     _RXB0SIDL       set	3938
  2187   000F60                     _RXB0CON        set	3936
  2188   000F72                     _BRGCON3        set	3954
  2189   000F71                     _BRGCON2        set	3953
  2190   000F70                     _BRGCON1        set	3952
  2191   000F77                     _ECANCON        set	3959
  2192   000F6E                     _CANSTAT        set	3950
  2193   000F6F                     _CANCON         set	3951
  2194   000F82                     _PORTC          set	3970
  2195   000F94                     _TRISC          set	3988
  2196   000F95                     _TRISD          set	3989
  2197   000F83                     _PORTD          set	3971
  2198   000FC2                     _ADCON0         set	4034
  2199   000FC3                     _ADRESL         set	4035
  2200   000FC4                     _ADRESH         set	4036
  2201   000F66                     _RXB0D0         set	3942
  2202   007D20                     _RXB0IF         set	32032
  2203   007B07                     _RXB0FUL        set	31495
  2204   007C9B                     _TRISB3         set	31899
  2205   007C9A                     _TRISB2         set	31898
  2206   007C1F                     _RD7            set	31775
  2207   007C10                     _RC0            set	31760
  2208   007CAF                     _TRISD7         set	31919
  2209   007C12                     _RC2            set	31762
  2210   007C11                     _RC1            set	31761
  2211   007E11                     _GO             set	32273
  2212   007E10                     _ADON           set	32272
  2213   007E0C                     _VCFG0          set	32268
  2214   007E0D                     _VCFG1          set	32269
  2215   007E11                     _GODONE         set	32273
  2216   007E02                     _ADCS2          set	32258
  2217   007E01                     _ADCS1          set	32257
  2218   007E00                     _ADCS0          set	32256
  2219   007E03                     _ACQT0          set	32259
  2220   007E04                     _ACQT1          set	32260
  2221   007E05                     _ACQT2          set	32261
  2222   007E07                     _ADFM           set	32263
  2223                           
  2224                           ; #config settings
  2225                           
  2226                           	psect	cinit
  2227   000F68                     __pcinit:
  2228                           	callstack 0
  2229   000F68                     start_initialization:
  2230                           	callstack 0
  2231   000F68                     __initialization:
  2232                           	callstack 0
  2233                           
  2234                           ; Initialize objects allocated to COMRAM (1 bytes)
  2235                           ; load TBLPTR registers with __pidataCOMRAM
  2236   000F68  0E00               	movlw	low __pidataCOMRAM
  2237   000F6A  6EF6               	movwf	tblptrl,c
  2238   000F6C  0E30               	movlw	high __pidataCOMRAM
  2239   000F6E  6EF7               	movwf	tblptrh,c
  2240   000F70  0E00               	movlw	low (__pidataCOMRAM shr (0+16))
  2241   000F72  6EF8               	movwf	tblptru,c
  2242   000F74  0009               	tblrd		*+	;fetch initializer
  2243   000F76  CFF5 F04B          	movff	tablat,__pdataCOMRAM
  2244                           
  2245                           ; Clear objects allocated to COMRAM (17 bytes)
  2246   000F7A  EE00  F03A         	lfsr	0,__pbssCOMRAM
  2247   000F7E  0E11               	movlw	17
  2248   000F80                     clear_0:
  2249   000F80  6AEE               	clrf	postinc0,c
  2250   000F82  06E8               	decf	wreg,f,c
  2251   000F84  E1FD               	bnz	clear_0
  2252   000F86                     end_of_initialization:
  2253                           	callstack 0
  2254   000F86                     __end_of__initialization:
  2255                           	callstack 0
  2256   000F86  0100               	movlb	0
  2257   000F88  EF75  F006         	goto	_main	;jump to C main() function
  2258                           
  2259                           	psect	bssCOMRAM
  2260   00003A                     __pbssCOMRAM:
  2261                           	callstack 0
  2262   00003A                     _speed_str:
  2263                           	callstack 0
  2264   00003A                     	ds	12
  2265   000046                     _flag:
  2266                           	callstack 0
  2267   000046                     	ds	2
  2268   000048                     _speed_val:
  2269                           	callstack 0
  2270   000048                     	ds	2
  2271   00004A                     _gear_val:
  2272                           	callstack 0
  2273   00004A                     	ds	1
  2274                           
  2275                           	psect	dataCOMRAM
  2276   00004B                     __pdataCOMRAM:
  2277                           	callstack 0
  2278   00004B                     read_digital_keypad@once:
  2279                           	callstack 0
  2280   00004B                     	ds	1
  2281                           
  2282                           	psect	cstackCOMRAM
  2283   000001                     __pcstackCOMRAM:
  2284                           	callstack 0
  2285   000001                     ?_read_adc:
  2286                           	callstack 0
  2287   000001                     ?___xxtofl:
  2288                           	callstack 0
  2289   000001                     read_digital_keypad@detection_type:
  2290                           	callstack 0
  2291   000001                     set_msg_id_std@id:
  2292                           	callstack 0
  2293   000001                     ___xxtofl@val:
  2294                           	callstack 0
  2295   000001                     
  2296                           ; 1 bytes @ 0x0
  2297   000001                     	ds	1
  2298   000002                     update_gear@key:
  2299                           	callstack 0
  2300   000002                     
  2301                           ; 1 bytes @ 0x1
  2302   000002                     	ds	1
  2303   000003                     ??_read_adc:
  2304   000003                     ??_set_msg_id_std:
  2305                           
  2306                           ; 1 bytes @ 0x2
  2307   000003                     	ds	2
  2308   000005                     read_adc@reg_val:
  2309                           	callstack 0
  2310   000005                     can_transmit@msg_id:
  2311                           	callstack 0
  2312   000005                     ??___xxtofl:
  2313                           
  2314                           ; 1 bytes @ 0x4
  2315   000005                     	ds	2
  2316   000007                     read_adc@channel:
  2317                           	callstack 0
  2318   000007                     can_transmit@data:
  2319                           	callstack 0
  2320                           
  2321                           ; 1 bytes @ 0x6
  2322   000007                     	ds	1
  2323   000008                     can_transmit@len:
  2324                           	callstack 0
  2325                           
  2326                           ; 1 bytes @ 0x7
  2327   000008                     	ds	1
  2328   000009                     ___xxtofl@sign:
  2329                           	callstack 0
  2330   000009                     ??_can_transmit:
  2331                           
  2332                           ; 1 bytes @ 0x8
  2333   000009                     	ds	1
  2334   00000A                     ___xxtofl@exp:
  2335                           	callstack 0
  2336                           
  2337                           ; 1 bytes @ 0x9
  2338   00000A                     	ds	1
  2339   00000B                     ___xxtofl@arg:
  2340                           	callstack 0
  2341                           
  2342                           ; 4 bytes @ 0xA
  2343   00000B                     	ds	1
  2344   00000C                     can_transmit@ptr:
  2345                           	callstack 0
  2346                           
  2347                           ; 2 bytes @ 0xB
  2348   00000C                     	ds	2
  2349   00000E                     can_transmit@i:
  2350                           	callstack 0
  2351                           
  2352                           ; 2 bytes @ 0xD
  2353   00000E                     	ds	1
  2354   00000F                     ?___fldiv:
  2355                           	callstack 0
  2356   00000F                     ___fldiv@b:
  2357                           	callstack 0
  2358                           
  2359                           ; 4 bytes @ 0xE
  2360   00000F                     	ds	4
  2361   000013                     ___fldiv@a:
  2362                           	callstack 0
  2363                           
  2364                           ; 4 bytes @ 0x12
  2365   000013                     	ds	4
  2366   000017                     ??___fldiv:
  2367                           
  2368                           ; 1 bytes @ 0x16
  2369   000017                     	ds	4
  2370   00001B                     ___fldiv@rem:
  2371                           	callstack 0
  2372                           
  2373                           ; 4 bytes @ 0x1A
  2374   00001B                     	ds	4
  2375   00001F                     ___fldiv@sign:
  2376                           	callstack 0
  2377                           
  2378                           ; 1 bytes @ 0x1E
  2379   00001F                     	ds	1
  2380   000020                     ___fldiv@new_exp:
  2381                           	callstack 0
  2382                           
  2383                           ; 2 bytes @ 0x1F
  2384   000020                     	ds	2
  2385   000022                     ___fldiv@grs:
  2386                           	callstack 0
  2387                           
  2388                           ; 4 bytes @ 0x21
  2389   000022                     	ds	4
  2390   000026                     ___fldiv@bexp:
  2391                           	callstack 0
  2392                           
  2393                           ; 1 bytes @ 0x25
  2394   000026                     	ds	1
  2395   000027                     ___fldiv@aexp:
  2396                           	callstack 0
  2397                           
  2398                           ; 1 bytes @ 0x26
  2399   000027                     	ds	1
  2400   000028                     ?___fltol:
  2401                           	callstack 0
  2402   000028                     ___fltol@f1:
  2403                           	callstack 0
  2404                           
  2405                           ; 4 bytes @ 0x27
  2406   000028                     	ds	4
  2407   00002C                     ??___fltol:
  2408                           
  2409                           ; 1 bytes @ 0x2B
  2410   00002C                     	ds	4
  2411   000030                     ___fltol@sign1:
  2412                           	callstack 0
  2413                           
  2414                           ; 1 bytes @ 0x2F
  2415   000030                     	ds	1
  2416   000031                     ___fltol@exp1:
  2417                           	callstack 0
  2418                           
  2419                           ; 1 bytes @ 0x30
  2420   000031                     	ds	1
  2421   000032                     ?_read_speed:
  2422                           	callstack 0
  2423                           
  2424                           ; 2 bytes @ 0x31
  2425   000032                     	ds	2
  2426   000034                     read_speed@adc:
  2427                           	callstack 0
  2428   000034                     
  2429                           ; 1 bytes @ 0x33
  2430   000034                     	ds	2
  2431   000036                     main@delay:
  2432                           	callstack 0
  2433   000036                     
  2434                           ; 1 bytes @ 0x35
  2435   000036                     	ds	2
  2436   000038                     main@delay_145:
  2437                           	callstack 0
  2438                           
  2439                           ; 2 bytes @ 0x37
  2440   000038                     	ds	2
  2441                           
  2442 ;;
  2443 ;;Main: autosize = 0, tempsize = 0, incstack = 0, save=0
  2444 ;;
  2445 ;; *************** function _main *****************
  2446 ;; Defined at:
  2447 ;;		line 65 in file "main_ecu2.c"
  2448 ;; Parameters:    Size  Location     Type
  2449 ;;		None
  2450 ;; Auto vars:     Size  Location     Type
  2451 ;;  delay           2   55[COMRAM] int 
  2452 ;;  delay           2   53[COMRAM] int 
  2453 ;; Return value:  Size  Location     Type
  2454 ;;                  1    wreg      void 
  2455 ;; Registers used:
  2456 ;;		wreg, fsr1l, fsr1h, fsr2l, fsr2h, status,2, status,0, cstack
  2457 ;; Tracked objects:
  2458 ;;		On entry : 0/0
  2459 ;;		On exit  : 0/0
  2460 ;;		Unchanged: 0/0
  2461 ;; Data sizes:     COMRAM   BANK0   BANK1   BANK2   BANK3   BANK4   BANK5
  2462 ;;      Params:         0       0       0       0       0       0       0
  2463 ;;      Locals:         4       0       0       0       0       0       0
  2464 ;;      Temps:          0       0       0       0       0       0       0
  2465 ;;      Totals:         4       0       0       0       0       0       0
  2466 ;;Total ram usage:        4 bytes
  2467 ;; Hardware stack levels required when called: 2
  2468 ;; This function calls:
  2469 ;;		_can_transmit
  2470 ;;		_init_config
  2471 ;;		_read_speed
  2472 ;;		_update_gear
  2473 ;; This function is called by:
  2474 ;;		Startup code after reset
  2475 ;; This function uses a non-reentrant model
  2476 ;;
  2477                           
  2478                           	psect	text0
  2479   000CEA                     __ptext0:
  2480                           	callstack 0
  2481   000CEA                     _main:
  2482                           	callstack 29
  2483   000CEA                     
  2484                           ;main_ecu2.c: 67:     init_config();
  2485   000CEA  ECD4  F007         	call	_init_config	;wreg free
  2486   000CEE                     l201:
  2487                           
  2488                           ;main_ecu2.c: 70:     {;main_ecu2.c: 72:         speed_val = read_speed();
  2489   000CEE  EC26  F007         	call	_read_speed	;wreg free
  2490   000CF2  C032  F048         	movff	?_read_speed,_speed_val
  2491   000CF6  C033  F049         	movff	?_read_speed+1,_speed_val+1
  2492   000CFA                     
  2493                           ;main_ecu2.c: 74:         for(int delay = 100; delay--;);
  2494   000CFA  6A37               	clrf	(main@delay+1)^0,c
  2495   000CFC  0E64               	movlw	100
  2496   000CFE  6E36               	movwf	main@delay^0,c
  2497   000D00                     l1700:
  2498   000D00  0636               	decf	main@delay^0,f,c
  2499   000D02  A0D8               	btfss	status,0,c
  2500   000D04  0637               	decf	(main@delay+1)^0,f,c
  2501   000D06  2836               	incf	main@delay^0,w,c
  2502   000D08  E106               	bnz	u1091
  2503   000D0A  2837               	incf	(main@delay+1)^0,w,c
  2504   000D0C  A4D8               	btfss	status,2,c
  2505   000D0E  EF8B  F006         	goto	u1091
  2506   000D12  EF8D  F006         	goto	u1090
  2507   000D16                     u1091:
  2508   000D16  EF80  F006         	goto	l1700
  2509   000D1A                     u1090:
  2510   000D1A                     
  2511                           ;main_ecu2.c: 76:         can_transmit(0x10, &speed_val, 2);
  2512   000D1A  6A06               	clrf	(can_transmit@msg_id+1)^0,c
  2513   000D1C  0E10               	movlw	16
  2514   000D1E  6E05               	movwf	can_transmit@msg_id^0,c
  2515   000D20  0E48               	movlw	low _speed_val
  2516   000D22  6E07               	movwf	can_transmit@data^0,c
  2517   000D24  0E02               	movlw	2
  2518   000D26  6E08               	movwf	can_transmit@len^0,c
  2519   000D28  ECEF  F006         	call	_can_transmit	;wreg free
  2520   000D2C                     
  2521                           ;main_ecu2.c: 81:         update_gear();
  2522   000D2C  EC25  F006         	call	_update_gear	;wreg free
  2523   000D30                     
  2524                           ;main_ecu2.c: 83:         for(int delay = 100; delay--;);
  2525   000D30  6A39               	clrf	(main@delay_145+1)^0,c
  2526   000D32  0E64               	movlw	100
  2527   000D34  6E38               	movwf	main@delay_145^0,c
  2528   000D36                     l1708:
  2529   000D36  0638               	decf	main@delay_145^0,f,c
  2530   000D38  A0D8               	btfss	status,0,c
  2531   000D3A  0639               	decf	(main@delay_145+1)^0,f,c
  2532   000D3C  2838               	incf	main@delay_145^0,w,c
  2533   000D3E  E106               	bnz	u1101
  2534   000D40  2839               	incf	(main@delay_145+1)^0,w,c
  2535   000D42  A4D8               	btfss	status,2,c
  2536   000D44  EFA6  F006         	goto	u1101
  2537   000D48  EFA8  F006         	goto	u1100
  2538   000D4C                     u1101:
  2539   000D4C  EF9B  F006         	goto	l1708
  2540   000D50                     u1100:
  2541   000D50                     
  2542                           ;main_ecu2.c: 85:         can_transmit(0x20, &gear_val, 1);
  2543   000D50  6A06               	clrf	(can_transmit@msg_id+1)^0,c
  2544   000D52  0E20               	movlw	32
  2545   000D54  6E05               	movwf	can_transmit@msg_id^0,c
  2546   000D56  0E4A               	movlw	low _gear_val
  2547   000D58  6E07               	movwf	can_transmit@data^0,c
  2548   000D5A  0E01               	movlw	1
  2549   000D5C  6E08               	movwf	can_transmit@len^0,c
  2550   000D5E  ECEF  F006         	call	_can_transmit	;wreg free
  2551   000D62  EF77  F006         	goto	l201
  2552   000D66  EFFE  F017         	goto	start
  2553   000D6A                     __end_of_main:
  2554                           	callstack 0
  2555                           
  2556 ;; *************** function _update_gear *****************
  2557 ;; Defined at:
  2558 ;;		line 37 in file "main_ecu2.c"
  2559 ;; Parameters:    Size  Location     Type
  2560 ;;		None
  2561 ;; Auto vars:     Size  Location     Type
  2562 ;;  key             1    1[COMRAM] unsigned char 
  2563 ;; Return value:  Size  Location     Type
  2564 ;;                  1    wreg      void 
  2565 ;; Registers used:
  2566 ;;		wreg, status,2, status,0, cstack
  2567 ;; Tracked objects:
  2568 ;;		On entry : 0/0
  2569 ;;		On exit  : 0/0
  2570 ;;		Unchanged: 0/0
  2571 ;; Data sizes:     COMRAM   BANK0   BANK1   BANK2   BANK3   BANK4   BANK5
  2572 ;;      Params:         0       0       0       0       0       0       0
  2573 ;;      Locals:         1       0       0       0       0       0       0
  2574 ;;      Temps:          0       0       0       0       0       0       0
  2575 ;;      Totals:         1       0       0       0       0       0       0
  2576 ;;Total ram usage:        1 bytes
  2577 ;; Hardware stack levels used: 1
  2578 ;; Hardware stack levels required when called: 1
  2579 ;; This function calls:
  2580 ;;		_read_digital_keypad
  2581 ;; This function is called by:
  2582 ;;		_main
  2583 ;; This function uses a non-reentrant model
  2584 ;;
  2585                           
  2586                           	psect	text1
  2587   000C4A                     __ptext1:
  2588                           	callstack 0
  2589   000C4A                     _update_gear:
  2590                           	callstack 29
  2591   000C4A                     
  2592                           ;main_ecu2.c: 40:     char key = read_digital_keypad(1);
  2593   000C4A  0E01               	movlw	1
  2594   000C4C  ECB5  F006         	call	_read_digital_keypad
  2595   000C50  6E02               	movwf	update_gear@key^0,c
  2596   000C52                     
  2597                           ;main_ecu2.c: 43:     if(key == 0x0E)
  2598   000C52  0E0E               	movlw	14
  2599   000C54  1802               	xorwf	update_gear@key^0,w,c
  2600   000C56  A4D8               	btfss	status,2,c
  2601   000C58  EF30  F006         	goto	u501
  2602   000C5C  EF32  F006         	goto	u500
  2603   000C60                     u501:
  2604   000C60  EF3B  F006         	goto	l1314
  2605   000C64                     u500:
  2606   000C64                     
  2607                           ;main_ecu2.c: 44:     {;main_ecu2.c: 45:         if(gear_val < 6)
  2608   000C64  0E06               	movlw	6
  2609   000C66  604A               	cpfslt	_gear_val^0,c
  2610   000C68  EF38  F006         	goto	u511
  2611   000C6C  EF3A  F006         	goto	u510
  2612   000C70                     u511:
  2613   000C70  EF3B  F006         	goto	l1314
  2614   000C74                     u510:
  2615   000C74                     
  2616                           ;main_ecu2.c: 46:             gear_val++;
  2617   000C74  2A4A               	incf	_gear_val^0,f,c
  2618   000C76                     l1314:
  2619                           
  2620                           ;main_ecu2.c: 48:     if(key == 0x0D)
  2621   000C76  0E0D               	movlw	13
  2622   000C78  1802               	xorwf	update_gear@key^0,w,c
  2623   000C7A  A4D8               	btfss	status,2,c
  2624   000C7C  EF42  F006         	goto	u521
  2625   000C80  EF44  F006         	goto	u520
  2626   000C84                     u521:
  2627   000C84  EF4D  F006         	goto	l1320
  2628   000C88                     u520:
  2629   000C88                     
  2630                           ;main_ecu2.c: 49:     {;main_ecu2.c: 50:         if(gear_val > 0)
  2631   000C88  504A               	movf	_gear_val^0,w,c
  2632   000C8A  B4D8               	btfsc	status,2,c
  2633   000C8C  EF4A  F006         	goto	u531
  2634   000C90  EF4C  F006         	goto	u530
  2635   000C94                     u531:
  2636   000C94  EF4D  F006         	goto	l1320
  2637   000C98                     u530:
  2638   000C98                     
  2639                           ;main_ecu2.c: 51:             gear_val--;
  2640   000C98  064A               	decf	_gear_val^0,f,c
  2641   000C9A                     l1320:
  2642                           
  2643                           ;main_ecu2.c: 53:     if(key == 0x0B)
  2644   000C9A  0E0B               	movlw	11
  2645   000C9C  1802               	xorwf	update_gear@key^0,w,c
  2646   000C9E  A4D8               	btfss	status,2,c
  2647   000CA0  EF54  F006         	goto	u541
  2648   000CA4  EF56  F006         	goto	u540
  2649   000CA8                     u541:
  2650   000CA8  EF74  F006         	goto	l196
  2651   000CAC                     u540:
  2652   000CAC                     
  2653                           ;main_ecu2.c: 54:     {;main_ecu2.c: 55:         gear_val = 7;
  2654   000CAC  0E07               	movlw	7
  2655   000CAE  6E4A               	movwf	_gear_val^0,c
  2656   000CB0                     
  2657                           ;main_ecu2.c: 57:         if(gear_val == 7)
  2658   000CB0  0E07               	movlw	7
  2659   000CB2  184A               	xorwf	_gear_val^0,w,c
  2660   000CB4  A4D8               	btfss	status,2,c
  2661   000CB6  EF5F  F006         	goto	u551
  2662   000CBA  EF61  F006         	goto	u550
  2663   000CBE                     u551:
  2664   000CBE  EF74  F006         	goto	l196
  2665   000CC2                     u550:
  2666   000CC2                     
  2667                           ;main_ecu2.c: 58:         {;main_ecu2.c: 59:              if(key == 0x0D || key == 0x0E)
  2668   000CC2  0E0D               	movlw	13
  2669   000CC4  1802               	xorwf	update_gear@key^0,w,c
  2670   000CC6  B4D8               	btfsc	status,2,c
  2671   000CC8  EF68  F006         	goto	u561
  2672   000CCC  EF6A  F006         	goto	u560
  2673   000CD0                     u561:
  2674   000CD0  EF73  F006         	goto	l195
  2675   000CD4                     u560:
  2676   000CD4  0E0E               	movlw	14
  2677   000CD6  1802               	xorwf	update_gear@key^0,w,c
  2678   000CD8  A4D8               	btfss	status,2,c
  2679   000CDA  EF71  F006         	goto	u571
  2680   000CDE  EF73  F006         	goto	u570
  2681   000CE2                     u571:
  2682   000CE2  EF74  F006         	goto	l196
  2683   000CE6                     u570:
  2684   000CE6                     l195:
  2685                           
  2686                           ;main_ecu2.c: 60:                 gear_val = 0;
  2687   000CE6  6A4A               	clrf	_gear_val^0,c
  2688   000CE8                     l196:
  2689   000CE8  0012               	return		;funcret
  2690   000CEA                     __end_of_update_gear:
  2691                           	callstack 0
  2692                           
  2693 ;; *************** function _read_speed *****************
  2694 ;; Defined at:
  2695 ;;		line 31 in file "main_ecu2.c"
  2696 ;; Parameters:    Size  Location     Type
  2697 ;;		None
  2698 ;; Auto vars:     Size  Location     Type
  2699 ;;  adc             2   51[COMRAM] unsigned int 
  2700 ;; Return value:  Size  Location     Type
  2701 ;;                  2   49[COMRAM] unsigned int 
  2702 ;; Registers used:
  2703 ;;		wreg, status,2, status,0, cstack
  2704 ;; Tracked objects:
  2705 ;;		On entry : 0/0
  2706 ;;		On exit  : 0/0
  2707 ;;		Unchanged: 0/0
  2708 ;; Data sizes:     COMRAM   BANK0   BANK1   BANK2   BANK3   BANK4   BANK5
  2709 ;;      Params:         2       0       0       0       0       0       0
  2710 ;;      Locals:         2       0       0       0       0       0       0
  2711 ;;      Temps:          0       0       0       0       0       0       0
  2712 ;;      Totals:         4       0       0       0       0       0       0
  2713 ;;Total ram usage:        4 bytes
  2714 ;; Hardware stack levels used: 1
  2715 ;; Hardware stack levels required when called: 1
  2716 ;; This function calls:
  2717 ;;		___fldiv
  2718 ;;		___fltol
  2719 ;;		___xxtofl
  2720 ;;		_read_adc
  2721 ;; This function is called by:
  2722 ;;		_main
  2723 ;; This function uses a non-reentrant model
  2724 ;;
  2725                           
  2726                           	psect	text2
  2727   000E4C                     __ptext2:
  2728                           	callstack 0
  2729   000E4C                     _read_speed:
  2730                           	callstack 29
  2731   000E4C                     
  2732                           ;main_ecu2.c: 33:     unsigned int adc = read_adc(0x04);
  2733   000E4C  0E04               	movlw	4
  2734   000E4E  EC57  F007         	call	_read_adc
  2735   000E52  C001  F034         	movff	?_read_adc,read_speed@adc
  2736   000E56  C002  F035         	movff	?_read_adc+1,read_speed@adc+1
  2737                           
  2738                           ;main_ecu2.c: 34:     return (adc /10.23);
  2739   000E5A  0E14               	movlw	20
  2740   000E5C  6E13               	movwf	___fldiv@a^0,c
  2741   000E5E  0EAE               	movlw	174
  2742   000E60  6E14               	movwf	(___fldiv@a+1)^0,c
  2743   000E62  0E23               	movlw	35
  2744   000E64  6E15               	movwf	(___fldiv@a+2)^0,c
  2745   000E66  0E41               	movlw	65
  2746   000E68  6E16               	movwf	(___fldiv@a+3)^0,c
  2747   000E6A  C034  F001         	movff	read_speed@adc,___xxtofl@val
  2748   000E6E  C035  F002         	movff	read_speed@adc+1,___xxtofl@val+1
  2749   000E72  6A03               	clrf	(___xxtofl@val+2)^0,c
  2750   000E74  6A04               	clrf	(___xxtofl@val+3)^0,c
  2751   000E76  0E00               	movlw	0
  2752   000E78  ECC8  F004         	call	___xxtofl
  2753   000E7C  C001  F00F         	movff	?___xxtofl,___fldiv@b
  2754   000E80  C002  F010         	movff	?___xxtofl+1,___fldiv@b+1
  2755   000E84  C003  F011         	movff	?___xxtofl+2,___fldiv@b+2
  2756   000E88  C004  F012         	movff	?___xxtofl+3,___fldiv@b+3
  2757   000E8C  EC01  F003         	call	___fldiv	;wreg free
  2758   000E90  C00F  F028         	movff	?___fldiv,___fltol@f1
  2759   000E94  C010  F029         	movff	?___fldiv+1,___fltol@f1+1
  2760   000E98  C011  F02A         	movff	?___fldiv+2,___fltol@f1+2
  2761   000E9C  C012  F02B         	movff	?___fldiv+3,___fltol@f1+3
  2762   000EA0  ECA2  F005         	call	___fltol	;wreg free
  2763   000EA4  C028  F032         	movff	?___fltol,?_read_speed
  2764   000EA8  C029  F033         	movff	?___fltol+1,?_read_speed+1
  2765   000EAC  0012               	return		;funcret
  2766   000EAE                     __end_of_read_speed:
  2767                           	callstack 0
  2768                           
  2769 ;; *************** function _read_adc *****************
  2770 ;; Defined at:
  2771 ;;		line 44 in file "adc.c"
  2772 ;; Parameters:    Size  Location     Type
  2773 ;;  channel         1    wreg     unsigned char 
  2774 ;; Auto vars:     Size  Location     Type
  2775 ;;  channel         1    6[COMRAM] unsigned char 
  2776 ;;  reg_val         2    4[COMRAM] unsigned short 
  2777 ;; Return value:  Size  Location     Type
  2778 ;;                  2    0[COMRAM] unsigned short 
  2779 ;; Registers used:
  2780 ;;		wreg, status,2, status,0
  2781 ;; Tracked objects:
  2782 ;;		On entry : 0/0
  2783 ;;		On exit  : 0/0
  2784 ;;		Unchanged: 0/0
  2785 ;; Data sizes:     COMRAM   BANK0   BANK1   BANK2   BANK3   BANK4   BANK5
  2786 ;;      Params:         2       0       0       0       0       0       0
  2787 ;;      Locals:         3       0       0       0       0       0       0
  2788 ;;      Temps:          2       0       0       0       0       0       0
  2789 ;;      Totals:         7       0       0       0       0       0       0
  2790 ;;Total ram usage:        7 bytes
  2791 ;; Hardware stack levels used: 1
  2792 ;; This function calls:
  2793 ;;		Nothing
  2794 ;; This function is called by:
  2795 ;;		_read_speed
  2796 ;; This function uses a non-reentrant model
  2797 ;;
  2798                           
  2799                           	psect	text3
  2800   000EAE                     __ptext3:
  2801                           	callstack 0
  2802   000EAE                     _read_adc:
  2803                           	callstack 29
  2804                           
  2805                           ;incstack = 0
  2806                           ;read_adc@channel stored from wreg
  2807   000EAE  6E07               	movwf	read_adc@channel^0,c
  2808   000EB0                     
  2809                           ;adc.c: 44: unsigned short read_adc(unsigned char channel);adc.c: 45: {;adc.c: 46:  unsi
      +                          gned short reg_val;;adc.c: 49:  ADCON0 = (ADCON0 & 0xC3) | (channel << 2);
  2810   000EB0  C007  F003         	movff	read_adc@channel,??_read_adc
  2811   000EB4  90D8               	bcf	status,0,c
  2812   000EB6  3603               	rlcf	??_read_adc^0,f,c
  2813   000EB8  90D8               	bcf	status,0,c
  2814   000EBA  3603               	rlcf	??_read_adc^0,f,c
  2815   000EBC  50C2               	movf	194,w,c	;volatile
  2816   000EBE  0BC3               	andlw	195
  2817   000EC0  1003               	iorwf	??_read_adc^0,w,c
  2818   000EC2  6EC2               	movwf	194,c	;volatile
  2819   000EC4                     
  2820                           ;adc.c: 52:  GO = 1;
  2821   000EC4  82C2               	bsf	4034,1,c	;volatile
  2822   000EC6                     l36:
  2823   000EC6  B2C2               	btfsc	4034,1,c	;volatile
  2824   000EC8  EF68  F007         	goto	u661
  2825   000ECC  EF6A  F007         	goto	u660
  2826   000ED0                     u661:
  2827   000ED0  EF63  F007         	goto	l36
  2828   000ED4                     u660:
  2829   000ED4                     
  2830                           ;adc.c: 54:  reg_val = (ADRESH << 8) | ADRESL;
  2831   000ED4  50C3               	movf	195,w,c	;volatile
  2832   000ED6  CFC4 F003          	movff	4036,??_read_adc	;volatile
  2833   000EDA  6A04               	clrf	(??_read_adc+1)^0,c
  2834   000EDC  C003  F004         	movff	??_read_adc,??_read_adc+1
  2835   000EE0  6A03               	clrf	??_read_adc^0,c
  2836   000EE2  1003               	iorwf	??_read_adc^0,w,c
  2837   000EE4  6E05               	movwf	read_adc@reg_val^0,c
  2838   000EE6  5004               	movf	(??_read_adc+1)^0,w,c
  2839   000EE8  6E06               	movwf	(read_adc@reg_val+1)^0,c
  2840   000EEA                     
  2841                           ;adc.c: 56:  return reg_val;
  2842   000EEA  C005  F001         	movff	read_adc@reg_val,?_read_adc
  2843   000EEE  C006  F002         	movff	read_adc@reg_val+1,?_read_adc+1
  2844   000EF2  0012               	return		;funcret
  2845   000EF4                     __end_of_read_adc:
  2846                           	callstack 0
  2847                           
  2848 ;; *************** function ___xxtofl *****************
  2849 ;; Defined at:
  2850 ;;		line 10 in file "C:\Program Files\Microchip\xc8\v3.10\pic\sources\c99\common\xxtofl.c"
  2851 ;; Parameters:    Size  Location     Type
  2852 ;;  sign            1    wreg     unsigned char 
  2853 ;;  val             4    0[COMRAM] long 
  2854 ;; Auto vars:     Size  Location     Type
  2855 ;;  sign            1    8[COMRAM] unsigned char 
  2856 ;;  arg             4   10[COMRAM] unsigned long 
  2857 ;;  exp             1    9[COMRAM] unsigned char 
  2858 ;; Return value:  Size  Location     Type
  2859 ;;                  4    0[COMRAM] unsigned char 
  2860 ;; Registers used:
  2861 ;;		wreg, status,2, status,0
  2862 ;; Tracked objects:
  2863 ;;		On entry : 0/0
  2864 ;;		On exit  : 0/0
  2865 ;;		Unchanged: 0/0
  2866 ;; Data sizes:     COMRAM   BANK0   BANK1   BANK2   BANK3   BANK4   BANK5
  2867 ;;      Params:         4       0       0       0       0       0       0
  2868 ;;      Locals:         6       0       0       0       0       0       0
  2869 ;;      Temps:          4       0       0       0       0       0       0
  2870 ;;      Totals:        14       0       0       0       0       0       0
  2871 ;;Total ram usage:       14 bytes
  2872 ;; Hardware stack levels used: 1
  2873 ;; This function calls:
  2874 ;;		Nothing
  2875 ;; This function is called by:
  2876 ;;		_read_speed
  2877 ;; This function uses a non-reentrant model
  2878 ;;
  2879                           
  2880                           	psect	text4
  2881   000990                     __ptext4:
  2882                           	callstack 0
  2883   000990                     ___xxtofl:
  2884                           	callstack 29
  2885                           
  2886                           ;incstack = 0
  2887                           ;___xxtofl@sign stored from wreg
  2888   000990  6E09               	movwf	___xxtofl@sign^0,c
  2889   000992  5009               	movf	___xxtofl@sign^0,w,c
  2890   000994  B4D8               	btfsc	status,2,c
  2891   000996  EFCF  F004         	goto	u981
  2892   00099A  EFD1  F004         	goto	u980
  2893   00099E                     u981:
  2894   00099E  EFF3  F004         	goto	l978
  2895   0009A2                     u980:
  2896   0009A2  BE04               	btfsc	(___xxtofl@val+3)^0,7,c
  2897   0009A4  EFD8  F004         	goto	u990
  2898   0009A8  EFD6  F004         	goto	u991
  2899   0009AC                     u991:
  2900   0009AC  EFF3  F004         	goto	l978
  2901   0009B0                     u990:
  2902   0009B0  C001  F005         	movff	___xxtofl@val,??___xxtofl
  2903   0009B4  C002  F006         	movff	___xxtofl@val+1,??___xxtofl+1
  2904   0009B8  C003  F007         	movff	___xxtofl@val+2,??___xxtofl+2
  2905   0009BC  C004  F008         	movff	___xxtofl@val+3,??___xxtofl+3
  2906   0009C0  1E05               	comf	??___xxtofl^0,f,c
  2907   0009C2  1E06               	comf	(??___xxtofl+1)^0,f,c
  2908   0009C4  1E07               	comf	(??___xxtofl+2)^0,f,c
  2909   0009C6  1E08               	comf	(??___xxtofl+3)^0,f,c
  2910   0009C8  2A05               	incf	??___xxtofl^0,f,c
  2911   0009CA  0E00               	movlw	0
  2912   0009CC  2206               	addwfc	(??___xxtofl+1)^0,f,c
  2913   0009CE  2207               	addwfc	(??___xxtofl+2)^0,f,c
  2914   0009D0  2208               	addwfc	(??___xxtofl+3)^0,f,c
  2915   0009D2  C005  F00B         	movff	??___xxtofl,___xxtofl@arg
  2916   0009D6  C006  F00C         	movff	??___xxtofl+1,___xxtofl@arg+1
  2917   0009DA  C007  F00D         	movff	??___xxtofl+2,___xxtofl@arg+2
  2918   0009DE  C008  F00E         	movff	??___xxtofl+3,___xxtofl@arg+3
  2919   0009E2  EFFB  F004         	goto	l1636
  2920   0009E6                     l978:
  2921   0009E6  C001  F00B         	movff	___xxtofl@val,___xxtofl@arg
  2922   0009EA  C002  F00C         	movff	___xxtofl@val+1,___xxtofl@arg+1
  2923   0009EE  C003  F00D         	movff	___xxtofl@val+2,___xxtofl@arg+2
  2924   0009F2  C004  F00E         	movff	___xxtofl@val+3,___xxtofl@arg+3
  2925   0009F6                     l1636:
  2926   0009F6  5001               	movf	___xxtofl@val^0,w,c
  2927   0009F8  1002               	iorwf	(___xxtofl@val+1)^0,w,c
  2928   0009FA  1003               	iorwf	(___xxtofl@val+2)^0,w,c
  2929   0009FC  1004               	iorwf	(___xxtofl@val+3)^0,w,c
  2930   0009FE  A4D8               	btfss	status,2,c
  2931   000A00  EF04  F005         	goto	u1001
  2932   000A04  EF06  F005         	goto	u1000
  2933   000A08                     u1001:
  2934   000A08  EF10  F005         	goto	l1642
  2935   000A0C                     u1000:
  2936   000A0C  0E00               	movlw	0
  2937   000A0E  6E01               	movwf	?___xxtofl^0,c
  2938   000A10  0E00               	movlw	0
  2939   000A12  6E02               	movwf	(?___xxtofl+1)^0,c
  2940   000A14  0E00               	movlw	0
  2941   000A16  6E03               	movwf	(?___xxtofl+2)^0,c
  2942   000A18  0E00               	movlw	0
  2943   000A1A  6E04               	movwf	(?___xxtofl+3)^0,c
  2944   000A1C  EFA1  F005         	goto	l981
  2945   000A20                     l1642:
  2946   000A20  0E96               	movlw	150
  2947   000A22  6E0A               	movwf	___xxtofl@exp^0,c
  2948   000A24  EF1A  F005         	goto	l1646
  2949   000A28                     l1644:
  2950   000A28  2A0A               	incf	___xxtofl@exp^0,f,c
  2951   000A2A  90D8               	bcf	status,0,c
  2952   000A2C  320E               	rrcf	(___xxtofl@arg+3)^0,f,c
  2953   000A2E  320D               	rrcf	(___xxtofl@arg+2)^0,f,c
  2954   000A30  320C               	rrcf	(___xxtofl@arg+1)^0,f,c
  2955   000A32  320B               	rrcf	___xxtofl@arg^0,f,c
  2956   000A34                     l1646:
  2957   000A34  0E00               	movlw	0
  2958   000A36  140B               	andwf	___xxtofl@arg^0,w,c
  2959   000A38  6E05               	movwf	??___xxtofl^0,c
  2960   000A3A  0E00               	movlw	0
  2961   000A3C  140C               	andwf	(___xxtofl@arg+1)^0,w,c
  2962   000A3E  6E06               	movwf	(??___xxtofl+1)^0,c
  2963   000A40  0E00               	movlw	0
  2964   000A42  140D               	andwf	(___xxtofl@arg+2)^0,w,c
  2965   000A44  6E07               	movwf	(??___xxtofl+2)^0,c
  2966   000A46  0EFE               	movlw	254
  2967   000A48  140E               	andwf	(___xxtofl@arg+3)^0,w,c
  2968   000A4A  6E08               	movwf	(??___xxtofl+3)^0,c
  2969   000A4C  5005               	movf	??___xxtofl^0,w,c
  2970   000A4E  1006               	iorwf	(??___xxtofl+1)^0,w,c
  2971   000A50  1007               	iorwf	(??___xxtofl+2)^0,w,c
  2972   000A52  1008               	iorwf	(??___xxtofl+3)^0,w,c
  2973   000A54  A4D8               	btfss	status,2,c
  2974   000A56  EF2F  F005         	goto	u1011
  2975   000A5A  EF31  F005         	goto	u1010
  2976   000A5E                     u1011:
  2977   000A5E  EF14  F005         	goto	l1644
  2978   000A62                     u1010:
  2979   000A62  EF3F  F005         	goto	l985
  2980   000A66                     l1648:
  2981   000A66  2A0A               	incf	___xxtofl@exp^0,f,c
  2982   000A68  0E01               	movlw	1
  2983   000A6A  260B               	addwf	___xxtofl@arg^0,f,c
  2984   000A6C  0E00               	movlw	0
  2985   000A6E  220C               	addwfc	(___xxtofl@arg+1)^0,f,c
  2986   000A70  220D               	addwfc	(___xxtofl@arg+2)^0,f,c
  2987   000A72  220E               	addwfc	(___xxtofl@arg+3)^0,f,c
  2988   000A74  90D8               	bcf	status,0,c
  2989   000A76  320E               	rrcf	(___xxtofl@arg+3)^0,f,c
  2990   000A78  320D               	rrcf	(___xxtofl@arg+2)^0,f,c
  2991   000A7A  320C               	rrcf	(___xxtofl@arg+1)^0,f,c
  2992   000A7C  320B               	rrcf	___xxtofl@arg^0,f,c
  2993   000A7E                     l985:
  2994   000A7E  0E00               	movlw	0
  2995   000A80  140B               	andwf	___xxtofl@arg^0,w,c
  2996   000A82  6E05               	movwf	??___xxtofl^0,c
  2997   000A84  0E00               	movlw	0
  2998   000A86  140C               	andwf	(___xxtofl@arg+1)^0,w,c
  2999   000A88  6E06               	movwf	(??___xxtofl+1)^0,c
  3000   000A8A  0E00               	movlw	0
  3001   000A8C  140D               	andwf	(___xxtofl@arg+2)^0,w,c
  3002   000A8E  6E07               	movwf	(??___xxtofl+2)^0,c
  3003   000A90  0EFF               	movlw	255
  3004   000A92  140E               	andwf	(___xxtofl@arg+3)^0,w,c
  3005   000A94  6E08               	movwf	(??___xxtofl+3)^0,c
  3006   000A96  5005               	movf	??___xxtofl^0,w,c
  3007   000A98  1006               	iorwf	(??___xxtofl+1)^0,w,c
  3008   000A9A  1007               	iorwf	(??___xxtofl+2)^0,w,c
  3009   000A9C  1008               	iorwf	(??___xxtofl+3)^0,w,c
  3010   000A9E  A4D8               	btfss	status,2,c
  3011   000AA0  EF54  F005         	goto	u1021
  3012   000AA4  EF56  F005         	goto	u1020
  3013   000AA8                     u1021:
  3014   000AA8  EF33  F005         	goto	l1648
  3015   000AAC                     u1020:
  3016   000AAC  EF5E  F005         	goto	l1656
  3017   000AB0                     l1654:
  3018   000AB0  060A               	decf	___xxtofl@exp^0,f,c
  3019   000AB2  90D8               	bcf	status,0,c
  3020   000AB4  360B               	rlcf	___xxtofl@arg^0,f,c
  3021   000AB6  360C               	rlcf	(___xxtofl@arg+1)^0,f,c
  3022   000AB8  360D               	rlcf	(___xxtofl@arg+2)^0,f,c
  3023   000ABA  360E               	rlcf	(___xxtofl@arg+3)^0,f,c
  3024   000ABC                     l1656:
  3025   000ABC  BE0D               	btfsc	(___xxtofl@arg+2)^0,7,c
  3026   000ABE  EF63  F005         	goto	u1031
  3027   000AC2  EF65  F005         	goto	u1030
  3028   000AC6                     u1031:
  3029   000AC6  EF6D  F005         	goto	l992
  3030   000ACA                     u1030:
  3031   000ACA  0E02               	movlw	2
  3032   000ACC  600A               	cpfslt	___xxtofl@exp^0,c
  3033   000ACE  EF6B  F005         	goto	u1041
  3034   000AD2  EF6D  F005         	goto	u1040
  3035   000AD6                     u1041:
  3036   000AD6  EF58  F005         	goto	l1654
  3037   000ADA                     u1040:
  3038   000ADA                     l992:
  3039   000ADA  B00A               	btfsc	___xxtofl@exp^0,0,c
  3040   000ADC  EF72  F005         	goto	u1051
  3041   000AE0  EF74  F005         	goto	u1050
  3042   000AE4                     u1051:
  3043   000AE4  EF75  F005         	goto	l1662
  3044   000AE8                     u1050:
  3045   000AE8  9E0D               	bcf	(___xxtofl@arg+2)^0,7,c
  3046   000AEA                     l1662:
  3047   000AEA  90D8               	bcf	status,0,c
  3048   000AEC  320A               	rrcf	___xxtofl@exp^0,f,c
  3049   000AEE  C00A  F005         	movff	___xxtofl@exp,??___xxtofl
  3050   000AF2  6A06               	clrf	(??___xxtofl+1)^0,c
  3051   000AF4  6A07               	clrf	(??___xxtofl+2)^0,c
  3052   000AF6  6A08               	clrf	(??___xxtofl+3)^0,c
  3053   000AF8  C005  F008         	movff	??___xxtofl,??___xxtofl+3
  3054   000AFC  6A07               	clrf	(??___xxtofl+2)^0,c
  3055   000AFE  6A06               	clrf	(??___xxtofl+1)^0,c
  3056   000B00  6A05               	clrf	??___xxtofl^0,c
  3057   000B02  5005               	movf	??___xxtofl^0,w,c
  3058   000B04  120B               	iorwf	___xxtofl@arg^0,f,c
  3059   000B06  5006               	movf	(??___xxtofl+1)^0,w,c
  3060   000B08  120C               	iorwf	(___xxtofl@arg+1)^0,f,c
  3061   000B0A  5007               	movf	(??___xxtofl+2)^0,w,c
  3062   000B0C  120D               	iorwf	(___xxtofl@arg+2)^0,f,c
  3063   000B0E  5008               	movf	(??___xxtofl+3)^0,w,c
  3064   000B10  120E               	iorwf	(___xxtofl@arg+3)^0,f,c
  3065   000B12  5009               	movf	___xxtofl@sign^0,w,c
  3066   000B14  B4D8               	btfsc	status,2,c
  3067   000B16  EF8F  F005         	goto	u1061
  3068   000B1A  EF91  F005         	goto	u1060
  3069   000B1E                     u1061:
  3070   000B1E  EF99  F005         	goto	l1672
  3071   000B22                     u1060:
  3072   000B22  BE04               	btfsc	(___xxtofl@val+3)^0,7,c
  3073   000B24  EF98  F005         	goto	u1070
  3074   000B28  EF96  F005         	goto	u1071
  3075   000B2C                     u1071:
  3076   000B2C  EF99  F005         	goto	l1672
  3077   000B30                     u1070:
  3078   000B30  8E0E               	bsf	(___xxtofl@arg+3)^0,7,c
  3079   000B32                     l1672:
  3080   000B32  C00B  F001         	movff	___xxtofl@arg,?___xxtofl
  3081   000B36  C00C  F002         	movff	___xxtofl@arg+1,?___xxtofl+1
  3082   000B3A  C00D  F003         	movff	___xxtofl@arg+2,?___xxtofl+2
  3083   000B3E  C00E  F004         	movff	___xxtofl@arg+3,?___xxtofl+3
  3084   000B42                     l981:
  3085   000B42  0012               	return		;funcret
  3086   000B44                     __end_of___xxtofl:
  3087                           	callstack 0
  3088                           
  3089 ;; *************** function ___fltol *****************
  3090 ;; Defined at:
  3091 ;;		line 43 in file "C:\Program Files\Microchip\xc8\v3.10\pic\sources\c99\common\fltol.c"
  3092 ;; Parameters:    Size  Location     Type
  3093 ;;  f1              4   39[COMRAM] unsigned char 
  3094 ;; Auto vars:     Size  Location     Type
  3095 ;;  exp1            1   48[COMRAM] unsigned char 
  3096 ;;  sign1           1   47[COMRAM] unsigned char 
  3097 ;; Return value:  Size  Location     Type
  3098 ;;                  4   39[COMRAM] long 
  3099 ;; Registers used:
  3100 ;;		wreg, status,2, status,0
  3101 ;; Tracked objects:
  3102 ;;		On entry : 0/0
  3103 ;;		On exit  : 0/0
  3104 ;;		Unchanged: 0/0
  3105 ;; Data sizes:     COMRAM   BANK0   BANK1   BANK2   BANK3   BANK4   BANK5
  3106 ;;      Params:         4       0       0       0       0       0       0
  3107 ;;      Locals:         2       0       0       0       0       0       0
  3108 ;;      Temps:          4       0       0       0       0       0       0
  3109 ;;      Totals:        10       0       0       0       0       0       0
  3110 ;;Total ram usage:       10 bytes
  3111 ;; Hardware stack levels used: 1
  3112 ;; This function calls:
  3113 ;;		Nothing
  3114 ;; This function is called by:
  3115 ;;		_read_speed
  3116 ;; This function uses a non-reentrant model
  3117 ;;
  3118                           
  3119                           	psect	text5
  3120   000B44                     __ptext5:
  3121                           	callstack 0
  3122   000B44                     ___fltol:
  3123                           	callstack 29
  3124   000B44  342A               	rlcf	(___fltol@f1+2)^0,w,c
  3125   000B46  342B               	rlcf	(___fltol@f1+3)^0,w,c
  3126   000B48  6E31               	movwf	___fltol@exp1^0,c
  3127   000B4A  5031               	movf	___fltol@exp1^0,w,c
  3128   000B4C  A4D8               	btfss	status,2,c
  3129   000B4E  EFAB  F005         	goto	u911
  3130   000B52  EFAD  F005         	goto	u910
  3131   000B56                     u911:
  3132   000B56  EFB7  F005         	goto	l1592
  3133   000B5A                     u910:
  3134   000B5A                     l1588:
  3135   000B5A  0E00               	movlw	0
  3136   000B5C  6E28               	movwf	?___fltol^0,c
  3137   000B5E  0E00               	movlw	0
  3138   000B60  6E29               	movwf	(?___fltol+1)^0,c
  3139   000B62  0E00               	movlw	0
  3140   000B64  6E2A               	movwf	(?___fltol+2)^0,c
  3141   000B66  0E00               	movlw	0
  3142   000B68  6E2B               	movwf	(?___fltol+3)^0,c
  3143   000B6A  EF24  F006         	goto	l620
  3144   000B6E                     l1592:
  3145   000B6E  C028  F02C         	movff	___fltol@f1,??___fltol
  3146   000B72  C029  F02D         	movff	___fltol@f1+1,??___fltol+1
  3147   000B76  C02A  F02E         	movff	___fltol@f1+2,??___fltol+2
  3148   000B7A  C02B  F02F         	movff	___fltol@f1+3,??___fltol+3
  3149   000B7E  0E20               	movlw	32
  3150   000B80  EFC7  F005         	goto	u920
  3151   000B84                     u925:
  3152   000B84  90D8               	bcf	status,0,c
  3153   000B86  322F               	rrcf	(??___fltol+3)^0,f,c
  3154   000B88  322E               	rrcf	(??___fltol+2)^0,f,c
  3155   000B8A  322D               	rrcf	(??___fltol+1)^0,f,c
  3156   000B8C  322C               	rrcf	??___fltol^0,f,c
  3157   000B8E                     u920:
  3158   000B8E  2EE8               	decfsz	wreg,f,c
  3159   000B90  EFC2  F005         	goto	u925
  3160   000B94  502C               	movf	??___fltol^0,w,c
  3161   000B96  6E30               	movwf	___fltol@sign1^0,c
  3162   000B98  8E2A               	bsf	(___fltol@f1+2)^0,7,c
  3163   000B9A  0EFF               	movlw	255
  3164   000B9C  1628               	andwf	___fltol@f1^0,f,c
  3165   000B9E  0EFF               	movlw	255
  3166   000BA0  1629               	andwf	(___fltol@f1+1)^0,f,c
  3167   000BA2  0EFF               	movlw	255
  3168   000BA4  162A               	andwf	(___fltol@f1+2)^0,f,c
  3169   000BA6  0E00               	movlw	0
  3170   000BA8  162B               	andwf	(___fltol@f1+3)^0,f,c
  3171   000BAA  0E96               	movlw	150
  3172   000BAC  5E31               	subwf	___fltol@exp1^0,f,c
  3173   000BAE  BE31               	btfsc	___fltol@exp1^0,7,c
  3174   000BB0  EFDE  F005         	goto	u930
  3175   000BB4  EFDC  F005         	goto	u931
  3176   000BB8                     u931:
  3177   000BB8  EFF4  F005         	goto	l1612
  3178   000BBC                     u930:
  3179   000BBC  5031               	movf	___fltol@exp1^0,w,c
  3180   000BBE  0A80               	xorlw	128
  3181   000BC0  0F97               	addlw	151
  3182   000BC2  B0D8               	btfsc	status,0,c
  3183   000BC4  EFE6  F005         	goto	u941
  3184   000BC8  EFE8  F005         	goto	u940
  3185   000BCC                     u941:
  3186   000BCC  EFEA  F005         	goto	l1608
  3187   000BD0                     u940:
  3188   000BD0  EFAD  F005         	goto	l1588
  3189   000BD4                     l1608:
  3190   000BD4  90D8               	bcf	status,0,c
  3191   000BD6  322B               	rrcf	(___fltol@f1+3)^0,f,c
  3192   000BD8  322A               	rrcf	(___fltol@f1+2)^0,f,c
  3193   000BDA  3229               	rrcf	(___fltol@f1+1)^0,f,c
  3194   000BDC  3228               	rrcf	___fltol@f1^0,f,c
  3195   000BDE  3E31               	incfsz	___fltol@exp1^0,f,c
  3196   000BE0  EFEA  F005         	goto	l1608
  3197   000BE4  EF0C  F006         	goto	l1622
  3198   000BE8                     l1612:
  3199   000BE8  0E1F               	movlw	31
  3200   000BEA  6431               	cpfsgt	___fltol@exp1^0,c
  3201   000BEC  EFFA  F005         	goto	u951
  3202   000BF0  EFFC  F005         	goto	u950
  3203   000BF4                     u951:
  3204   000BF4  EF04  F006         	goto	l1620
  3205   000BF8                     u950:
  3206   000BF8  EFAD  F005         	goto	l1588
  3207   000BFC                     l1618:
  3208   000BFC  90D8               	bcf	status,0,c
  3209   000BFE  3628               	rlcf	___fltol@f1^0,f,c
  3210   000C00  3629               	rlcf	(___fltol@f1+1)^0,f,c
  3211   000C02  362A               	rlcf	(___fltol@f1+2)^0,f,c
  3212   000C04  362B               	rlcf	(___fltol@f1+3)^0,f,c
  3213   000C06  0631               	decf	___fltol@exp1^0,f,c
  3214   000C08                     l1620:
  3215   000C08  5031               	movf	___fltol@exp1^0,w,c
  3216   000C0A  A4D8               	btfss	status,2,c
  3217   000C0C  EF0A  F006         	goto	u961
  3218   000C10  EF0C  F006         	goto	u960
  3219   000C14                     u961:
  3220   000C14  EFFE  F005         	goto	l1618
  3221   000C18                     u960:
  3222   000C18                     l1622:
  3223   000C18  5030               	movf	___fltol@sign1^0,w,c
  3224   000C1A  B4D8               	btfsc	status,2,c
  3225   000C1C  EF12  F006         	goto	u971
  3226   000C20  EF14  F006         	goto	u970
  3227   000C24                     u971:
  3228   000C24  EF1C  F006         	goto	l1626
  3229   000C28                     u970:
  3230   000C28  1E2B               	comf	(___fltol@f1+3)^0,f,c
  3231   000C2A  1E2A               	comf	(___fltol@f1+2)^0,f,c
  3232   000C2C  1E29               	comf	(___fltol@f1+1)^0,f,c
  3233   000C2E  6C28               	negf	___fltol@f1^0,c
  3234   000C30  0E00               	movlw	0
  3235   000C32  2229               	addwfc	(___fltol@f1+1)^0,f,c
  3236   000C34  222A               	addwfc	(___fltol@f1+2)^0,f,c
  3237   000C36  222B               	addwfc	(___fltol@f1+3)^0,f,c
  3238   000C38                     l1626:
  3239   000C38  C028  F028         	movff	___fltol@f1,?___fltol
  3240   000C3C  C029  F029         	movff	___fltol@f1+1,?___fltol+1
  3241   000C40  C02A  F02A         	movff	___fltol@f1+2,?___fltol+2
  3242   000C44  C02B  F02B         	movff	___fltol@f1+3,?___fltol+3
  3243   000C48                     l620:
  3244   000C48  0012               	return		;funcret
  3245   000C4A                     __end_of___fltol:
  3246                           	callstack 0
  3247                           
  3248 ;; *************** function ___fldiv *****************
  3249 ;; Defined at:
  3250 ;;		line 11 in file "C:\Program Files\Microchip\xc8\v3.10\pic\sources\c99\common\sprcdiv.c"
  3251 ;; Parameters:    Size  Location     Type
  3252 ;;  b               4   14[COMRAM] long 
  3253 ;;  a               4   18[COMRAM] long 
  3254 ;; Auto vars:     Size  Location     Type
  3255 ;;  grs             4   33[COMRAM] unsigned long 
  3256 ;;  rem             4   26[COMRAM] unsigned long 
  3257 ;;  new_exp         2   31[COMRAM] short 
  3258 ;;  aexp            1   38[COMRAM] unsigned char 
  3259 ;;  bexp            1   37[COMRAM] unsigned char 
  3260 ;;  sign            1   30[COMRAM] unsigned char 
  3261 ;; Return value:  Size  Location     Type
  3262 ;;                  4   14[COMRAM] unsigned char 
  3263 ;; Registers used:
  3264 ;;		wreg, status,2, status,0
  3265 ;; Tracked objects:
  3266 ;;		On entry : 0/0
  3267 ;;		On exit  : 0/0
  3268 ;;		Unchanged: 0/0
  3269 ;; Data sizes:     COMRAM   BANK0   BANK1   BANK2   BANK3   BANK4   BANK5
  3270 ;;      Params:         8       0       0       0       0       0       0
  3271 ;;      Locals:        13       0       0       0       0       0       0
  3272 ;;      Temps:          4       0       0       0       0       0       0
  3273 ;;      Totals:        25       0       0       0       0       0       0
  3274 ;;Total ram usage:       25 bytes
  3275 ;; Hardware stack levels used: 1
  3276 ;; This function calls:
  3277 ;;		Nothing
  3278 ;; This function is called by:
  3279 ;;		_read_speed
  3280 ;; This function uses a non-reentrant model
  3281 ;;
  3282                           
  3283                           	psect	text6
  3284   000602                     __ptext6:
  3285                           	callstack 0
  3286   000602                     ___fldiv:
  3287                           	callstack 29
  3288   000602  5012               	movf	(___fldiv@b+3)^0,w,c
  3289   000604  0B80               	andlw	128
  3290   000606  6E1F               	movwf	___fldiv@sign^0,c
  3291   000608  5012               	movf	(___fldiv@b+3)^0,w,c
  3292   00060A  2412               	addwf	(___fldiv@b+3)^0,w,c
  3293   00060C  6E26               	movwf	___fldiv@bexp^0,c
  3294   00060E  AE11               	btfss	(___fldiv@b+2)^0,7,c
  3295   000610  EF0C  F003         	goto	u681
  3296   000614  EF0E  F003         	goto	u680
  3297   000618                     u681:
  3298   000618  EF0F  F003         	goto	l1456
  3299   00061C                     u680:
  3300   00061C  8026               	bsf	___fldiv@bexp^0,0,c
  3301   00061E                     l1456:
  3302   00061E  5026               	movf	___fldiv@bexp^0,w,c
  3303   000620  B4D8               	btfsc	status,2,c
  3304   000622  EF15  F003         	goto	u691
  3305   000626  EF17  F003         	goto	u690
  3306   00062A                     u691:
  3307   00062A  EF2B  F003         	goto	l1466
  3308   00062E                     u690:
  3309   00062E  2826               	incf	___fldiv@bexp^0,w,c
  3310   000630  A4D8               	btfss	status,2,c
  3311   000632  EF1D  F003         	goto	u701
  3312   000636  EF1F  F003         	goto	u700
  3313   00063A                     u701:
  3314   00063A  EF27  F003         	goto	l1462
  3315   00063E                     u700:
  3316   00063E  0E00               	movlw	0
  3317   000640  6E0F               	movwf	___fldiv@b^0,c
  3318   000642  0E00               	movlw	0
  3319   000644  6E10               	movwf	(___fldiv@b+1)^0,c
  3320   000646  0E00               	movlw	0
  3321   000648  6E11               	movwf	(___fldiv@b+2)^0,c
  3322   00064A  0E00               	movlw	0
  3323   00064C  6E12               	movwf	(___fldiv@b+3)^0,c
  3324   00064E                     l1462:
  3325   00064E  8E11               	bsf	(___fldiv@b+2)^0,7,c
  3326   000650  6A12               	clrf	(___fldiv@b+3)^0,c
  3327   000652  EF33  F003         	goto	l1468
  3328   000656                     l1466:
  3329   000656  0E00               	movlw	0
  3330   000658  6E0F               	movwf	___fldiv@b^0,c
  3331   00065A  0E00               	movlw	0
  3332   00065C  6E10               	movwf	(___fldiv@b+1)^0,c
  3333   00065E  0E00               	movlw	0
  3334   000660  6E11               	movwf	(___fldiv@b+2)^0,c
  3335   000662  0E00               	movlw	0
  3336   000664  6E12               	movwf	(___fldiv@b+3)^0,c
  3337   000666                     l1468:
  3338   000666  5016               	movf	(___fldiv@a+3)^0,w,c
  3339   000668  0B80               	andlw	128
  3340   00066A  1A1F               	xorwf	___fldiv@sign^0,f,c
  3341   00066C  5016               	movf	(___fldiv@a+3)^0,w,c
  3342   00066E  2416               	addwf	(___fldiv@a+3)^0,w,c
  3343   000670  6E27               	movwf	___fldiv@aexp^0,c
  3344   000672  AE15               	btfss	(___fldiv@a+2)^0,7,c
  3345   000674  EF3E  F003         	goto	u711
  3346   000678  EF40  F003         	goto	u710
  3347   00067C                     u711:
  3348   00067C  EF41  F003         	goto	l1476
  3349   000680                     u710:
  3350   000680  8027               	bsf	___fldiv@aexp^0,0,c
  3351   000682                     l1476:
  3352   000682  5027               	movf	___fldiv@aexp^0,w,c
  3353   000684  B4D8               	btfsc	status,2,c
  3354   000686  EF47  F003         	goto	u721
  3355   00068A  EF49  F003         	goto	u720
  3356   00068E                     u721:
  3357   00068E  EF5D  F003         	goto	l1486
  3358   000692                     u720:
  3359   000692  2827               	incf	___fldiv@aexp^0,w,c
  3360   000694  A4D8               	btfss	status,2,c
  3361   000696  EF4F  F003         	goto	u731
  3362   00069A  EF51  F003         	goto	u730
  3363   00069E                     u731:
  3364   00069E  EF59  F003         	goto	l1482
  3365   0006A2                     u730:
  3366   0006A2  0E00               	movlw	0
  3367   0006A4  6E13               	movwf	___fldiv@a^0,c
  3368   0006A6  0E00               	movlw	0
  3369   0006A8  6E14               	movwf	(___fldiv@a+1)^0,c
  3370   0006AA  0E00               	movlw	0
  3371   0006AC  6E15               	movwf	(___fldiv@a+2)^0,c
  3372   0006AE  0E00               	movlw	0
  3373   0006B0  6E16               	movwf	(___fldiv@a+3)^0,c
  3374   0006B2                     l1482:
  3375   0006B2  8E15               	bsf	(___fldiv@a+2)^0,7,c
  3376   0006B4  6A16               	clrf	(___fldiv@a+3)^0,c
  3377   0006B6  EF65  F003         	goto	l1488
  3378   0006BA                     l1486:
  3379   0006BA  0E00               	movlw	0
  3380   0006BC  6E13               	movwf	___fldiv@a^0,c
  3381   0006BE  0E00               	movlw	0
  3382   0006C0  6E14               	movwf	(___fldiv@a+1)^0,c
  3383   0006C2  0E00               	movlw	0
  3384   0006C4  6E15               	movwf	(___fldiv@a+2)^0,c
  3385   0006C6  0E00               	movlw	0
  3386   0006C8  6E16               	movwf	(___fldiv@a+3)^0,c
  3387   0006CA                     l1488:
  3388   0006CA  5013               	movf	___fldiv@a^0,w,c
  3389   0006CC  1014               	iorwf	(___fldiv@a+1)^0,w,c
  3390   0006CE  1015               	iorwf	(___fldiv@a+2)^0,w,c
  3391   0006D0  1016               	iorwf	(___fldiv@a+3)^0,w,c
  3392   0006D2  A4D8               	btfss	status,2,c
  3393   0006D4  EF6E  F003         	goto	u741
  3394   0006D8  EF70  F003         	goto	u740
  3395   0006DC                     u741:
  3396   0006DC  EF88  F003         	goto	l1500
  3397   0006E0                     u740:
  3398   0006E0  0E00               	movlw	0
  3399   0006E2  6E0F               	movwf	___fldiv@b^0,c
  3400   0006E4  0E00               	movlw	0
  3401   0006E6  6E10               	movwf	(___fldiv@b+1)^0,c
  3402   0006E8  0E00               	movlw	0
  3403   0006EA  6E11               	movwf	(___fldiv@b+2)^0,c
  3404   0006EC  0E00               	movlw	0
  3405   0006EE  6E12               	movwf	(___fldiv@b+3)^0,c
  3406   0006F0  0E80               	movlw	128
  3407   0006F2  1211               	iorwf	(___fldiv@b+2)^0,f,c
  3408   0006F4  0E7F               	movlw	127
  3409   0006F6  1212               	iorwf	(___fldiv@b+3)^0,f,c
  3410   0006F8                     l1494:
  3411   0006F8  501F               	movf	___fldiv@sign^0,w,c
  3412   0006FA  1212               	iorwf	(___fldiv@b+3)^0,f,c
  3413   0006FC  C00F  F00F         	movff	___fldiv@b,?___fldiv
  3414   000700  C010  F010         	movff	___fldiv@b+1,?___fldiv+1
  3415   000704  C011  F011         	movff	___fldiv@b+2,?___fldiv+2
  3416   000708  C012  F012         	movff	___fldiv@b+3,?___fldiv+3
  3417   00070C  EFC7  F004         	goto	l905
  3418   000710                     l1500:
  3419   000710  5026               	movf	___fldiv@bexp^0,w,c
  3420   000712  A4D8               	btfss	status,2,c
  3421   000714  EF8E  F003         	goto	u751
  3422   000718  EF90  F003         	goto	u750
  3423   00071C                     u751:
  3424   00071C  EF9A  F003         	goto	l1508
  3425   000720                     u750:
  3426   000720  0E00               	movlw	0
  3427   000722  6E0F               	movwf	?___fldiv^0,c
  3428   000724  0E00               	movlw	0
  3429   000726  6E10               	movwf	(?___fldiv+1)^0,c
  3430   000728  0E00               	movlw	0
  3431   00072A  6E11               	movwf	(?___fldiv+2)^0,c
  3432   00072C  0E00               	movlw	0
  3433   00072E  6E12               	movwf	(?___fldiv+3)^0,c
  3434   000730  EFC7  F004         	goto	l905
  3435   000734                     l1508:
  3436   000734  5027               	movf	___fldiv@aexp^0,w,c
  3437   000736  C026  F017         	movff	___fldiv@bexp,??___fldiv
  3438   00073A  6A18               	clrf	(??___fldiv+1)^0,c
  3439   00073C  5E17               	subwf	??___fldiv^0,f,c
  3440   00073E  0E00               	movlw	0
  3441   000740  5A18               	subwfb	(??___fldiv+1)^0,f,c
  3442   000742  0E7F               	movlw	127
  3443   000744  2417               	addwf	??___fldiv^0,w,c
  3444   000746  6E20               	movwf	___fldiv@new_exp^0,c
  3445   000748  0E00               	movlw	0
  3446   00074A  2018               	addwfc	(??___fldiv+1)^0,w,c
  3447   00074C  6E21               	movwf	(___fldiv@new_exp+1)^0,c
  3448   00074E  C00F  F01B         	movff	___fldiv@b,___fldiv@rem
  3449   000752  C010  F01C         	movff	___fldiv@b+1,___fldiv@rem+1
  3450   000756  C011  F01D         	movff	___fldiv@b+2,___fldiv@rem+2
  3451   00075A  C012  F01E         	movff	___fldiv@b+3,___fldiv@rem+3
  3452   00075E  0E00               	movlw	0
  3453   000760  6E0F               	movwf	___fldiv@b^0,c
  3454   000762  0E00               	movlw	0
  3455   000764  6E10               	movwf	(___fldiv@b+1)^0,c
  3456   000766  0E00               	movlw	0
  3457   000768  6E11               	movwf	(___fldiv@b+2)^0,c
  3458   00076A  0E00               	movlw	0
  3459   00076C  6E12               	movwf	(___fldiv@b+3)^0,c
  3460   00076E  0E00               	movlw	0
  3461   000770  6E22               	movwf	___fldiv@grs^0,c
  3462   000772  0E00               	movlw	0
  3463   000774  6E23               	movwf	(___fldiv@grs+1)^0,c
  3464   000776  0E00               	movlw	0
  3465   000778  6E24               	movwf	(___fldiv@grs+2)^0,c
  3466   00077A  0E00               	movlw	0
  3467   00077C  6E25               	movwf	(___fldiv@grs+3)^0,c
  3468   00077E  6A27               	clrf	___fldiv@aexp^0,c
  3469   000780  EFFA  F003         	goto	l907
  3470   000784                     l1518:
  3471   000784  5027               	movf	___fldiv@aexp^0,w,c
  3472   000786  B4D8               	btfsc	status,2,c
  3473   000788  EFC8  F003         	goto	u761
  3474   00078C  EFCA  F003         	goto	u760
  3475   000790                     u761:
  3476   000790  EFE1  F003         	goto	l1526
  3477   000794                     u760:
  3478   000794  90D8               	bcf	status,0,c
  3479   000796  361B               	rlcf	___fldiv@rem^0,f,c
  3480   000798  361C               	rlcf	(___fldiv@rem+1)^0,f,c
  3481   00079A  361D               	rlcf	(___fldiv@rem+2)^0,f,c
  3482   00079C  361E               	rlcf	(___fldiv@rem+3)^0,f,c
  3483   00079E  90D8               	bcf	status,0,c
  3484   0007A0  360F               	rlcf	___fldiv@b^0,f,c
  3485   0007A2  3610               	rlcf	(___fldiv@b+1)^0,f,c
  3486   0007A4  3611               	rlcf	(___fldiv@b+2)^0,f,c
  3487   0007A6  3612               	rlcf	(___fldiv@b+3)^0,f,c
  3488   0007A8  AE25               	btfss	(___fldiv@grs+3)^0,7,c
  3489   0007AA  EFD9  F003         	goto	u771
  3490   0007AE  EFDB  F003         	goto	u770
  3491   0007B2                     u771:
  3492   0007B2  EFDC  F003         	goto	l910
  3493   0007B6                     u770:
  3494   0007B6  800F               	bsf	___fldiv@b^0,0,c
  3495   0007B8                     l910:
  3496   0007B8  90D8               	bcf	status,0,c
  3497   0007BA  3622               	rlcf	___fldiv@grs^0,f,c
  3498   0007BC  3623               	rlcf	(___fldiv@grs+1)^0,f,c
  3499   0007BE  3624               	rlcf	(___fldiv@grs+2)^0,f,c
  3500   0007C0  3625               	rlcf	(___fldiv@grs+3)^0,f,c
  3501   0007C2                     l1526:
  3502   0007C2  5013               	movf	___fldiv@a^0,w,c
  3503   0007C4  5C1B               	subwf	___fldiv@rem^0,w,c
  3504   0007C6  5014               	movf	(___fldiv@a+1)^0,w,c
  3505   0007C8  581C               	subwfb	(___fldiv@rem+1)^0,w,c
  3506   0007CA  5015               	movf	(___fldiv@a+2)^0,w,c
  3507   0007CC  581D               	subwfb	(___fldiv@rem+2)^0,w,c
  3508   0007CE  5016               	movf	(___fldiv@a+3)^0,w,c
  3509   0007D0  581E               	subwfb	(___fldiv@rem+3)^0,w,c
  3510   0007D2  A0D8               	btfss	status,0,c
  3511   0007D4  EFEE  F003         	goto	u781
  3512   0007D8  EFF0  F003         	goto	u780
  3513   0007DC                     u781:
  3514   0007DC  EFF9  F003         	goto	l1532
  3515   0007E0                     u780:
  3516   0007E0  8C25               	bsf	(___fldiv@grs+3)^0,6,c
  3517   0007E2  5013               	movf	___fldiv@a^0,w,c
  3518   0007E4  5E1B               	subwf	___fldiv@rem^0,f,c
  3519   0007E6  5014               	movf	(___fldiv@a+1)^0,w,c
  3520   0007E8  5A1C               	subwfb	(___fldiv@rem+1)^0,f,c
  3521   0007EA  5015               	movf	(___fldiv@a+2)^0,w,c
  3522   0007EC  5A1D               	subwfb	(___fldiv@rem+2)^0,f,c
  3523   0007EE  5016               	movf	(___fldiv@a+3)^0,w,c
  3524   0007F0  5A1E               	subwfb	(___fldiv@rem+3)^0,f,c
  3525   0007F2                     l1532:
  3526   0007F2  2A27               	incf	___fldiv@aexp^0,f,c
  3527   0007F4                     l907:
  3528   0007F4  0E19               	movlw	25
  3529   0007F6  6427               	cpfsgt	___fldiv@aexp^0,c
  3530   0007F8  EF00  F004         	goto	u791
  3531   0007FC  EF02  F004         	goto	u790
  3532   000800                     u791:
  3533   000800  EFC2  F003         	goto	l1518
  3534   000804                     u790:
  3535   000804  501B               	movf	___fldiv@rem^0,w,c
  3536   000806  101C               	iorwf	(___fldiv@rem+1)^0,w,c
  3537   000808  101D               	iorwf	(___fldiv@rem+2)^0,w,c
  3538   00080A  101E               	iorwf	(___fldiv@rem+3)^0,w,c
  3539   00080C  B4D8               	btfsc	status,2,c
  3540   00080E  EF0B  F004         	goto	u801
  3541   000812  EF0D  F004         	goto	u800
  3542   000816                     u801:
  3543   000816  EF25  F004         	goto	l1544
  3544   00081A                     u800:
  3545   00081A  8022               	bsf	___fldiv@grs^0,0,c
  3546   00081C  EF25  F004         	goto	l1544
  3547   000820                     l1538:
  3548   000820  90D8               	bcf	status,0,c
  3549   000822  360F               	rlcf	___fldiv@b^0,f,c
  3550   000824  3610               	rlcf	(___fldiv@b+1)^0,f,c
  3551   000826  3611               	rlcf	(___fldiv@b+2)^0,f,c
  3552   000828  3612               	rlcf	(___fldiv@b+3)^0,f,c
  3553   00082A  AE25               	btfss	(___fldiv@grs+3)^0,7,c
  3554   00082C  EF1A  F004         	goto	u811
  3555   000830  EF1C  F004         	goto	u810
  3556   000834                     u811:
  3557   000834  EF1D  F004         	goto	l916
  3558   000838                     u810:
  3559   000838  800F               	bsf	___fldiv@b^0,0,c
  3560   00083A                     l916:
  3561   00083A  90D8               	bcf	status,0,c
  3562   00083C  3622               	rlcf	___fldiv@grs^0,f,c
  3563   00083E  3623               	rlcf	(___fldiv@grs+1)^0,f,c
  3564   000840  3624               	rlcf	(___fldiv@grs+2)^0,f,c
  3565   000842  3625               	rlcf	(___fldiv@grs+3)^0,f,c
  3566   000844  0620               	decf	___fldiv@new_exp^0,f,c
  3567   000846  A0D8               	btfss	status,0,c
  3568   000848  0621               	decf	(___fldiv@new_exp+1)^0,f,c
  3569   00084A                     l1544:
  3570   00084A  AE11               	btfss	(___fldiv@b+2)^0,7,c
  3571   00084C  EF2A  F004         	goto	u821
  3572   000850  EF2C  F004         	goto	u820
  3573   000854                     u821:
  3574   000854  EF10  F004         	goto	l1538
  3575   000858                     u820:
  3576   000858  6A27               	clrf	___fldiv@aexp^0,c
  3577   00085A  AE25               	btfss	(___fldiv@grs+3)^0,7,c
  3578   00085C  EF32  F004         	goto	u831
  3579   000860  EF34  F004         	goto	u830
  3580   000864                     u831:
  3581   000864  EF58  F004         	goto	l918
  3582   000868                     u830:
  3583   000868  0EFF               	movlw	255
  3584   00086A  1422               	andwf	___fldiv@grs^0,w,c
  3585   00086C  6E17               	movwf	??___fldiv^0,c
  3586   00086E  0EFF               	movlw	255
  3587   000870  1423               	andwf	(___fldiv@grs+1)^0,w,c
  3588   000872  6E18               	movwf	(??___fldiv+1)^0,c
  3589   000874  0EFF               	movlw	255
  3590   000876  1424               	andwf	(___fldiv@grs+2)^0,w,c
  3591   000878  6E19               	movwf	(??___fldiv+2)^0,c
  3592   00087A  0E7F               	movlw	127
  3593   00087C  1425               	andwf	(___fldiv@grs+3)^0,w,c
  3594   00087E  6E1A               	movwf	(??___fldiv+3)^0,c
  3595   000880  5017               	movf	??___fldiv^0,w,c
  3596   000882  1018               	iorwf	(??___fldiv+1)^0,w,c
  3597   000884  1019               	iorwf	(??___fldiv+2)^0,w,c
  3598   000886  101A               	iorwf	(??___fldiv+3)^0,w,c
  3599   000888  B4D8               	btfsc	status,2,c
  3600   00088A  EF49  F004         	goto	u841
  3601   00088E  EF4B  F004         	goto	u840
  3602   000892                     u841:
  3603   000892  EF4F  F004         	goto	l919
  3604   000896                     u840:
  3605   000896                     l1548:
  3606   000896  0E01               	movlw	1
  3607   000898  6E27               	movwf	___fldiv@aexp^0,c
  3608   00089A  EF58  F004         	goto	l918
  3609   00089E                     l919:
  3610   00089E  A00F               	btfss	___fldiv@b^0,0,c
  3611   0008A0  EF54  F004         	goto	u851
  3612   0008A4  EF56  F004         	goto	u850
  3613   0008A8                     u851:
  3614   0008A8  EF58  F004         	goto	l918
  3615   0008AC                     u850:
  3616   0008AC  EF4B  F004         	goto	l1548
  3617   0008B0                     l918:
  3618   0008B0  5027               	movf	___fldiv@aexp^0,w,c
  3619   0008B2  B4D8               	btfsc	status,2,c
  3620   0008B4  EF5E  F004         	goto	u861
  3621   0008B8  EF60  F004         	goto	u860
  3622   0008BC                     u861:
  3623   0008BC  EF84  F004         	goto	l1560
  3624   0008C0                     u860:
  3625   0008C0  0E01               	movlw	1
  3626   0008C2  260F               	addwf	___fldiv@b^0,f,c
  3627   0008C4  0E00               	movlw	0
  3628   0008C6  2210               	addwfc	(___fldiv@b+1)^0,f,c
  3629   0008C8  2211               	addwfc	(___fldiv@b+2)^0,f,c
  3630   0008CA  2212               	addwfc	(___fldiv@b+3)^0,f,c
  3631   0008CC  A012               	btfss	(___fldiv@b+3)^0,0,c
  3632   0008CE  EF6B  F004         	goto	u871
  3633   0008D2  EF6D  F004         	goto	u870
  3634   0008D6                     u871:
  3635   0008D6  EF84  F004         	goto	l1560
  3636   0008DA                     u870:
  3637   0008DA  C00F  F017         	movff	___fldiv@b,??___fldiv
  3638   0008DE  C010  F018         	movff	___fldiv@b+1,??___fldiv+1
  3639   0008E2  C011  F019         	movff	___fldiv@b+2,??___fldiv+2
  3640   0008E6  C012  F01A         	movff	___fldiv@b+3,??___fldiv+3
  3641   0008EA  341A               	rlcf	(??___fldiv+3)^0,w,c
  3642   0008EC  321A               	rrcf	(??___fldiv+3)^0,f,c
  3643   0008EE  3219               	rrcf	(??___fldiv+2)^0,f,c
  3644   0008F0  3218               	rrcf	(??___fldiv+1)^0,f,c
  3645   0008F2  3217               	rrcf	??___fldiv^0,f,c
  3646   0008F4  C017  F00F         	movff	??___fldiv,___fldiv@b
  3647   0008F8  C018  F010         	movff	??___fldiv+1,___fldiv@b+1
  3648   0008FC  C019  F011         	movff	??___fldiv+2,___fldiv@b+2
  3649   000900  C01A  F012         	movff	??___fldiv+3,___fldiv@b+3
  3650   000904  4A20               	infsnz	___fldiv@new_exp^0,f,c
  3651   000906  2A21               	incf	(___fldiv@new_exp+1)^0,f,c
  3652   000908                     l1560:
  3653   000908  BE21               	btfsc	(___fldiv@new_exp+1)^0,7,c
  3654   00090A  EF8F  F004         	goto	u881
  3655   00090E  5021               	movf	(___fldiv@new_exp+1)^0,w,c
  3656   000910  E108               	bnz	u880
  3657   000912  2820               	incf	___fldiv@new_exp^0,w,c
  3658   000914  A0D8               	btfss	status,0,c
  3659   000916  EF8F  F004         	goto	u881
  3660   00091A  EF91  F004         	goto	u880
  3661   00091E                     u881:
  3662   00091E  EF9C  F004         	goto	l1564
  3663   000922                     u880:
  3664   000922  0E00               	movlw	0
  3665   000924  6E21               	movwf	(___fldiv@new_exp+1)^0,c
  3666   000926  6820               	setf	___fldiv@new_exp^0,c
  3667   000928  0E00               	movlw	0
  3668   00092A  6E0F               	movwf	___fldiv@b^0,c
  3669   00092C  0E00               	movlw	0
  3670   00092E  6E10               	movwf	(___fldiv@b+1)^0,c
  3671   000930  0E00               	movlw	0
  3672   000932  6E11               	movwf	(___fldiv@b+2)^0,c
  3673   000934  0E00               	movlw	0
  3674   000936  6E12               	movwf	(___fldiv@b+3)^0,c
  3675   000938                     l1564:
  3676   000938  BE21               	btfsc	(___fldiv@new_exp+1)^0,7,c
  3677   00093A  EFA9  F004         	goto	u890
  3678   00093E  5021               	movf	(___fldiv@new_exp+1)^0,w,c
  3679   000940  E106               	bnz	u891
  3680   000942  0420               	decf	___fldiv@new_exp^0,w,c
  3681   000944  B0D8               	btfsc	status,0,c
  3682   000946  EFA7  F004         	goto	u891
  3683   00094A  EFA9  F004         	goto	u890
  3684   00094E                     u891:
  3685   00094E  EFB5  F004         	goto	l1570
  3686   000952                     u890:
  3687   000952  6A21               	clrf	(___fldiv@new_exp+1)^0,c
  3688   000954  0E00               	movlw	0
  3689   000956  6E20               	movwf	___fldiv@new_exp^0,c
  3690   000958  0E00               	movlw	0
  3691   00095A  6E0F               	movwf	___fldiv@b^0,c
  3692   00095C  0E00               	movlw	0
  3693   00095E  6E10               	movwf	(___fldiv@b+1)^0,c
  3694   000960  0E00               	movlw	0
  3695   000962  6E11               	movwf	(___fldiv@b+2)^0,c
  3696   000964  0E00               	movlw	0
  3697   000966  6E12               	movwf	(___fldiv@b+3)^0,c
  3698   000968  6A1F               	clrf	___fldiv@sign^0,c
  3699   00096A                     l1570:
  3700   00096A  C020  F026         	movff	___fldiv@new_exp,___fldiv@bexp
  3701   00096E  A026               	btfss	___fldiv@bexp^0,0,c
  3702   000970  EFBC  F004         	goto	u901
  3703   000974  EFBE  F004         	goto	u900
  3704   000978                     u901:
  3705   000978  EFC1  F004         	goto	l1576
  3706   00097C                     u900:
  3707   00097C  8E11               	bsf	(___fldiv@b+2)^0,7,c
  3708   00097E  EFC2  F004         	goto	l1578
  3709   000982                     l1576:
  3710   000982  9E11               	bcf	(___fldiv@b+2)^0,7,c
  3711   000984                     l1578:
  3712   000984  90D8               	bcf	status,0,c
  3713   000986  3026               	rrcf	___fldiv@bexp^0,w,c
  3714   000988  6E12               	movwf	(___fldiv@b+3)^0,c
  3715   00098A  EF7C  F003         	goto	l1494
  3716   00098E                     l905:
  3717   00098E  0012               	return		;funcret
  3718   000990                     __end_of___fldiv:
  3719                           	callstack 0
  3720                           
  3721 ;; *************** function _init_config *****************
  3722 ;; Defined at:
  3723 ;;		line 23 in file "main_ecu2.c"
  3724 ;; Parameters:    Size  Location     Type
  3725 ;;		None
  3726 ;; Auto vars:     Size  Location     Type
  3727 ;;		None
  3728 ;; Return value:  Size  Location     Type
  3729 ;;                  1    wreg      void 
  3730 ;; Registers used:
  3731 ;;		wreg, status,2, status,0, cstack
  3732 ;; Tracked objects:
  3733 ;;		On entry : 0/0
  3734 ;;		On exit  : 0/0
  3735 ;;		Unchanged: 0/0
  3736 ;; Data sizes:     COMRAM   BANK0   BANK1   BANK2   BANK3   BANK4   BANK5
  3737 ;;      Params:         0       0       0       0       0       0       0
  3738 ;;      Locals:         0       0       0       0       0       0       0
  3739 ;;      Temps:          0       0       0       0       0       0       0
  3740 ;;      Totals:         0       0       0       0       0       0       0
  3741 ;;Total ram usage:        0 bytes
  3742 ;; Hardware stack levels used: 1
  3743 ;; Hardware stack levels required when called: 1
  3744 ;; This function calls:
  3745 ;;		_init_adc
  3746 ;;		_init_can
  3747 ;;		_read_digital_keypad
  3748 ;; This function is called by:
  3749 ;;		_main
  3750 ;; This function uses a non-reentrant model
  3751 ;;
  3752                           
  3753                           	psect	text7
  3754   000FA8                     __ptext7:
  3755                           	callstack 0
  3756   000FA8                     _init_config:
  3757                           	callstack 29
  3758   000FA8                     
  3759                           ;main_ecu2.c: 26:     init_can();
  3760   000FA8  EC98  F007         	call	_init_can	;wreg free
  3761                           
  3762                           ;main_ecu2.c: 27:     read_digital_keypad(1);
  3763   000FAC  0E01               	movlw	1
  3764   000FAE  ECB5  F006         	call	_read_digital_keypad
  3765   000FB2                     
  3766                           ;main_ecu2.c: 28:     init_adc();
  3767   000FB2  ECC6  F007         	call	_init_adc	;wreg free
  3768   000FB6  0012               	return		;funcret
  3769   000FB8                     __end_of_init_config:
  3770                           	callstack 0
  3771                           
  3772 ;; *************** function _read_digital_keypad *****************
  3773 ;; Defined at:
  3774 ;;		line 9 in file "digital_keypad.c"
  3775 ;; Parameters:    Size  Location     Type
  3776 ;;  detection_ty    1    wreg     unsigned char 
  3777 ;; Auto vars:     Size  Location     Type
  3778 ;;  detection_ty    1    0[COMRAM] unsigned char 
  3779 ;; Return value:  Size  Location     Type
  3780 ;;                  1    wreg      unsigned char 
  3781 ;; Registers used:
  3782 ;;		wreg, status,2, status,0
  3783 ;; Tracked objects:
  3784 ;;		On entry : 0/0
  3785 ;;		On exit  : 0/0
  3786 ;;		Unchanged: 0/0
  3787 ;; Data sizes:     COMRAM   BANK0   BANK1   BANK2   BANK3   BANK4   BANK5
  3788 ;;      Params:         0       0       0       0       0       0       0
  3789 ;;      Locals:         1       0       0       0       0       0       0
  3790 ;;      Temps:          0       0       0       0       0       0       0
  3791 ;;      Totals:         1       0       0       0       0       0       0
  3792 ;;Total ram usage:        1 bytes
  3793 ;; Hardware stack levels used: 1
  3794 ;; This function calls:
  3795 ;;		Nothing
  3796 ;; This function is called by:
  3797 ;;		_init_config
  3798 ;;		_update_gear
  3799 ;; This function uses a non-reentrant model
  3800 ;;
  3801                           
  3802                           	psect	text8
  3803   000D6A                     __ptext8:
  3804                           	callstack 0
  3805   000D6A                     _read_digital_keypad:
  3806                           	callstack 29
  3807                           
  3808                           ;incstack = 0
  3809                           ;read_digital_keypad@detection_type stored from wreg
  3810   000D6A  6E01               	movwf	read_digital_keypad@detection_type^0,c
  3811   000D6C                     
  3812                           ;digital_keypad.c: 9: unsigned char read_digital_keypad(unsigned char detection_type);di
      +                          gital_keypad.c: 10: {;digital_keypad.c: 11:  static unsigned char once = 1;;digital_keyp
      +                          ad.c: 13:  if (detection_type == 1)
  3813   000D6C  0401               	decf	read_digital_keypad@detection_type^0,w,c
  3814   000D6E  A4D8               	btfss	status,2,c
  3815   000D70  EFBC  F006         	goto	u21
  3816   000D74  EFBE  F006         	goto	u20
  3817   000D78                     u21:
  3818   000D78  EFE3  F006         	goto	l1026
  3819   000D7C                     u20:
  3820   000D7C                     
  3821                           ;digital_keypad.c: 14:  {;digital_keypad.c: 15:   if (((PORTC & 0x0F) != 0x0F) && once)
  3822   000D7C  5082               	movf	130,w,c	;volatile
  3823   000D7E  0B0F               	andlw	15
  3824   000D80  0A0F               	xorlw	15
  3825   000D82  B4D8               	btfsc	status,2,c
  3826   000D84  EFC6  F006         	goto	u31
  3827   000D88  EFC8  F006         	goto	u30
  3828   000D8C                     u31:
  3829   000D8C  EFD5  F006         	goto	l1022
  3830   000D90                     u30:
  3831   000D90  504B               	movf	read_digital_keypad@once^0,w,c
  3832   000D92  B4D8               	btfsc	status,2,c
  3833   000D94  EFCE  F006         	goto	u41
  3834   000D98  EFD0  F006         	goto	u40
  3835   000D9C                     u41:
  3836   000D9C  EFD5  F006         	goto	l1022
  3837   000DA0                     u40:
  3838   000DA0                     
  3839                           ;digital_keypad.c: 16:   {;digital_keypad.c: 17:    once = 0;
  3840   000DA0  6A4B               	clrf	read_digital_keypad@once^0,c
  3841   000DA2                     l1016:
  3842                           
  3843                           ;digital_keypad.c: 19:    return (PORTC & 0x0F);
  3844   000DA2  5082               	movf	130,w,c	;volatile
  3845   000DA4  0B0F               	andlw	15
  3846   000DA6  EFEE  F006         	goto	l85
  3847   000DAA                     l1022:
  3848   000DAA  5082               	movf	130,w,c	;volatile
  3849   000DAC  0B0F               	andlw	15
  3850   000DAE  0A0F               	xorlw	15
  3851   000DB0  A4D8               	btfss	status,2,c
  3852   000DB2  EFDD  F006         	goto	u51
  3853   000DB6  EFDF  F006         	goto	u50
  3854   000DBA                     u51:
  3855   000DBA  EFED  F006         	goto	l1032
  3856   000DBE                     u50:
  3857   000DBE                     
  3858                           ;digital_keypad.c: 22:   {;digital_keypad.c: 23:    once = 1;
  3859   000DBE  0E01               	movlw	1
  3860   000DC0  6E4B               	movwf	read_digital_keypad@once^0,c
  3861   000DC2  EFED  F006         	goto	l1032
  3862   000DC6                     l1026:
  3863   000DC6  5001               	movf	read_digital_keypad@detection_type^0,w,c
  3864   000DC8  A4D8               	btfss	status,2,c
  3865   000DCA  EFE9  F006         	goto	u61
  3866   000DCE  EFEB  F006         	goto	u60
  3867   000DD2                     u61:
  3868   000DD2  EFED  F006         	goto	l1032
  3869   000DD6                     u60:
  3870   000DD6  EFD1  F006         	goto	l1016
  3871   000DDA                     l1032:
  3872                           
  3873                           ;digital_keypad.c: 31:  return 0xFF;
  3874   000DDA  0EFF               	movlw	255
  3875   000DDC                     l85:
  3876   000DDC  0012               	return		;funcret
  3877   000DDE                     __end_of_read_digital_keypad:
  3878                           	callstack 0
  3879                           
  3880 ;; *************** function _init_can *****************
  3881 ;; Defined at:
  3882 ;;		line 23 in file "CAN.c"
  3883 ;; Parameters:    Size  Location     Type
  3884 ;;		None
  3885 ;; Auto vars:     Size  Location     Type
  3886 ;;		None
  3887 ;; Return value:  Size  Location     Type
  3888 ;;                  1    wreg      void 
  3889 ;; Registers used:
  3890 ;;		wreg, status,2, status,0
  3891 ;; Tracked objects:
  3892 ;;		On entry : 0/0
  3893 ;;		On exit  : 0/0
  3894 ;;		Unchanged: 0/0
  3895 ;; Data sizes:     COMRAM   BANK0   BANK1   BANK2   BANK3   BANK4   BANK5
  3896 ;;      Params:         0       0       0       0       0       0       0
  3897 ;;      Locals:         0       0       0       0       0       0       0
  3898 ;;      Temps:          0       0       0       0       0       0       0
  3899 ;;      Totals:         0       0       0       0       0       0       0
  3900 ;;Total ram usage:        0 bytes
  3901 ;; Hardware stack levels used: 1
  3902 ;; This function calls:
  3903 ;;		Nothing
  3904 ;; This function is called by:
  3905 ;;		_init_config
  3906 ;; This function uses a non-reentrant model
  3907 ;;
  3908                           
  3909                           	psect	text9
  3910   000F30                     __ptext9:
  3911                           	callstack 0
  3912   000F30                     _init_can:
  3913                           	callstack 29
  3914   000F30                     
  3915                           ;CAN.c: 25:     TRISB2 = 0;
  3916   000F30  9493               	bcf	3987,2,c	;volatile
  3917                           
  3918                           ;CAN.c: 26:     TRISB3 = 1;
  3919   000F32  8693               	bsf	3987,3,c	;volatile
  3920   000F34                     
  3921                           ;CAN.c: 30:     { CANCON &= 0x1F; CANCON |= e_can_op_mode_config; };
  3922   000F34  0E1F               	movlw	31
  3923   000F36  166F               	andwf	111,f,c	;volatile
  3924   000F38  8E6F               	bsf	111,7,c	;volatile
  3925   000F3A                     l1042:
  3926   000F3A  0E80               	movlw	128
  3927   000F3C  186E               	xorwf	110,w,c	;volatile
  3928   000F3E  A4D8               	btfss	status,2,c
  3929   000F40  EFA4  F007         	goto	u71
  3930   000F44  EFA6  F007         	goto	u70
  3931   000F48                     u71:
  3932   000F48  EF9D  F007         	goto	l1042
  3933   000F4C                     u70:
  3934   000F4C                     
  3935                           ;CAN.c: 36:     ECANCON = 0x00;
  3936   000F4C  6A77               	clrf	119,c	;volatile
  3937   000F4E                     
  3938                           ;CAN.c: 39:     BRGCON1 = 0xE1;
  3939   000F4E  0EE1               	movlw	225
  3940   000F50  6E70               	movwf	112,c	;volatile
  3941                           
  3942                           ;CAN.c: 40:     BRGCON2 = 0x1B;
  3943   000F52  0E1B               	movlw	27
  3944   000F54  6E71               	movwf	113,c	;volatile
  3945                           
  3946                           ;CAN.c: 41:     BRGCON3 = 0x03;
  3947   000F56  0E03               	movlw	3
  3948   000F58  6E72               	movwf	114,c	;volatile
  3949   000F5A                     
  3950                           ;CAN.c: 47:     RXFCON0 = 0x00;
  3951   000F5A  010D               	movlb	13	; () banked
  3952   000F5C  6BD4               	clrf	212,b	;volatile
  3953   000F5E                     
  3954                           ; BSR set to: 13
  3955                           ;CAN.c: 49:     { CANCON &= 0x1F; CANCON |= e_can_op_mode_normal; };
  3956   000F5E  0E1F               	movlw	31
  3957   000F60  166F               	andwf	111,f,c	;volatile
  3958   000F62                     
  3959                           ; BSR set to: 13
  3960   000F62  506F               	movf	111,w,c	;volatile
  3961   000F64                     
  3962                           ; BSR set to: 13
  3963                           ;CAN.c: 52:     RXB0CON = 0x00;
  3964   000F64  6A60               	clrf	96,c	;volatile
  3965   000F66                     
  3966                           ; BSR set to: 13
  3967   000F66  0012               	return		;funcret
  3968   000F68                     __end_of_init_can:
  3969                           	callstack 0
  3970                           
  3971 ;; *************** function _init_adc *****************
  3972 ;; Defined at:
  3973 ;;		line 5 in file "adc.c"
  3974 ;; Parameters:    Size  Location     Type
  3975 ;;		None
  3976 ;; Auto vars:     Size  Location     Type
  3977 ;;		None
  3978 ;; Return value:  Size  Location     Type
  3979 ;;                  1    wreg      void 
  3980 ;; Registers used:
  3981 ;;		None
  3982 ;; Tracked objects:
  3983 ;;		On entry : 0/0
  3984 ;;		On exit  : 0/0
  3985 ;;		Unchanged: 0/0
  3986 ;; Data sizes:     COMRAM   BANK0   BANK1   BANK2   BANK3   BANK4   BANK5
  3987 ;;      Params:         0       0       0       0       0       0       0
  3988 ;;      Locals:         0       0       0       0       0       0       0
  3989 ;;      Temps:          0       0       0       0       0       0       0
  3990 ;;      Totals:         0       0       0       0       0       0       0
  3991 ;;Total ram usage:        0 bytes
  3992 ;; Hardware stack levels used: 1
  3993 ;; This function calls:
  3994 ;;		Nothing
  3995 ;; This function is called by:
  3996 ;;		_init_config
  3997 ;; This function uses a non-reentrant model
  3998 ;;
  3999                           
  4000                           	psect	text10
  4001   000F8C                     __ptext10:
  4002                           	callstack 0
  4003   000F8C                     _init_adc:
  4004                           	callstack 29
  4005   000F8C                     
  4006                           ;adc.c: 8:  ADFM = 1;
  4007   000F8C  8EC0               	bsf	4032,7,c	;volatile
  4008                           
  4009                           ;adc.c: 14:  ACQT2 = 0;
  4010   000F8E  9AC0               	bcf	4032,5,c	;volatile
  4011                           
  4012                           ;adc.c: 15:  ACQT1 = 1;
  4013   000F90  88C0               	bsf	4032,4,c	;volatile
  4014                           
  4015                           ;adc.c: 16:  ACQT0 = 0;
  4016   000F92  96C0               	bcf	4032,3,c	;volatile
  4017                           
  4018                           ;adc.c: 22:  ADCS0 = 0;
  4019   000F94  90C0               	bcf	4032,0,c	;volatile
  4020                           
  4021                           ;adc.c: 23:  ADCS1 = 1;
  4022   000F96  82C0               	bsf	4032,1,c	;volatile
  4023                           
  4024                           ;adc.c: 24:  ADCS2 = 0;
  4025   000F98  94C0               	bcf	4032,2,c	;volatile
  4026                           
  4027                           ;adc.c: 27:  GODONE = 0;
  4028   000F9A  92C2               	bcf	4034,1,c	;volatile
  4029                           
  4030                           ;adc.c: 32:  VCFG1 = 0;
  4031   000F9C  9AC1               	bcf	4033,5,c	;volatile
  4032                           
  4033                           ;adc.c: 34:  VCFG0 = 0;
  4034   000F9E  98C1               	bcf	4033,4,c	;volatile
  4035                           
  4036                           ;adc.c: 37:  ADRESH = 0;
  4037   000FA0  6AC4               	clrf	196,c	;volatile
  4038                           
  4039                           ;adc.c: 38:  ADRESL = 0;
  4040   000FA2  6AC3               	clrf	195,c	;volatile
  4041                           
  4042                           ;adc.c: 41:  ADON = 1;
  4043   000FA4  80C2               	bsf	4034,0,c	;volatile
  4044   000FA6  0012               	return		;funcret
  4045   000FA8                     __end_of_init_adc:
  4046                           	callstack 0
  4047                           
  4048 ;; *************** function _can_transmit *****************
  4049 ;; Defined at:
  4050 ;;		line 69 in file "CAN.c"
  4051 ;; Parameters:    Size  Location     Type
  4052 ;;  msg_id          2    4[COMRAM] unsigned short 
  4053 ;;  data            1    6[COMRAM] PTR const unsigned char 
  4054 ;;		 -> speed_val(2), gear_val(1), 
  4055 ;;  len             1    7[COMRAM] unsigned char 
  4056 ;; Auto vars:     Size  Location     Type
  4057 ;;  i               2   13[COMRAM] int 
  4058 ;;  ptr             2   11[COMRAM] PTR unsigned char 
  4059 ;;		 -> TXB0D0(1), 
  4060 ;; Return value:  Size  Location     Type
  4061 ;;                  1    wreg      void 
  4062 ;; Registers used:
  4063 ;;		wreg, fsr1l, fsr1h, fsr2l, fsr2h, status,2, status,0, cstack
  4064 ;; Tracked objects:
  4065 ;;		On entry : 0/0
  4066 ;;		On exit  : 0/0
  4067 ;;		Unchanged: 0/0
  4068 ;; Data sizes:     COMRAM   BANK0   BANK1   BANK2   BANK3   BANK4   BANK5
  4069 ;;      Params:         4       0       0       0       0       0       0
  4070 ;;      Locals:         4       0       0       0       0       0       0
  4071 ;;      Temps:          3       0       0       0       0       0       0
  4072 ;;      Totals:        11       0       0       0       0       0       0
  4073 ;;Total ram usage:       11 bytes
  4074 ;; Hardware stack levels used: 1
  4075 ;; Hardware stack levels required when called: 1
  4076 ;; This function calls:
  4077 ;;		_set_msg_id_std
  4078 ;; This function is called by:
  4079 ;;		_main
  4080 ;; This function uses a non-reentrant model
  4081 ;;
  4082                           
  4083                           	psect	text11
  4084   000DDE                     __ptext11:
  4085                           	callstack 0
  4086   000DDE                     _can_transmit:
  4087                           	callstack 29
  4088   000DDE                     
  4089                           ;CAN.c: 70:     uint8_t *ptr;;CAN.c: 71:     TXB0EIDH = 0x00;
  4090   000DDE  010F               	movlb	15	; () banked
  4091   000DE0  6B43               	clrf	67,b	;volatile
  4092                           
  4093                           ;CAN.c: 72:     TXB0EIDL = 0x00;
  4094   000DE2  6B44               	clrf	68,b	;volatile
  4095   000DE4                     
  4096                           ; BSR set to: 15
  4097                           ;CAN.c: 75:     set_msg_id_std(msg_id);
  4098   000DE4  C005  F001         	movff	can_transmit@msg_id,set_msg_id_std@id
  4099   000DE8  C006  F002         	movff	can_transmit@msg_id+1,set_msg_id_std@id+1
  4100   000DEC  EC7A  F007         	call	_set_msg_id_std	;wreg free
  4101   000DF0                     
  4102                           ;CAN.c: 78:     TXB0DLC = len;
  4103   000DF0  C008  FF45         	movff	can_transmit@len,3909	;volatile
  4104   000DF4                     
  4105                           ;CAN.c: 83:     ptr = (uint8_t *) & TXB0D0;
  4106   000DF4  0E46               	movlw	70
  4107   000DF6  6E0C               	movwf	can_transmit@ptr^0,c
  4108   000DF8  0E0F               	movlw	15
  4109   000DFA  6E0D               	movwf	(can_transmit@ptr+1)^0,c
  4110   000DFC                     
  4111                           ;CAN.c: 84:     for (int i = 0; i < len; i++) {
  4112   000DFC  6A0F               	clrf	(can_transmit@i+1)^0,c
  4113   000DFE  0E00               	movlw	0
  4114   000E00  6E0E               	movwf	can_transmit@i^0,c
  4115   000E02  EF11  F007         	goto	l1690
  4116   000E06                     l1686:
  4117                           
  4118                           ;CAN.c: 85:         ptr[i] = data[i];
  4119   000E06  5007               	movf	can_transmit@data^0,w,c
  4120   000E08  240E               	addwf	can_transmit@i^0,w,c
  4121   000E0A  6ED9               	movwf	fsr2l,c
  4122   000E0C  6ADA               	clrf	fsr2h,c
  4123   000E0E  500E               	movf	can_transmit@i^0,w,c
  4124   000E10  240C               	addwf	can_transmit@ptr^0,w,c
  4125   000E12  6EE1               	movwf	fsr1l,c
  4126   000E14  500F               	movf	(can_transmit@i+1)^0,w,c
  4127   000E16  200D               	addwfc	(can_transmit@ptr+1)^0,w,c
  4128   000E18  6EE2               	movwf	fsr1h,c
  4129   000E1A  CFDF FFE7          	movff	indf2,indf1
  4130   000E1E                     
  4131                           ;CAN.c: 86:     }
  4132   000E1E  4A0E               	infsnz	can_transmit@i^0,f,c
  4133   000E20  2A0F               	incf	(can_transmit@i+1)^0,f,c
  4134   000E22                     l1690:
  4135   000E22  5008               	movf	can_transmit@len^0,w,c
  4136   000E24  6E09               	movwf	??_can_transmit^0,c
  4137   000E26  6A0A               	clrf	(??_can_transmit+1)^0,c
  4138   000E28  5009               	movf	??_can_transmit^0,w,c
  4139   000E2A  5C0E               	subwf	can_transmit@i^0,w,c
  4140   000E2C  500F               	movf	(can_transmit@i+1)^0,w,c
  4141   000E2E  0A80               	xorlw	128
  4142   000E30  6E0B               	movwf	(??_can_transmit+2)^0,c
  4143   000E32  500A               	movf	(??_can_transmit+1)^0,w,c
  4144   000E34  0A80               	xorlw	128
  4145   000E36  580B               	subwfb	(??_can_transmit+2)^0,w,c
  4146   000E38  A0D8               	btfss	status,0,c
  4147   000E3A  EF21  F007         	goto	u1081
  4148   000E3E  EF23  F007         	goto	u1080
  4149   000E42                     u1081:
  4150   000E42  EF03  F007         	goto	l1686
  4151   000E46                     u1080:
  4152   000E46                     
  4153                           ;CAN.c: 87:     TXB0REQ = 1;
  4154   000E46  010F               	movlb	15	; () banked
  4155   000E48  8740               	bsf	64,3,b	;volatile
  4156   000E4A                     
  4157                           ; BSR set to: 15
  4158   000E4A  0012               	return		;funcret
  4159   000E4C                     __end_of_can_transmit:
  4160                           	callstack 0
  4161                           
  4162 ;; *************** function _set_msg_id_std *****************
  4163 ;; Defined at:
  4164 ;;		line 62 in file "CAN.c"
  4165 ;; Parameters:    Size  Location     Type
  4166 ;;  id              2    0[COMRAM] unsigned int 
  4167 ;; Auto vars:     Size  Location     Type
  4168 ;;		None
  4169 ;; Return value:  Size  Location     Type
  4170 ;;                  1    wreg      void 
  4171 ;; Registers used:
  4172 ;;		wreg, status,2, status,0
  4173 ;; Tracked objects:
  4174 ;;		On entry : 0/0
  4175 ;;		On exit  : 0/0
  4176 ;;		Unchanged: 0/0
  4177 ;; Data sizes:     COMRAM   BANK0   BANK1   BANK2   BANK3   BANK4   BANK5
  4178 ;;      Params:         2       0       0       0       0       0       0
  4179 ;;      Locals:         0       0       0       0       0       0       0
  4180 ;;      Temps:          2       0       0       0       0       0       0
  4181 ;;      Totals:         4       0       0       0       0       0       0
  4182 ;;Total ram usage:        4 bytes
  4183 ;; Hardware stack levels used: 1
  4184 ;; This function calls:
  4185 ;;		Nothing
  4186 ;; This function is called by:
  4187 ;;		_can_transmit
  4188 ;; This function uses a non-reentrant model
  4189 ;;
  4190                           
  4191                           	psect	text12
  4192   000EF4                     __ptext12:
  4193                           	callstack 0
  4194   000EF4                     _set_msg_id_std:
  4195                           	callstack 29
  4196   000EF4                     
  4197                           ;CAN.c: 63:     TXB0SIDL = (id & 0x7) << 5;
  4198   000EF4  C001  F003         	movff	set_msg_id_std@id,??_set_msg_id_std
  4199   000EF8  0E07               	movlw	7
  4200   000EFA  1603               	andwf	??_set_msg_id_std^0,f,c
  4201   000EFC  0E05               	movlw	5
  4202   000EFE  6E04               	movwf	(??_set_msg_id_std+1)^0,c
  4203   000F00                     u675:
  4204   000F00  90D8               	bcf	status,0,c
  4205   000F02  3603               	rlcf	??_set_msg_id_std^0,f,c
  4206   000F04  2E04               	decfsz	(??_set_msg_id_std+1)^0,f,c
  4207   000F06  EF80  F007         	goto	u675
  4208   000F0A  5003               	movf	??_set_msg_id_std^0,w,c
  4209   000F0C  010F               	movlb	15	; () banked
  4210   000F0E  6F42               	movwf	66,b	;volatile
  4211                           
  4212                           ;CAN.c: 64:     TXB0SIDH = (id >> 3);
  4213   000F10  C001  F003         	movff	set_msg_id_std@id,??_set_msg_id_std
  4214   000F14  C002  F004         	movff	set_msg_id_std@id+1,??_set_msg_id_std+1
  4215   000F18  90D8               	bcf	status,0,c
  4216   000F1A  3204               	rrcf	(??_set_msg_id_std+1)^0,f,c
  4217   000F1C  3203               	rrcf	??_set_msg_id_std^0,f,c
  4218   000F1E  90D8               	bcf	status,0,c
  4219   000F20  3204               	rrcf	(??_set_msg_id_std+1)^0,f,c
  4220   000F22  3203               	rrcf	??_set_msg_id_std^0,f,c
  4221   000F24  90D8               	bcf	status,0,c
  4222   000F26  3204               	rrcf	(??_set_msg_id_std+1)^0,f,c
  4223   000F28  3203               	rrcf	??_set_msg_id_std^0,f,c
  4224   000F2A  5003               	movf	??_set_msg_id_std^0,w,c
  4225   000F2C  6F41               	movwf	65,b	;volatile
  4226   000F2E                     
  4227                           ; BSR set to: 15
  4228   000F2E  0012               	return		;funcret
  4229   000F30                     __end_of_set_msg_id_std:
  4230                           	callstack 0
  4231                           
  4232                           	psect	smallconst
  4233   000600                     __psmallconst:
  4234                           	callstack 0
  4235   000600  00                 	db	0
  4236   000601  00                 	db	0	; dummy byte at the end
  4237   000600                     __smallconst    set	__psmallconst
  4238   000600                     __mediumconst   set	__psmallconst
  4239   000000                     __activetblptr  equ	0
  4240                           
  4241                           	psect	rparam
  4242   000001                     ___rparam_used  equ	1
  4243   000000                     ___param_bank   equ	0
  4244   000000                     __Lparam        equ	__Lrparam
  4245   000000                     __Hparam        equ	__Hrparam
  4246                           
  4247                           	psect	idloc
  4248                           
  4249                           ;Config register IDLOC0 @ 0x200000
  4250                           ;	unspecified, using default values
  4251   200000                     	org	2097152
  4252   200000  FF                 	db	255
  4253                           
  4254                           ;Config register IDLOC1 @ 0x200001
  4255                           ;	unspecified, using default values
  4256   200001                     	org	2097153
  4257   200001  FF                 	db	255
  4258                           
  4259                           ;Config register IDLOC2 @ 0x200002
  4260                           ;	unspecified, using default values
  4261   200002                     	org	2097154
  4262   200002  FF                 	db	255
  4263                           
  4264                           ;Config register IDLOC3 @ 0x200003
  4265                           ;	unspecified, using default values
  4266   200003                     	org	2097155
  4267   200003  FF                 	db	255
  4268                           
  4269                           ;Config register IDLOC4 @ 0x200004
  4270                           ;	unspecified, using default values
  4271   200004                     	org	2097156
  4272   200004  FF                 	db	255
  4273                           
  4274                           ;Config register IDLOC5 @ 0x200005
  4275                           ;	unspecified, using default values
  4276   200005                     	org	2097157
  4277   200005  FF                 	db	255
  4278                           
  4279                           ;Config register IDLOC6 @ 0x200006
  4280                           ;	unspecified, using default values
  4281   200006                     	org	2097158
  4282   200006  FF                 	db	255
  4283                           
  4284                           ;Config register IDLOC7 @ 0x200007
  4285                           ;	unspecified, using default values
  4286   200007                     	org	2097159
  4287   200007  FF                 	db	255
  4288                           
  4289                           	psect	config
  4290                           
  4291                           ; Padding undefined space
  4292   300000                     	org	3145728
  4293   300000  FF                 	db	255
  4294                           
  4295                           ;Config register CONFIG1H @ 0x300001
  4296                           ;	unspecified, using default values
  4297                           ;	Oscillator Selection bits
  4298                           ;	OSC = 0x7, unprogrammed default
  4299                           ;	Fail-Safe Clock Monitor Enable bit
  4300                           ;	FCMEN = 0x0, unprogrammed default
  4301                           ;	Internal/External Oscillator Switchover bit
  4302                           ;	IESO = 0x0, unprogrammed default
  4303   300001                     	org	3145729
  4304   300001  07                 	db	7
  4305                           
  4306                           ;Config register CONFIG2L @ 0x300002
  4307                           ;	unspecified, using default values
  4308                           ;	Power-up Timer Enable bit
  4309                           ;	PWRT = 0x1, unprogrammed default
  4310                           ;	Brown-out Reset Enable bits
  4311                           ;	BOREN = 0x3, unprogrammed default
  4312                           ;	Brown-out Reset Voltage bits
  4313                           ;	BORV = 0x3, unprogrammed default
  4314   300002                     	org	3145730
  4315   300002  1F                 	db	31
  4316                           
  4317                           ;Config register CONFIG2H @ 0x300003
  4318                           ;	unspecified, using default values
  4319                           ;	Watchdog Timer Enable bit
  4320                           ;	WDT = 0x1, unprogrammed default
  4321                           ;	Watchdog Timer Postscale Select bits
  4322                           ;	WDTPS = 0xF, unprogrammed default
  4323   300003                     	org	3145731
  4324   300003  1F                 	db	31
  4325                           
  4326                           ; Padding undefined space
  4327   300004                     	org	3145732
  4328   300004  FF                 	db	255
  4329                           
  4330                           ;Config register CONFIG3H @ 0x300005
  4331                           ;	unspecified, using default values
  4332                           ;	PORTB A/D Enable bit
  4333                           ;	PBADEN = 0x1, unprogrammed default
  4334                           ;	Low-Power Timer 1 Oscillator Enable bit
  4335                           ;	LPT1OSC = 0x0, unprogrammed default
  4336                           ;	MCLR Pin Enable bit
  4337                           ;	MCLRE = 0x1, unprogrammed default
  4338   300005                     	org	3145733
  4339   300005  82                 	db	130
  4340                           
  4341                           ;Config register CONFIG4L @ 0x300006
  4342                           ;	unspecified, using default values
  4343                           ;	Stack Full/Underflow Reset Enable bit
  4344                           ;	STVREN = 0x1, unprogrammed default
  4345                           ;	Single-Supply ICSP Enable bit
  4346                           ;	LVP = 0x1, unprogrammed default
  4347                           ;	Boot Block Size Select bit
  4348                           ;	BBSIZ = 0x0, unprogrammed default
  4349                           ;	Extended Instruction Set Enable bit
  4350                           ;	XINST = 0x0, unprogrammed default
  4351                           ;	Background Debugger Enable bit
  4352                           ;	DEBUG = 0x1, unprogrammed default
  4353   300006                     	org	3145734
  4354   300006  85                 	db	133
  4355                           
  4356                           ; Padding undefined space
  4357   300007                     	org	3145735
  4358   300007  FF                 	db	255
  4359                           
  4360                           ;Config register CONFIG5L @ 0x300008
  4361                           ;	unspecified, using default values
  4362                           ;	Code Protection bit
  4363                           ;	CP0 = 0x1, unprogrammed default
  4364                           ;	Code Protection bit
  4365                           ;	CP1 = 0x1, unprogrammed default
  4366                           ;	Code Protection bit
  4367                           ;	CP2 = 0x1, unprogrammed default
  4368                           ;	Code Protection bit
  4369                           ;	CP3 = 0x1, unprogrammed default
  4370   300008                     	org	3145736
  4371   300008  0F                 	db	15
  4372                           
  4373                           ;Config register CONFIG5H @ 0x300009
  4374                           ;	unspecified, using default values
  4375                           ;	Boot Block Code Protection bit
  4376                           ;	CPB = 0x1, unprogrammed default
  4377                           ;	Data EEPROM Code Protection bit
  4378                           ;	CPD = 0x1, unprogrammed default
  4379   300009                     	org	3145737
  4380   300009  C0                 	db	192
  4381                           
  4382                           ;Config register CONFIG6L @ 0x30000A
  4383                           ;	unspecified, using default values
  4384                           ;	Write Protection bit
  4385                           ;	WRT0 = 0x1, unprogrammed default
  4386                           ;	Write Protection bit
  4387                           ;	WRT1 = 0x1, unprogrammed default
  4388                           ;	Write Protection bit
  4389                           ;	WRT2 = 0x1, unprogrammed default
  4390                           ;	Write Protection bit
  4391                           ;	WRT3 = 0x1, unprogrammed default
  4392   30000A                     	org	3145738
  4393   30000A  0F                 	db	15
  4394                           
  4395                           ;Config register CONFIG6H @ 0x30000B
  4396                           ;	unspecified, using default values
  4397                           ;	Configuration Register Write Protection bit
  4398                           ;	WRTC = 0x1, unprogrammed default
  4399                           ;	Boot Block Write Protection bit
  4400                           ;	WRTB = 0x1, unprogrammed default
  4401                           ;	Data EEPROM Write Protection bit
  4402                           ;	WRTD = 0x1, unprogrammed default
  4403   30000B                     	org	3145739
  4404   30000B  E0                 	db	224
  4405                           
  4406                           ;Config register CONFIG7L @ 0x30000C
  4407                           ;	unspecified, using default values
  4408                           ;	Table Read Protection bit
  4409                           ;	EBTR0 = 0x1, unprogrammed default
  4410                           ;	Table Read Protection bit
  4411                           ;	EBTR1 = 0x1, unprogrammed default
  4412                           ;	Table Read Protection bit
  4413                           ;	EBTR2 = 0x1, unprogrammed default
  4414                           ;	Table Read Protection bit
  4415                           ;	EBTR3 = 0x1, unprogrammed default
  4416   30000C                     	org	3145740
  4417   30000C  0F                 	db	15
  4418                           
  4419                           ;Config register CONFIG7H @ 0x30000D
  4420                           ;	unspecified, using default values
  4421                           ;	Boot Block Table Read Protection bit
  4422                           ;	EBTRB = 0x1, unprogrammed default
  4423   30000D                     	org	3145741
  4424   30000D  40                 	db	64
  4425                           tosu	equ	0xFFF
  4426                           tosh	equ	0xFFE
  4427                           tosl	equ	0xFFD
  4428                           stkptr	equ	0xFFC
  4429                           pclatu	equ	0xFFB
  4430                           pclath	equ	0xFFA
  4431                           pcl	equ	0xFF9
  4432                           tblptru	equ	0xFF8
  4433                           tblptrh	equ	0xFF7
  4434                           tblptrl	equ	0xFF6
  4435                           tablat	equ	0xFF5
  4436                           prodh	equ	0xFF4
  4437                           prodl	equ	0xFF3
  4438                           indf0	equ	0xFEF
  4439                           postinc0	equ	0xFEE
  4440                           postdec0	equ	0xFED
  4441                           preinc0	equ	0xFEC
  4442                           plusw0	equ	0xFEB
  4443                           fsr0h	equ	0xFEA
  4444                           fsr0l	equ	0xFE9
  4445                           wreg	equ	0xFE8
  4446                           indf1	equ	0xFE7
  4447                           postinc1	equ	0xFE6
  4448                           postdec1	equ	0xFE5
  4449                           preinc1	equ	0xFE4
  4450                           plusw1	equ	0xFE3
  4451                           fsr1h	equ	0xFE2
  4452                           fsr1l	equ	0xFE1
  4453                           bsr	equ	0xFE0
  4454                           indf2	equ	0xFDF
  4455                           postinc2	equ	0xFDE
  4456                           postdec2	equ	0xFDD
  4457                           preinc2	equ	0xFDC
  4458                           plusw2	equ	0xFDB
  4459                           fsr2h	equ	0xFDA
  4460                           fsr2l	equ	0xFD9
  4461                           status	equ	0xFD8

Data Sizes:
    Strings     0
    Constant    0
    Data        1
    BSS         17
    Persistent  0
    Stack       0

Auto Spaces:
    Space          Size  Autos    Used
    COMRAM           95     57      75
    BANK0           160      0       0
    BANK1           256      0       0
    BANK2           256      0       0
    BANK3           256      0       0
    BANK4           256      0       0
    BANK5           256      0       0

Pointer List with Targets:

    can_transmit@data	PTR const unsigned char  size(1) Largest target is 2
		 -> gear_val(COMRAM[1]), speed_val(COMRAM[2]), 

    can_transmit@ptr	PTR unsigned char  size(2) Largest target is 1
		 -> TXB0D0(SFR_2[1]), 


Critical Paths under _main in COMRAM

    _main->_read_speed
    _update_gear->_read_digital_keypad
    _read_speed->___fltol
    ___fltol->___fldiv
    ___fldiv->___xxtofl
    _init_config->_read_digital_keypad
    _can_transmit->_set_msg_id_std

Critical Paths under _main in BANK0

    None.

Critical Paths under _main in BANK1

    None.

Critical Paths under _main in BANK2

    None.

Critical Paths under _main in BANK3

    None.

Critical Paths under _main in BANK4

    None.

Critical Paths under _main in BANK5

    None.

Call Graph Tables:

 ---------------------------------------------------------------------------------
 (Depth) Function   	        Calls       Base Space   Used Autos Params    Refs
 ---------------------------------------------------------------------------------
 (0) _main                                                 4     4      0    2176
                                             53 COMRAM     4     4      0
                       _can_transmit
                        _init_config
                         _read_speed
                        _update_gear
 ---------------------------------------------------------------------------------
 (1) _update_gear                                          1     1      0     105
                                              1 COMRAM     1     1      0
                _read_digital_keypad
 ---------------------------------------------------------------------------------
 (1) _read_speed                                           4     2      2    1765
                                             49 COMRAM     4     2      2
                            ___fldiv
                            ___fltol
                           ___xxtofl
                           _read_adc
 ---------------------------------------------------------------------------------
 (2) _read_adc                                             7     5      2      52
                                              0 COMRAM     7     5      2
 ---------------------------------------------------------------------------------
 (2) ___xxtofl                                            14    10      4     337
                                              0 COMRAM    14    10      4
 ---------------------------------------------------------------------------------
 (2) ___fltol                                             10     6      4     230
                                             39 COMRAM    10     6      4
                            ___fldiv (ARG)
                           ___xxtofl (ARG)
 ---------------------------------------------------------------------------------
 (2) ___fldiv                                             25    17      8    1123
                                             14 COMRAM    25    17      8
                           ___xxtofl (ARG)
 ---------------------------------------------------------------------------------
 (1) _init_config                                          0     0      0      30
                           _init_adc
                           _init_can
                _read_digital_keypad
 ---------------------------------------------------------------------------------
 (2) _read_digital_keypad                                  1     1      0      30
                                              0 COMRAM     1     1      0
 ---------------------------------------------------------------------------------
 (2) _init_can                                             0     0      0       0
 ---------------------------------------------------------------------------------
 (2) _init_adc                                             0     0      0       0
 ---------------------------------------------------------------------------------
 (1) _can_transmit                                        11     7      4     230
                                              4 COMRAM    11     7      4
                     _set_msg_id_std
 ---------------------------------------------------------------------------------
 (2) _set_msg_id_std                                       4     2      2      45
                                              0 COMRAM     4     2      2
 ---------------------------------------------------------------------------------
 Estimated maximum stack depth 2
 ---------------------------------------------------------------------------------

 Call Graph Graphs:

 _main (ROOT)
   _can_transmit
     _set_msg_id_std
   _init_config
     _init_adc
     _init_can
     _read_digital_keypad
   _read_speed
     ___fldiv
       ___xxtofl (ARG)
     ___fltol
       ___fldiv (ARG)
       ___xxtofl (ARG)
     ___xxtofl
     _read_adc
   _update_gear
     _read_digital_keypad

Address spaces:
Name               Size   Autos  Total    Usage
BIGRAM            1535      0       0      0.0%
BITBIGSFRlh        410      0       0      0.0%
BITBANK5           256      0       0      0.0%
BANK5              256      0       0      0.0%
BITBANK4           256      0       0      0.0%
BANK4              256      0       0      0.0%
BITBANK3           256      0       0      0.0%
BANK3              256      0       0      0.0%
BITBANK2           256      0       0      0.0%
BANK2              256      0       0      0.0%
BITBANK1           256      0       0      0.0%
BANK1              256      0       0      0.0%
BITBIGSFRll        212      0       0      0.0%
BITBANK0           160      0       0      0.0%
BANK0              160      0       0      0.0%
BITBIGSFRh         144      0       0      0.0%
BITCOMRAM           95      0       0      0.0%
COMRAM              95     57      75     78.9%
STACK                0      0       0      0.0%
DATA                 0      0      75      0.0%


Microchip Technology PIC18 Macro Assembler V3.10 build 20250813170317 
Symbol Table                                                                                   Mon Dec  8 12:45:17 2025

                     ___fldiv@aexp 0027                       ___fldiv@bexp 0026  
                     ___fldiv@sign 001F                                 l33 0FA6  
                               l36 0EC6                                 l39 0EF2  
                               l85 0DDC                                 _GO 7E11  
                               u20 0D7C                                 u21 0D78  
                               u30 0D90                                 u31 0D8C  
                               u40 0DA0                                 u41 0D9C  
                               u50 0DBE                                 u51 0DBA  
                               u60 0DD6                                 u61 0DD2  
                               u70 0F4C                                 u71 0F48  
                              l201 0CEE                                l140 0F4C  
                              l141 0F66                                l152 0E46  
                              l153 0E4A                                l147 0F2E  
                              l181 0FB6                                l184 0EAC  
                              l195 0CE6                                l620 0C48  
                              l196 0CE8                                l910 07B8  
                              l905 098E                                l907 07F4  
                              l916 083A                                l917 0858  
                              l918 08B0                                l919 089E  
                              l981 0B42                                l992 0ADA  
                              l985 0A7E                                l978 09E6  
                              l996 0F8C                                _RC0 7C10  
                              _RC1 7C11                                _RC2 7C12  
                              _RD7 7C1F                                u500 0C64  
                              u501 0C60                                u510 0C74  
                              u511 0C70                                u520 0C88  
                              u521 0C84                                u530 0C98  
                              u531 0C94                                u700 063E  
                              u540 0CAC                                u701 063A  
                              u541 0CA8                                u710 0680  
                              u550 0CC2                                u711 067C  
                              u551 0CBE                                u800 081A  
                              u720 0692                                u560 0CD4  
                              u801 0816                                u721 068E  
                              u561 0CD0                                u810 0838  
                              u730 06A2                                u570 0CE6  
                              u811 0834                                u731 069E  
                              u571 0CE2                                u900 097C  
                              u820 0858                                u740 06E0  
                              u660 0ED4                                u901 0978  
                              u821 0854                                u741 06DC  
                              u661 0ED0                                u830 0868  
                              u750 0720                                u910 0B5A  
                              u831 0864                                u751 071C  
                              u911 0B56                                u840 0896  
                              u760 0794                                u680 061C  
                              u920 0B8E                                u841 0892  
                              u761 0790                                u681 0618  
                              u850 08AC                                u770 07B6  
                              u690 062E                                u930 0BBC  
                              u675 0F00                                u851 08A8  
                              u771 07B2                                u691 062A  
                              u931 0BB8                                u860 08C0  
                              u780 07E0                                u940 0BD0  
                              u861 08BC                                u781 07DC  
                              u941 0BCC                                u925 0B84  
                              u870 08DA                                u790 0804  
                              u950 0BF8                                u871 08D6  
                              u791 0800                                u951 0BF4  
                              u880 0922                                u960 0C18  
                              u881 091E                                u961 0C14  
                              u890 0952                                u970 0C28  
                              u891 094E                                u971 0C24  
                              u980 09A2                                u981 099E  
                              u990 09B0                                u991 09AC  
                              wreg 0FE8                       ___fltol@exp1 0031  
                             l1010 0D7C                               l1012 0D90  
                             l1014 0DA0                               l1022 0DAA  
                             l1040 0F38                               l1024 0DBE  
                             l1032 0DDA                               l1016 0DA2  
                             l1008 0D6C                               l1050 0F62  
                             l1042 0F3A                               l1026 0DC6  
                             l1052 0F64                               l1044 0F4E  
                             l1036 0F30                               l1300 0FB2  
                             l1046 0F5A                               l1038 0F34  
                             l1310 0C64                               l1048 0F5E  
                             l1320 0C9A                               l1312 0C74  
                             l1322 0CAC                               l1314 0C76  
                             l1306 0C4A                               l1500 0710  
                             l1324 0CB0                               l1316 0C88  
                             l1308 0C52                               l1510 074E  
                             l1502 0720                               l1326 0CC2  
                             l1318 0C98                               l1520 0794  
                             l1512 075E                               l1504 0720  
                             l1600 0BAE                               l1440 0EC4  
                             l1328 0CD4              ??_read_digital_keypad 0001  
                             l1530 07E2                               l1522 07A8  
                             l1514 076E                               l1450 0602  
                             l1610 0BDE                               l1602 0BBC  
                             l1442 0ED4                               l1540 082A  
                             l1532 07F2                               l1524 07B6  
                             l1516 077E                               l1508 0734  
                             l1460 063E                               l1452 060E  
                             l1620 0C08                               l1612 0BE8  
                             l1444 0EEA                               l1700 0D00  
                             l1542 0838                               l1534 0804  
                             l1526 07C2                               l1518 0784  
                             l1470 066C                               l1462 064E  
                             l1454 061C                               l1622 0C18  
                             l1630 0992                               l1438 0EB0  
                             l1710 0D50                               l1702 0D1A  
                             l1448 0EF4                               l1552 08C0  
                             l1560 0908                               l1536 081A  
                             l1544 084A                               l1528 07E0  
                             l1480 06A2                               l1472 0672  
                             l1464 0650                               l1456 061E  
                             l1624 0C28                               l1608 0BD4  
                             l1632 09A2                               l1704 0D2C  
                             l1298 0FA8                               l1570 096A  
                             l1562 0922                               l1554 08CC  
                             l1546 0868                               l1538 0820  
                             l1490 06E0                               l1482 06B2  
                             l1474 0680                               l1458 062E  
                             l1466 0656                               l1626 0C38  
                             l1618 0BFC                               l1650 0A68  
                             l1642 0A20                               l1634 09B0  
                             l1706 0D30                               l1572 096E  
                             l1564 0938                               l1556 08DA  
                             l1548 0896                               l1492 06F0  
                             l1484 06B4                               l1476 0682  
                             l1468 0666                               l1660 0AE8  
                             l1652 0A74                               l1644 0A28  
                             l1636 09F6                               l1708 0D36  
                             l1574 097C                               l1566 0952  
                             l1558 0904                               l1494 06F8  
                             l1478 0692                               l1486 06BA  
                             l1670 0B30                               l1662 0AEA  
                             l1654 0AB0                               l1646 0A34  
                             l1638 0A0C                               l1680 0DF0  
                             l1576 0982                               l1568 0968  
                             l1496 06FC                               l1488 06CA  
                             l1592 0B6E                               l1672 0B32  
                             l1664 0AEE                               l1656 0ABC  
                             l1648 0A66                               l1690 0E22  
                             l1682 0DF4                               l1578 0984  
                             l1594 0B98                               l1586 0B44  
                             l1666 0B12                               l1658 0ACA  
                             l1684 0DFC                               l1676 0DDE  
                             l1596 0B9A                               l1588 0B5A  
                             l1668 0B22                               l1692 0E4C  
                             l1686 0E06                               l1678 0DE4  
                             l1598 0BAA                               l1688 0E1E  
                             l1696 0CEA                               l1698 0CFA  
                             _ADFM 7E07                               _ADON 7E10  
                             u1000 0A0C                               u1001 0A08  
                             u1010 0A62                               u1011 0A5E  
                             u1020 0AAC                               u1100 0D50  
                             u1021 0AA8                               u1101 0D4C  
                             u1030 0ACA                               u1031 0AC6  
                             u1040 0ADA                               u1041 0AD6  
                             u1050 0AE8                               u1051 0AE4  
                             u1060 0B22                               u1061 0B1E  
                             u1070 0B30                               u1071 0B2C  
                             u1080 0E46                               u1081 0E42  
                             u1090 0D1A                               u1091 0D16  
                             _flag 0046                               _main 0CEA  
                             fsr2h 0FDA                               indf1 0FE7  
                             indf2 0FDF                               fsr1l 0FE1  
                             fsr2l 0FD9                               start 2FFC  
                  ___fldiv@new_exp 0020                       ___param_bank 0000  
                    ___fltol@sign1 0030                              _ADCS0 7E00  
                            _ADCS1 7E01                              _ADCS2 7E02  
                            ?_main 0001                    __end_of___fldiv 0990  
                            _ACQT0 7E03                              _ACQT1 7E04  
                            _ACQT2 7E05                    __end_of___fltol 0C4A  
                     ?_init_config 0001                              _VCFG0 7E0C  
                            _VCFG1 7E0D                              _PORTC 0F82  
                            _PORTD 0F83                              _TRISC 0F94  
                            _TRISD 0F95                              tablat 0FF5  
                            status 0FD8                    __initialization 0F68  
                     __end_of_main 0D6A                      main@delay_145 0038  
                           ??_main 0036                      __activetblptr 0000  
                           _ADCON0 0FC2                             _CANCON 0F6F  
                           _ADRESH 0FC4                             _ADRESL 0FC3  
                           _GODONE 7E11                             _RXB0D0 0F66  
                           _RXB0IF 7D20                             _TXB0D0 0F46  
                           _TRISB2 7C9A                             _TRISB3 7C9B  
                           _TRISD7 7CAF                   __end_of___xxtofl 0B44  
                        ??___fldiv 0017                          ??___fltol 002C  
                    can_transmit@i 000E                   __end_of_init_adc 0FA8  
                 __end_of_init_can 0F68                   __end_of_read_adc 0EF4  
                           clear_0 0F80                             isa$std 0001  
                     __pdataCOMRAM 004B                       __mediumconst 0600  
                           tblptrh 0FF7                             tblptrl 0FF6  
                           tblptru 0FF8                       _can_transmit 0DDE  
                     ___xxtofl@arg 000B                       ___xxtofl@exp 000A  
                     ___xxtofl@val 0001                         __accesstop 0060  
          __end_of__initialization 0F86                      ___rparam_used 0001  
                       ___fltol@f1 0028                       ?_update_gear 0001  
                   __pcstackCOMRAM 0001                   set_msg_id_std@id 0001  
                          _ECANCON 0F77                            _CANSTAT 0F6E  
                          _BRGCON1 0F70                            _BRGCON2 0F71  
                          _BRGCON3 0F72        __end_of_read_digital_keypad 0DDE  
                        ?___xxtofl 0001                            _RXB0DLC 0F65  
                          _RXB0CON 0F60                            _RXB0FUL 7B07  
                          _TXB0DLC 0F45                            _TXB0REQ 7A03  
                          _RXFCON0 0DD4                          ?_init_adc 0001  
                        ?_init_can 0001                          ?_read_adc 0001  
                          __Hparam 0000                            __Lparam 0000  
                          ___fldiv 0602                            ___fltol 0B44  
                     __psmallconst 0600                            __pcinit 0F68  
                          __ramtop 0600                            __ptext0 0CEA  
                          __ptext1 0C4A                            __ptext2 0E4C  
                          __ptext3 0EAE                            __ptext4 0990  
                          __ptext5 0B44                            __ptext6 0602  
                          __ptext7 0FA8                            __ptext8 0D6A  
                          __ptext9 0F30                         _read_speed 0E4C  
                       ??___xxtofl 0005               end_of_initialization 0F86  
                       ??_init_adc 0001                         ??_init_can 0001  
                       ??_read_adc 0003                            postinc0 0FEE  
                  read_adc@channel 0007                      ___xxtofl@sign 0009  
                  read_adc@reg_val 0005                        ___fldiv@grs 0022  
                      ___fldiv@rem 001B                     _set_msg_id_std 0EF4  
                    __pidataCOMRAM 3000                        ?_read_speed 0032  
                   update_gear@key 0002                start_initialization 0F68  
           __end_of_set_msg_id_std 0F30                      ??_init_config 0002  
                        ___fldiv@a 0013                          ___fldiv@b 000F  
                      __pbssCOMRAM 003A                    ?_set_msg_id_std 0001  
                         ?___fldiv 000F                   can_transmit@data 0007  
                         ?___fltol 0028                        __smallconst 0600  
               can_transmit@msg_id 0005                __end_of_init_config 0FB8  
                         _RXB0SIDH 0F61                           _RXB0SIDL 0F62  
                         _TXB0EIDH 0F43                           _TXB0EIDL 0F44  
                         _TXB0SIDH 0F41                           _TXB0SIDL 0F42  
                        _speed_val 0048                          _speed_str 003A  
                        main@delay 0036  read_digital_keypad@detection_type 0001  
                    ?_can_transmit 0005                           __Hrparam 0000  
                    ??_update_gear 0002                           __Lrparam 0000  
                     ??_read_speed 0034                        _init_config 0FA8  
                         ___xxtofl 0990                     ??_can_transmit 0009  
                         _gear_val 004A                           __ptext10 0F8C  
                         __ptext11 0DDE                           __ptext12 0EF4  
                  can_transmit@len 0008                    can_transmit@ptr 000C  
                         _init_adc 0F8C                           _init_can 0F30  
                         _read_adc 0EAE            read_digital_keypad@once 004B  
               __end_of_read_speed 0EAE                           isa$xinst 0000  
              __end_of_update_gear 0CEA                   ??_set_msg_id_std 0003  
              _read_digital_keypad 0D6A               ?_read_digital_keypad 0001  
                    read_speed@adc 0034               __end_of_can_transmit 0E4C  
                      _update_gear 0C4A  
