

Microchip MPLAB XC8 Assembler V3.10 build 20250813170317 
                                                                                               Mon Dec  8 12:47:37 2025

Microchip MPLAB XC8 C Compiler v3.10 (Free license) build 20250813170317 Og1 
     1                           	processor	18F4580
     2                           	fnconf	rparam,??,?,0
     3                           	pagewidth 120
     4                           	opt	flic
     5                           	psect	mediumconst,global,reloc=2,class=MEDIUMCONST,space=0,delta=1,noexec
     6                           	psect	cinit,global,reloc=2,class=CODE,space=0,delta=1
     7                           	psect	cstackCOMRAM,global,class=COMRAM,space=1,delta=1,lowdata,noexec
     8                           	psect	text0,global,reloc=2,class=CODE,space=0,delta=1
     9                           	psect	text1,global,reloc=2,class=CODE,space=0,delta=1
    10                           	psect	text2,global,reloc=2,class=CODE,space=0,delta=1
    11                           	psect	text3,global,reloc=2,class=CODE,space=0,delta=1,group=1
    12                           	psect	text4,global,reloc=2,class=CODE,space=0,delta=1,group=1
    13                           	psect	text5,global,reloc=2,class=CODE,space=0,delta=1
    14                           	psect	text6,global,reloc=2,class=CODE,space=0,delta=1,group=1
    15                           	psect	text7,global,reloc=2,class=CODE,space=0,delta=1,group=1
    16                           	psect	text8,global,reloc=2,class=CODE,space=0,delta=1
    17                           	psect	text9,global,reloc=2,class=CODE,space=0,delta=1
    18                           	psect	text10,global,reloc=2,class=CODE,space=0,delta=1
    19                           	psect	text11,global,reloc=2,class=CODE,space=0,delta=1
    20                           	psect	text12,global,reloc=2,class=CODE,space=0,delta=1
    21                           	psect	text13,global,reloc=2,class=CODE,space=0,delta=1
    22                           	psect	text14,global,reloc=2,class=CODE,space=0,delta=1
    23                           	psect	text15,global,reloc=2,class=CODE,space=0,delta=1
    24                           	psect	text16,global,reloc=2,class=CODE,space=0,delta=1
    25                           	psect	text17,global,reloc=2,class=CODE,space=0,delta=1
    26                           	psect	intsave_regs,global,class=BIGRAM,space=1,delta=1,noexec
    27                           	psect	rparam,global,class=COMRAM,space=1,delta=1,noexec
    28                           	psect	idloc,global,abs,ovrld,class=IDLOC,space=5,delta=1,noexec
    29                           	psect	config,global,abs,ovrld,class=CONFIG,space=4,delta=1,noexec
    30   000000                     
    31                           ; Version 2.40
    32                           ; Generated 17/11/2021 GMT
    33                           ; 
    34                           ; Copyright © 2021, Microchip Technology Inc. and its subsidiaries ("Microchip")
    35                           ; All rights reserved.
    36                           ; 
    37                           ; This software is developed by Microchip Technology Inc. and its subsidiaries ("Microch
      +                          ip").
    38                           ; 
    39                           ; Redistribution and use in source and binary forms, with or without modification, are
    40                           ; permitted provided that the following conditions are met:
    41                           ; 
    42                           ;     1. Redistributions of source code must retain the above copyright notice, this lis
      +                          t of
    43                           ;        conditions and the following disclaimer.
    44                           ; 
    45                           ;     2. Redistributions in binary form must reproduce the above copyright notice, this 
      +                          list
    46                           ;        of conditions and the following disclaimer in the documentation and/or other
    47                           ;        materials provided with the distribution. Publication is not required when
    48                           ;        this file is used in an embedded application.
    49                           ; 
    50                           ;     3. Microchip's name may not be used to endorse or promote products derived from th
      +                          is
    51                           ;        software without specific prior written permission.
    52                           ; 
    53                           ; THIS SOFTWARE IS PROVIDED BY MICROCHIP "AS IS" AND ANY EXPRESS OR IMPLIED WARRANTIES,
    54                           ; INCLUDING, BUT NOT LIMITED TO, THE IMPLIED WARRANTIES OF MERCHANTABILITY AND FITNESS F
      +                          OR
    55                           ; PURPOSE ARE DISCLAIMED.  IN NO EVENT SHALL MICROCHIP BE LIABLE FOR ANY DIRECT, INDIREC
      +                          T,
    56                           ; INCIDENTAL, SPECIAL, EXEMPLARY, OR CONSEQUENTIAL DAMAGES (INCLUDING BUT NOT LIMITED TO
    57                           ; PROCUREMENT OF SUBSTITUTE GOODS OR SERVICES; LOSS OF USE, DATA OR PROFITS; OR BUSINESS
    58                           ; INTERRUPTION) HOWSOEVER CAUSED AND ON ANY THEORY OF LIABILITY, WHETHER IN CONTRACT, ST
      +                          RICT
    59                           ; LIABILITY, OR TORT (INCLUDING NEGLIGENCE OR OTHERWISE) ARISING IN ANY WAY OUT OF THE U
      +                          SE OF
    60                           ; THIS SOFTWARE, EVEN IF ADVISED OF THE POSSIBILITY OF SUCH DAMAGE.
    61                           ; 
    62                           ; 
    63                           ; Code-generator required, PIC18F4580 Definitions
    64                           ; 
    65                           ; SFR Addresses
    66   000FE0                     bsr             equ	4064
    67   000FE9                     fsr0            equ	4073
    68   000FEA                     fsr0h           equ	4074
    69   000FE9                     fsr0l           equ	4073
    70   000FE1                     fsr1            equ	4065
    71   000FE2                     fsr1h           equ	4066
    72   000FE1                     fsr1l           equ	4065
    73   000FD9                     fsr2            equ	4057
    74   000FDA                     fsr2h           equ	4058
    75   000FD9                     fsr2l           equ	4057
    76   000FEF                     indf0           equ	4079
    77   000FE7                     indf1           equ	4071
    78   000FDF                     indf2           equ	4063
    79   000FF2                     intcon          equ	4082
    80   000000                     nvmcon          equ	0
    81   000FF9                     pcl             equ	4089
    82   000FFA                     pclath          equ	4090
    83   000FFB                     pclatu          equ	4091
    84   000FEB                     plusw0          equ	4075
    85   000FE3                     plusw1          equ	4067
    86   000FDB                     plusw2          equ	4059
    87   000FED                     postdec0        equ	4077
    88   000FE5                     postdec1        equ	4069
    89   000FDD                     postdec2        equ	4061
    90   000FEE                     postinc0        equ	4078
    91   000FE6                     postinc1        equ	4070
    92   000FDE                     postinc2        equ	4062
    93   000FEC                     preinc0         equ	4076
    94   000FE4                     preinc1         equ	4068
    95   000FDC                     preinc2         equ	4060
    96   000FF3                     prod            equ	4083
    97   000FF4                     prodh           equ	4084
    98   000FF3                     prodl           equ	4083
    99   000FD8                     status          equ	4056
   100   000FF5                     tablat          equ	4085
   101   000FF6                     tblptr          equ	4086
   102   000FF7                     tblptrh         equ	4087
   103   000FF6                     tblptrl         equ	4086
   104   000FF8                     tblptru         equ	4088
   105   000FFD                     tosl            equ	4093
   106   000FE8                     wreg            equ	4072
   107   000D60                     RXF6SIDH        equ	3424	;# 
   108   000D61                     RXF6SIDL        equ	3425	;# 
   109   000D62                     RXF6EIDH        equ	3426	;# 
   110   000D63                     RXF6EIDL        equ	3427	;# 
   111   000D64                     RXF7SIDH        equ	3428	;# 
   112   000D65                     RXF7SIDL        equ	3429	;# 
   113   000D66                     RXF7EIDH        equ	3430	;# 
   114   000D67                     RXF7EIDL        equ	3431	;# 
   115   000D68                     RXF8SIDH        equ	3432	;# 
   116   000D69                     RXF8SIDL        equ	3433	;# 
   117   000D6A                     RXF8EIDH        equ	3434	;# 
   118   000D6B                     RXF8EIDL        equ	3435	;# 
   119   000D70                     RXF9SIDH        equ	3440	;# 
   120   000D71                     RXF9SIDL        equ	3441	;# 
   121   000D72                     RXF9EIDH        equ	3442	;# 
   122   000D73                     RXF9EIDL        equ	3443	;# 
   123   000D74                     RXF10SIDH       equ	3444	;# 
   124   000D75                     RXF10SIDL       equ	3445	;# 
   125   000D76                     RXF10EIDH       equ	3446	;# 
   126   000D77                     RXF10EIDL       equ	3447	;# 
   127   000D78                     RXF11SIDH       equ	3448	;# 
   128   000D79                     RXF11SIDL       equ	3449	;# 
   129   000D7A                     RXF11EIDH       equ	3450	;# 
   130   000D7B                     RXF11EIDL       equ	3451	;# 
   131   000D80                     RXF12SIDH       equ	3456	;# 
   132   000D81                     RXF12SIDL       equ	3457	;# 
   133   000D82                     RXF12EIDH       equ	3458	;# 
   134   000D83                     RXF12EIDL       equ	3459	;# 
   135   000D84                     RXF13SIDH       equ	3460	;# 
   136   000D85                     RXF13SIDL       equ	3461	;# 
   137   000D86                     RXF13EIDH       equ	3462	;# 
   138   000D87                     RXF13EIDL       equ	3463	;# 
   139   000D88                     RXF14SIDH       equ	3464	;# 
   140   000D89                     RXF14SIDL       equ	3465	;# 
   141   000D8A                     RXF14EIDH       equ	3466	;# 
   142   000D8B                     RXF14EIDL       equ	3467	;# 
   143   000D90                     RXF15SIDH       equ	3472	;# 
   144   000D91                     RXF15SIDL       equ	3473	;# 
   145   000D92                     RXF15EIDH       equ	3474	;# 
   146   000D93                     RXF15EIDL       equ	3475	;# 
   147   000DD4                     RXFCON0         equ	3540	;# 
   148   000DD5                     RXFCON1         equ	3541	;# 
   149   000DD8                     SDFLC           equ	3544	;# 
   150   000DE0                     RXFBCON0        equ	3552	;# 
   151   000DE1                     RXFBCON1        equ	3553	;# 
   152   000DE2                     RXFBCON2        equ	3554	;# 
   153   000DE3                     RXFBCON3        equ	3555	;# 
   154   000DE4                     RXFBCON4        equ	3556	;# 
   155   000DE5                     RXFBCON5        equ	3557	;# 
   156   000DE6                     RXFBCON6        equ	3558	;# 
   157   000DE7                     RXFBCON7        equ	3559	;# 
   158   000DF0                     MSEL0           equ	3568	;# 
   159   000DF1                     MSEL1           equ	3569	;# 
   160   000DF2                     MSEL2           equ	3570	;# 
   161   000DF3                     MSEL3           equ	3571	;# 
   162   000DF8                     BSEL0           equ	3576	;# 
   163   000DFA                     BIE0            equ	3578	;# 
   164   000DFC                     TXBIE           equ	3580	;# 
   165   000E20                     B0CON           equ	3616	;# 
   166   000E21                     B0SIDH          equ	3617	;# 
   167   000E22                     B0SIDL          equ	3618	;# 
   168   000E23                     B0EIDH          equ	3619	;# 
   169   000E24                     B0EIDL          equ	3620	;# 
   170   000E25                     B0DLC           equ	3621	;# 
   171   000E26                     B0D0            equ	3622	;# 
   172   000E27                     B0D1            equ	3623	;# 
   173   000E28                     B0D2            equ	3624	;# 
   174   000E29                     B0D3            equ	3625	;# 
   175   000E2A                     B0D4            equ	3626	;# 
   176   000E2B                     B0D5            equ	3627	;# 
   177   000E2C                     B0D6            equ	3628	;# 
   178   000E2D                     B0D7            equ	3629	;# 
   179   000E2E                     CANSTAT_RO9     equ	3630	;# 
   180   000E2F                     CANCON_RO9      equ	3631	;# 
   181   000E30                     B1CON           equ	3632	;# 
   182   000E31                     B1SIDH          equ	3633	;# 
   183   000E32                     B1SIDL          equ	3634	;# 
   184   000E33                     B1EIDH          equ	3635	;# 
   185   000E34                     B1EIDL          equ	3636	;# 
   186   000E35                     B1DLC           equ	3637	;# 
   187   000E36                     B1D0            equ	3638	;# 
   188   000E37                     B1D1            equ	3639	;# 
   189   000E38                     B1D2            equ	3640	;# 
   190   000E39                     B1D3            equ	3641	;# 
   191   000E3A                     B1D4            equ	3642	;# 
   192   000E3B                     B1D5            equ	3643	;# 
   193   000E3C                     B1D6            equ	3644	;# 
   194   000E3D                     B1D7            equ	3645	;# 
   195   000E3E                     CANSTAT_RO8     equ	3646	;# 
   196   000E3F                     CANCON_RO8      equ	3647	;# 
   197   000E40                     B2CON           equ	3648	;# 
   198   000E41                     B2SIDH          equ	3649	;# 
   199   000E42                     B2SIDL          equ	3650	;# 
   200   000E43                     B2EIDH          equ	3651	;# 
   201   000E44                     B2EIDL          equ	3652	;# 
   202   000E45                     B2DLC           equ	3653	;# 
   203   000E46                     B2D0            equ	3654	;# 
   204   000E47                     B2D1            equ	3655	;# 
   205   000E48                     B2D2            equ	3656	;# 
   206   000E49                     B2D3            equ	3657	;# 
   207   000E4A                     B2D4            equ	3658	;# 
   208   000E4B                     B2D5            equ	3659	;# 
   209   000E4C                     B2D6            equ	3660	;# 
   210   000E4D                     B2D7            equ	3661	;# 
   211   000E4E                     CANSTAT_RO7     equ	3662	;# 
   212   000E4F                     CANCON_RO7      equ	3663	;# 
   213   000E50                     B3CON           equ	3664	;# 
   214   000E51                     B3SIDH          equ	3665	;# 
   215   000E52                     B3SIDL          equ	3666	;# 
   216   000E53                     B3EIDH          equ	3667	;# 
   217   000E54                     B3EIDL          equ	3668	;# 
   218   000E55                     B3DLC           equ	3669	;# 
   219   000E56                     B3D0            equ	3670	;# 
   220   000E57                     B3D1            equ	3671	;# 
   221   000E58                     B3D2            equ	3672	;# 
   222   000E59                     B3D3            equ	3673	;# 
   223   000E5A                     B3D4            equ	3674	;# 
   224   000E5B                     B3D5            equ	3675	;# 
   225   000E5C                     B3D6            equ	3676	;# 
   226   000E5D                     B3D7            equ	3677	;# 
   227   000E5E                     CANSTAT_RO6     equ	3678	;# 
   228   000E5F                     CANCON_RO6      equ	3679	;# 
   229   000E60                     B4CON           equ	3680	;# 
   230   000E61                     B4SIDH          equ	3681	;# 
   231   000E62                     B4SIDL          equ	3682	;# 
   232   000E63                     B4EIDH          equ	3683	;# 
   233   000E64                     B4EIDL          equ	3684	;# 
   234   000E65                     B4DLC           equ	3685	;# 
   235   000E66                     B4D0            equ	3686	;# 
   236   000E67                     B4D1            equ	3687	;# 
   237   000E68                     B4D2            equ	3688	;# 
   238   000E69                     B4D3            equ	3689	;# 
   239   000E6A                     B4D4            equ	3690	;# 
   240   000E6B                     B4D5            equ	3691	;# 
   241   000E6C                     B4D6            equ	3692	;# 
   242   000E6D                     B4D7            equ	3693	;# 
   243   000E6E                     CANSTAT_RO5     equ	3694	;# 
   244   000E6F                     CANCON_RO5      equ	3695	;# 
   245   000E70                     B5CON           equ	3696	;# 
   246   000E71                     B5SIDH          equ	3697	;# 
   247   000E72                     B5SIDL          equ	3698	;# 
   248   000E73                     B5EIDH          equ	3699	;# 
   249   000E74                     B5EIDL          equ	3700	;# 
   250   000E75                     B5DLC           equ	3701	;# 
   251   000E76                     B5D0            equ	3702	;# 
   252   000E77                     B5D1            equ	3703	;# 
   253   000E78                     B5D2            equ	3704	;# 
   254   000E79                     B5D3            equ	3705	;# 
   255   000E7A                     B5D4            equ	3706	;# 
   256   000E7B                     B5D5            equ	3707	;# 
   257   000E7C                     B5D6            equ	3708	;# 
   258   000E7D                     B5D7            equ	3709	;# 
   259   000E7E                     CANSTAT_RO4     equ	3710	;# 
   260   000E7F                     CANCON_RO4      equ	3711	;# 
   261   000F00                     RXF0SIDH        equ	3840	;# 
   262   000F01                     RXF0SIDL        equ	3841	;# 
   263   000F02                     RXF0EIDH        equ	3842	;# 
   264   000F03                     RXF0EIDL        equ	3843	;# 
   265   000F04                     RXF1SIDH        equ	3844	;# 
   266   000F05                     RXF1SIDL        equ	3845	;# 
   267   000F06                     RXF1EIDH        equ	3846	;# 
   268   000F07                     RXF1EIDL        equ	3847	;# 
   269   000F08                     RXF2SIDH        equ	3848	;# 
   270   000F09                     RXF2SIDL        equ	3849	;# 
   271   000F0A                     RXF2EIDH        equ	3850	;# 
   272   000F0B                     RXF2EIDL        equ	3851	;# 
   273   000F0C                     RXF3SIDH        equ	3852	;# 
   274   000F0D                     RXF3SIDL        equ	3853	;# 
   275   000F0E                     RXF3EIDH        equ	3854	;# 
   276   000F0F                     RXF3EIDL        equ	3855	;# 
   277   000F10                     RXF4SIDH        equ	3856	;# 
   278   000F11                     RXF4SIDL        equ	3857	;# 
   279   000F12                     RXF4EIDH        equ	3858	;# 
   280   000F13                     RXF4EIDL        equ	3859	;# 
   281   000F14                     RXF5SIDH        equ	3860	;# 
   282   000F15                     RXF5SIDL        equ	3861	;# 
   283   000F16                     RXF5EIDH        equ	3862	;# 
   284   000F17                     RXF5EIDL        equ	3863	;# 
   285   000F18                     RXM0SIDH        equ	3864	;# 
   286   000F19                     RXM0SIDL        equ	3865	;# 
   287   000F1A                     RXM0EIDH        equ	3866	;# 
   288   000F1B                     RXM0EIDL        equ	3867	;# 
   289   000F1C                     RXM1SIDH        equ	3868	;# 
   290   000F1D                     RXM1SIDL        equ	3869	;# 
   291   000F1E                     RXM1EIDH        equ	3870	;# 
   292   000F1F                     RXM1EIDL        equ	3871	;# 
   293   000F20                     TXB2CON         equ	3872	;# 
   294   000F21                     TXB2SIDH        equ	3873	;# 
   295   000F22                     TXB2SIDL        equ	3874	;# 
   296   000F23                     TXB2EIDH        equ	3875	;# 
   297   000F24                     TXB2EIDL        equ	3876	;# 
   298   000F25                     TXB2DLC         equ	3877	;# 
   299   000F26                     TXB2D0          equ	3878	;# 
   300   000F27                     TXB2D1          equ	3879	;# 
   301   000F28                     TXB2D2          equ	3880	;# 
   302   000F29                     TXB2D3          equ	3881	;# 
   303   000F2A                     TXB2D4          equ	3882	;# 
   304   000F2B                     TXB2D5          equ	3883	;# 
   305   000F2C                     TXB2D6          equ	3884	;# 
   306   000F2D                     TXB2D7          equ	3885	;# 
   307   000F2E                     CANSTAT_RO3     equ	3886	;# 
   308   000F2F                     CANCON_RO3      equ	3887	;# 
   309   000F30                     TXB1CON         equ	3888	;# 
   310   000F31                     TXB1SIDH        equ	3889	;# 
   311   000F32                     TXB1SIDL        equ	3890	;# 
   312   000F33                     TXB1EIDH        equ	3891	;# 
   313   000F34                     TXB1EIDL        equ	3892	;# 
   314   000F35                     TXB1DLC         equ	3893	;# 
   315   000F36                     TXB1D0          equ	3894	;# 
   316   000F37                     TXB1D1          equ	3895	;# 
   317   000F38                     TXB1D2          equ	3896	;# 
   318   000F39                     TXB1D3          equ	3897	;# 
   319   000F3A                     TXB1D4          equ	3898	;# 
   320   000F3B                     TXB1D5          equ	3899	;# 
   321   000F3C                     TXB1D6          equ	3900	;# 
   322   000F3D                     TXB1D7          equ	3901	;# 
   323   000F3E                     CANSTAT_RO2     equ	3902	;# 
   324   000F3F                     CANCON_RO2      equ	3903	;# 
   325   000F40                     TXB0CON         equ	3904	;# 
   326   000F41                     TXB0SIDH        equ	3905	;# 
   327   000F42                     TXB0SIDL        equ	3906	;# 
   328   000F43                     TXB0EIDH        equ	3907	;# 
   329   000F44                     TXB0EIDL        equ	3908	;# 
   330   000F45                     TXB0DLC         equ	3909	;# 
   331   000F46                     TXB0D0          equ	3910	;# 
   332   000F47                     TXB0D1          equ	3911	;# 
   333   000F48                     TXB0D2          equ	3912	;# 
   334   000F49                     TXB0D3          equ	3913	;# 
   335   000F4A                     TXB0D4          equ	3914	;# 
   336   000F4B                     TXB0D5          equ	3915	;# 
   337   000F4C                     TXB0D6          equ	3916	;# 
   338   000F4D                     TXB0D7          equ	3917	;# 
   339   000F4E                     CANSTAT_RO1     equ	3918	;# 
   340   000F4F                     CANCON_RO1      equ	3919	;# 
   341   000F50                     RXB1CON         equ	3920	;# 
   342   000F51                     RXB1SIDH        equ	3921	;# 
   343   000F52                     RXB1SIDL        equ	3922	;# 
   344   000F53                     RXB1EIDH        equ	3923	;# 
   345   000F54                     RXB1EIDL        equ	3924	;# 
   346   000F55                     RXB1DLC         equ	3925	;# 
   347   000F56                     RXB1D0          equ	3926	;# 
   348   000F57                     RXB1D1          equ	3927	;# 
   349   000F58                     RXB1D2          equ	3928	;# 
   350   000F59                     RXB1D3          equ	3929	;# 
   351   000F5A                     RXB1D4          equ	3930	;# 
   352   000F5B                     RXB1D5          equ	3931	;# 
   353   000F5C                     RXB1D6          equ	3932	;# 
   354   000F5D                     RXB1D7          equ	3933	;# 
   355   000F5E                     CANSTAT_RO0     equ	3934	;# 
   356   000F5F                     CANCON_RO0      equ	3935	;# 
   357   000F60                     RXB0CON         equ	3936	;# 
   358   000F61                     RXB0SIDH        equ	3937	;# 
   359   000F62                     RXB0SIDL        equ	3938	;# 
   360   000F63                     RXB0EIDH        equ	3939	;# 
   361   000F64                     RXB0EIDL        equ	3940	;# 
   362   000F65                     RXB0DLC         equ	3941	;# 
   363   000F66                     RXB0D0          equ	3942	;# 
   364   000F67                     RXB0D1          equ	3943	;# 
   365   000F68                     RXB0D2          equ	3944	;# 
   366   000F69                     RXB0D3          equ	3945	;# 
   367   000F6A                     RXB0D4          equ	3946	;# 
   368   000F6B                     RXB0D5          equ	3947	;# 
   369   000F6C                     RXB0D6          equ	3948	;# 
   370   000F6D                     RXB0D7          equ	3949	;# 
   371   000F6E                     CANSTAT         equ	3950	;# 
   372   000F6F                     CANCON          equ	3951	;# 
   373   000F70                     BRGCON1         equ	3952	;# 
   374   000F71                     BRGCON2         equ	3953	;# 
   375   000F72                     BRGCON3         equ	3954	;# 
   376   000F73                     CIOCON          equ	3955	;# 
   377   000F74                     COMSTAT         equ	3956	;# 
   378   000F75                     RXERRCNT        equ	3957	;# 
   379   000F76                     TXERRCNT        equ	3958	;# 
   380   000F77                     ECANCON         equ	3959	;# 
   381   000F80                     PORTA           equ	3968	;# 
   382   000F81                     PORTB           equ	3969	;# 
   383   000F82                     PORTC           equ	3970	;# 
   384   000F83                     PORTD           equ	3971	;# 
   385   000F84                     PORTE           equ	3972	;# 
   386   000F89                     LATA            equ	3977	;# 
   387   000F8A                     LATB            equ	3978	;# 
   388   000F8B                     LATC            equ	3979	;# 
   389   000F8C                     LATD            equ	3980	;# 
   390   000F8D                     LATE            equ	3981	;# 
   391   000F92                     TRISA           equ	3986	;# 
   392   000F92                     DDRA            equ	3986	;# 
   393   000F93                     TRISB           equ	3987	;# 
   394   000F93                     DDRB            equ	3987	;# 
   395   000F94                     TRISC           equ	3988	;# 
   396   000F94                     DDRC            equ	3988	;# 
   397   000F95                     TRISD           equ	3989	;# 
   398   000F95                     DDRD            equ	3989	;# 
   399   000F96                     TRISE           equ	3990	;# 
   400   000F96                     DDRE            equ	3990	;# 
   401   000F9B                     OSCTUNE         equ	3995	;# 
   402   000F9D                     PIE1            equ	3997	;# 
   403   000F9E                     PIR1            equ	3998	;# 
   404   000F9F                     IPR1            equ	3999	;# 
   405   000FA0                     PIE2            equ	4000	;# 
   406   000FA1                     PIR2            equ	4001	;# 
   407   000FA2                     IPR2            equ	4002	;# 
   408   000FA3                     PIE3            equ	4003	;# 
   409   000FA4                     PIR3            equ	4004	;# 
   410   000FA5                     IPR3            equ	4005	;# 
   411   000FA6                     EECON1          equ	4006	;# 
   412   000FA7                     EECON2          equ	4007	;# 
   413   000FA8                     EEDATA          equ	4008	;# 
   414   000FA9                     EEADR           equ	4009	;# 
   415   000FAB                     RCSTA           equ	4011	;# 
   416   000FAB                     RCSTA1          equ	4011	;# 
   417   000FAC                     TXSTA           equ	4012	;# 
   418   000FAC                     TXSTA1          equ	4012	;# 
   419   000FAD                     TXREG           equ	4013	;# 
   420   000FAD                     TXREG1          equ	4013	;# 
   421   000FAE                     RCREG           equ	4014	;# 
   422   000FAE                     RCREG1          equ	4014	;# 
   423   000FAF                     SPBRG           equ	4015	;# 
   424   000FAF                     SPBRG1          equ	4015	;# 
   425   000FB0                     SPBRGH          equ	4016	;# 
   426   000FB1                     T3CON           equ	4017	;# 
   427   000FB2                     TMR3            equ	4018	;# 
   428   000FB2                     TMR3L           equ	4018	;# 
   429   000FB3                     TMR3H           equ	4019	;# 
   430   000FB4                     CMCON           equ	4020	;# 
   431   000FB5                     CVRCON          equ	4021	;# 
   432   000FB6                     ECCP1AS         equ	4022	;# 
   433   000FB7                     ECCP1DEL        equ	4023	;# 
   434   000FB8                     BAUDCON         equ	4024	;# 
   435   000FB8                     BAUDCTL         equ	4024	;# 
   436   000FBA                     ECCP1CON        equ	4026	;# 
   437   000FBB                     ECCPR1          equ	4027	;# 
   438   000FBB                     ECCPR1L         equ	4027	;# 
   439   000FBC                     ECCPR1H         equ	4028	;# 
   440   000FBD                     CCP1CON         equ	4029	;# 
   441   000FBE                     CCPR1           equ	4030	;# 
   442   000FBE                     CCPR1L          equ	4030	;# 
   443   000FBF                     CCPR1H          equ	4031	;# 
   444   000FC0                     ADCON2          equ	4032	;# 
   445   000FC1                     ADCON1          equ	4033	;# 
   446   000FC2                     ADCON0          equ	4034	;# 
   447   000FC3                     ADRES           equ	4035	;# 
   448   000FC3                     ADRESL          equ	4035	;# 
   449   000FC4                     ADRESH          equ	4036	;# 
   450   000FC5                     SSPCON2         equ	4037	;# 
   451   000FC6                     SSPCON1         equ	4038	;# 
   452   000FC7                     SSPSTAT         equ	4039	;# 
   453   000FC8                     SSPADD          equ	4040	;# 
   454   000FC9                     SSPBUF          equ	4041	;# 
   455   000FCA                     T2CON           equ	4042	;# 
   456   000FCB                     PR2             equ	4043	;# 
   457   000FCB                     MEMCON          equ	4043	;# 
   458   000FCC                     TMR2            equ	4044	;# 
   459   000FCD                     T1CON           equ	4045	;# 
   460   000FCE                     TMR1            equ	4046	;# 
   461   000FCE                     TMR1L           equ	4046	;# 
   462   000FCF                     TMR1H           equ	4047	;# 
   463   000FD0                     RCON            equ	4048	;# 
   464   000FD1                     WDTCON          equ	4049	;# 
   465   000FD2                     HLVDCON         equ	4050	;# 
   466   000FD2                     LVDCON          equ	4050	;# 
   467   000FD3                     OSCCON          equ	4051	;# 
   468   000FD5                     T0CON           equ	4053	;# 
   469   000FD6                     TMR0            equ	4054	;# 
   470   000FD6                     TMR0L           equ	4054	;# 
   471   000FD7                     TMR0H           equ	4055	;# 
   472   000FD8                     STATUS          equ	4056	;# 
   473   000FD9                     FSR2            equ	4057	;# 
   474   000FD9                     FSR2L           equ	4057	;# 
   475   000FDA                     FSR2H           equ	4058	;# 
   476   000FDB                     PLUSW2          equ	4059	;# 
   477   000FDC                     PREINC2         equ	4060	;# 
   478   000FDD                     POSTDEC2        equ	4061	;# 
   479   000FDE                     POSTINC2        equ	4062	;# 
   480   000FDF                     INDF2           equ	4063	;# 
   481   000FE0                     BSR             equ	4064	;# 
   482   000FE1                     FSR1            equ	4065	;# 
   483   000FE1                     FSR1L           equ	4065	;# 
   484   000FE2                     FSR1H           equ	4066	;# 
   485   000FE3                     PLUSW1          equ	4067	;# 
   486   000FE4                     PREINC1         equ	4068	;# 
   487   000FE5                     POSTDEC1        equ	4069	;# 
   488   000FE6                     POSTINC1        equ	4070	;# 
   489   000FE7                     INDF1           equ	4071	;# 
   490   000FE8                     WREG            equ	4072	;# 
   491   000FE9                     FSR0            equ	4073	;# 
   492   000FE9                     FSR0L           equ	4073	;# 
   493   000FEA                     FSR0H           equ	4074	;# 
   494   000FEB                     PLUSW0          equ	4075	;# 
   495   000FEC                     PREINC0         equ	4076	;# 
   496   000FED                     POSTDEC0        equ	4077	;# 
   497   000FEE                     POSTINC0        equ	4078	;# 
   498   000FEF                     INDF0           equ	4079	;# 
   499   000FF0                     INTCON3         equ	4080	;# 
   500   000FF1                     INTCON2         equ	4081	;# 
   501   000FF2                     INTCON          equ	4082	;# 
   502   000FF3                     PROD            equ	4083	;# 
   503   000FF3                     PRODL           equ	4083	;# 
   504   000FF4                     PRODH           equ	4084	;# 
   505   000FF5                     TABLAT          equ	4085	;# 
   506   000FF6                     TBLPTR          equ	4086	;# 
   507   000FF6                     TBLPTRL         equ	4086	;# 
   508   000FF7                     TBLPTRH         equ	4087	;# 
   509   000FF8                     TBLPTRU         equ	4088	;# 
   510   000FF9                     PCLAT           equ	4089	;# 
   511   000FF9                     PC              equ	4089	;# 
   512   000FF9                     PCL             equ	4089	;# 
   513   000FFA                     PCLATH          equ	4090	;# 
   514   000FFB                     PCLATU          equ	4091	;# 
   515   000FFC                     STKPTR          equ	4092	;# 
   516   000FFD                     TOS             equ	4093	;# 
   517   000FFD                     TOSL            equ	4093	;# 
   518   000FFE                     TOSH            equ	4094	;# 
   519   000FFF                     TOSU            equ	4095	;# 
   520   000D60                     RXF6SIDH        equ	3424	;# 
   521   000D61                     RXF6SIDL        equ	3425	;# 
   522   000D62                     RXF6EIDH        equ	3426	;# 
   523   000D63                     RXF6EIDL        equ	3427	;# 
   524   000D64                     RXF7SIDH        equ	3428	;# 
   525   000D65                     RXF7SIDL        equ	3429	;# 
   526   000D66                     RXF7EIDH        equ	3430	;# 
   527   000D67                     RXF7EIDL        equ	3431	;# 
   528   000D68                     RXF8SIDH        equ	3432	;# 
   529   000D69                     RXF8SIDL        equ	3433	;# 
   530   000D6A                     RXF8EIDH        equ	3434	;# 
   531   000D6B                     RXF8EIDL        equ	3435	;# 
   532   000D70                     RXF9SIDH        equ	3440	;# 
   533   000D71                     RXF9SIDL        equ	3441	;# 
   534   000D72                     RXF9EIDH        equ	3442	;# 
   535   000D73                     RXF9EIDL        equ	3443	;# 
   536   000D74                     RXF10SIDH       equ	3444	;# 
   537   000D75                     RXF10SIDL       equ	3445	;# 
   538   000D76                     RXF10EIDH       equ	3446	;# 
   539   000D77                     RXF10EIDL       equ	3447	;# 
   540   000D78                     RXF11SIDH       equ	3448	;# 
   541   000D79                     RXF11SIDL       equ	3449	;# 
   542   000D7A                     RXF11EIDH       equ	3450	;# 
   543   000D7B                     RXF11EIDL       equ	3451	;# 
   544   000D80                     RXF12SIDH       equ	3456	;# 
   545   000D81                     RXF12SIDL       equ	3457	;# 
   546   000D82                     RXF12EIDH       equ	3458	;# 
   547   000D83                     RXF12EIDL       equ	3459	;# 
   548   000D84                     RXF13SIDH       equ	3460	;# 
   549   000D85                     RXF13SIDL       equ	3461	;# 
   550   000D86                     RXF13EIDH       equ	3462	;# 
   551   000D87                     RXF13EIDL       equ	3463	;# 
   552   000D88                     RXF14SIDH       equ	3464	;# 
   553   000D89                     RXF14SIDL       equ	3465	;# 
   554   000D8A                     RXF14EIDH       equ	3466	;# 
   555   000D8B                     RXF14EIDL       equ	3467	;# 
   556   000D90                     RXF15SIDH       equ	3472	;# 
   557   000D91                     RXF15SIDL       equ	3473	;# 
   558   000D92                     RXF15EIDH       equ	3474	;# 
   559   000D93                     RXF15EIDL       equ	3475	;# 
   560   000DD4                     RXFCON0         equ	3540	;# 
   561   000DD5                     RXFCON1         equ	3541	;# 
   562   000DD8                     SDFLC           equ	3544	;# 
   563   000DE0                     RXFBCON0        equ	3552	;# 
   564   000DE1                     RXFBCON1        equ	3553	;# 
   565   000DE2                     RXFBCON2        equ	3554	;# 
   566   000DE3                     RXFBCON3        equ	3555	;# 
   567   000DE4                     RXFBCON4        equ	3556	;# 
   568   000DE5                     RXFBCON5        equ	3557	;# 
   569   000DE6                     RXFBCON6        equ	3558	;# 
   570   000DE7                     RXFBCON7        equ	3559	;# 
   571   000DF0                     MSEL0           equ	3568	;# 
   572   000DF1                     MSEL1           equ	3569	;# 
   573   000DF2                     MSEL2           equ	3570	;# 
   574   000DF3                     MSEL3           equ	3571	;# 
   575   000DF8                     BSEL0           equ	3576	;# 
   576   000DFA                     BIE0            equ	3578	;# 
   577   000DFC                     TXBIE           equ	3580	;# 
   578   000E20                     B0CON           equ	3616	;# 
   579   000E21                     B0SIDH          equ	3617	;# 
   580   000E22                     B0SIDL          equ	3618	;# 
   581   000E23                     B0EIDH          equ	3619	;# 
   582   000E24                     B0EIDL          equ	3620	;# 
   583   000E25                     B0DLC           equ	3621	;# 
   584   000E26                     B0D0            equ	3622	;# 
   585   000E27                     B0D1            equ	3623	;# 
   586   000E28                     B0D2            equ	3624	;# 
   587   000E29                     B0D3            equ	3625	;# 
   588   000E2A                     B0D4            equ	3626	;# 
   589   000E2B                     B0D5            equ	3627	;# 
   590   000E2C                     B0D6            equ	3628	;# 
   591   000E2D                     B0D7            equ	3629	;# 
   592   000E2E                     CANSTAT_RO9     equ	3630	;# 
   593   000E2F                     CANCON_RO9      equ	3631	;# 
   594   000E30                     B1CON           equ	3632	;# 
   595   000E31                     B1SIDH          equ	3633	;# 
   596   000E32                     B1SIDL          equ	3634	;# 
   597   000E33                     B1EIDH          equ	3635	;# 
   598   000E34                     B1EIDL          equ	3636	;# 
   599   000E35                     B1DLC           equ	3637	;# 
   600   000E36                     B1D0            equ	3638	;# 
   601   000E37                     B1D1            equ	3639	;# 
   602   000E38                     B1D2            equ	3640	;# 
   603   000E39                     B1D3            equ	3641	;# 
   604   000E3A                     B1D4            equ	3642	;# 
   605   000E3B                     B1D5            equ	3643	;# 
   606   000E3C                     B1D6            equ	3644	;# 
   607   000E3D                     B1D7            equ	3645	;# 
   608   000E3E                     CANSTAT_RO8     equ	3646	;# 
   609   000E3F                     CANCON_RO8      equ	3647	;# 
   610   000E40                     B2CON           equ	3648	;# 
   611   000E41                     B2SIDH          equ	3649	;# 
   612   000E42                     B2SIDL          equ	3650	;# 
   613   000E43                     B2EIDH          equ	3651	;# 
   614   000E44                     B2EIDL          equ	3652	;# 
   615   000E45                     B2DLC           equ	3653	;# 
   616   000E46                     B2D0            equ	3654	;# 
   617   000E47                     B2D1            equ	3655	;# 
   618   000E48                     B2D2            equ	3656	;# 
   619   000E49                     B2D3            equ	3657	;# 
   620   000E4A                     B2D4            equ	3658	;# 
   621   000E4B                     B2D5            equ	3659	;# 
   622   000E4C                     B2D6            equ	3660	;# 
   623   000E4D                     B2D7            equ	3661	;# 
   624   000E4E                     CANSTAT_RO7     equ	3662	;# 
   625   000E4F                     CANCON_RO7      equ	3663	;# 
   626   000E50                     B3CON           equ	3664	;# 
   627   000E51                     B3SIDH          equ	3665	;# 
   628   000E52                     B3SIDL          equ	3666	;# 
   629   000E53                     B3EIDH          equ	3667	;# 
   630   000E54                     B3EIDL          equ	3668	;# 
   631   000E55                     B3DLC           equ	3669	;# 
   632   000E56                     B3D0            equ	3670	;# 
   633   000E57                     B3D1            equ	3671	;# 
   634   000E58                     B3D2            equ	3672	;# 
   635   000E59                     B3D3            equ	3673	;# 
   636   000E5A                     B3D4            equ	3674	;# 
   637   000E5B                     B3D5            equ	3675	;# 
   638   000E5C                     B3D6            equ	3676	;# 
   639   000E5D                     B3D7            equ	3677	;# 
   640   000E5E                     CANSTAT_RO6     equ	3678	;# 
   641   000E5F                     CANCON_RO6      equ	3679	;# 
   642   000E60                     B4CON           equ	3680	;# 
   643   000E61                     B4SIDH          equ	3681	;# 
   644   000E62                     B4SIDL          equ	3682	;# 
   645   000E63                     B4EIDH          equ	3683	;# 
   646   000E64                     B4EIDL          equ	3684	;# 
   647   000E65                     B4DLC           equ	3685	;# 
   648   000E66                     B4D0            equ	3686	;# 
   649   000E67                     B4D1            equ	3687	;# 
   650   000E68                     B4D2            equ	3688	;# 
   651   000E69                     B4D3            equ	3689	;# 
   652   000E6A                     B4D4            equ	3690	;# 
   653   000E6B                     B4D5            equ	3691	;# 
   654   000E6C                     B4D6            equ	3692	;# 
   655   000E6D                     B4D7            equ	3693	;# 
   656   000E6E                     CANSTAT_RO5     equ	3694	;# 
   657   000E6F                     CANCON_RO5      equ	3695	;# 
   658   000E70                     B5CON           equ	3696	;# 
   659   000E71                     B5SIDH          equ	3697	;# 
   660   000E72                     B5SIDL          equ	3698	;# 
   661   000E73                     B5EIDH          equ	3699	;# 
   662   000E74                     B5EIDL          equ	3700	;# 
   663   000E75                     B5DLC           equ	3701	;# 
   664   000E76                     B5D0            equ	3702	;# 
   665   000E77                     B5D1            equ	3703	;# 
   666   000E78                     B5D2            equ	3704	;# 
   667   000E79                     B5D3            equ	3705	;# 
   668   000E7A                     B5D4            equ	3706	;# 
   669   000E7B                     B5D5            equ	3707	;# 
   670   000E7C                     B5D6            equ	3708	;# 
   671   000E7D                     B5D7            equ	3709	;# 
   672   000E7E                     CANSTAT_RO4     equ	3710	;# 
   673   000E7F                     CANCON_RO4      equ	3711	;# 
   674   000F00                     RXF0SIDH        equ	3840	;# 
   675   000F01                     RXF0SIDL        equ	3841	;# 
   676   000F02                     RXF0EIDH        equ	3842	;# 
   677   000F03                     RXF0EIDL        equ	3843	;# 
   678   000F04                     RXF1SIDH        equ	3844	;# 
   679   000F05                     RXF1SIDL        equ	3845	;# 
   680   000F06                     RXF1EIDH        equ	3846	;# 
   681   000F07                     RXF1EIDL        equ	3847	;# 
   682   000F08                     RXF2SIDH        equ	3848	;# 
   683   000F09                     RXF2SIDL        equ	3849	;# 
   684   000F0A                     RXF2EIDH        equ	3850	;# 
   685   000F0B                     RXF2EIDL        equ	3851	;# 
   686   000F0C                     RXF3SIDH        equ	3852	;# 
   687   000F0D                     RXF3SIDL        equ	3853	;# 
   688   000F0E                     RXF3EIDH        equ	3854	;# 
   689   000F0F                     RXF3EIDL        equ	3855	;# 
   690   000F10                     RXF4SIDH        equ	3856	;# 
   691   000F11                     RXF4SIDL        equ	3857	;# 
   692   000F12                     RXF4EIDH        equ	3858	;# 
   693   000F13                     RXF4EIDL        equ	3859	;# 
   694   000F14                     RXF5SIDH        equ	3860	;# 
   695   000F15                     RXF5SIDL        equ	3861	;# 
   696   000F16                     RXF5EIDH        equ	3862	;# 
   697   000F17                     RXF5EIDL        equ	3863	;# 
   698   000F18                     RXM0SIDH        equ	3864	;# 
   699   000F19                     RXM0SIDL        equ	3865	;# 
   700   000F1A                     RXM0EIDH        equ	3866	;# 
   701   000F1B                     RXM0EIDL        equ	3867	;# 
   702   000F1C                     RXM1SIDH        equ	3868	;# 
   703   000F1D                     RXM1SIDL        equ	3869	;# 
   704   000F1E                     RXM1EIDH        equ	3870	;# 
   705   000F1F                     RXM1EIDL        equ	3871	;# 
   706   000F20                     TXB2CON         equ	3872	;# 
   707   000F21                     TXB2SIDH        equ	3873	;# 
   708   000F22                     TXB2SIDL        equ	3874	;# 
   709   000F23                     TXB2EIDH        equ	3875	;# 
   710   000F24                     TXB2EIDL        equ	3876	;# 
   711   000F25                     TXB2DLC         equ	3877	;# 
   712   000F26                     TXB2D0          equ	3878	;# 
   713   000F27                     TXB2D1          equ	3879	;# 
   714   000F28                     TXB2D2          equ	3880	;# 
   715   000F29                     TXB2D3          equ	3881	;# 
   716   000F2A                     TXB2D4          equ	3882	;# 
   717   000F2B                     TXB2D5          equ	3883	;# 
   718   000F2C                     TXB2D6          equ	3884	;# 
   719   000F2D                     TXB2D7          equ	3885	;# 
   720   000F2E                     CANSTAT_RO3     equ	3886	;# 
   721   000F2F                     CANCON_RO3      equ	3887	;# 
   722   000F30                     TXB1CON         equ	3888	;# 
   723   000F31                     TXB1SIDH        equ	3889	;# 
   724   000F32                     TXB1SIDL        equ	3890	;# 
   725   000F33                     TXB1EIDH        equ	3891	;# 
   726   000F34                     TXB1EIDL        equ	3892	;# 
   727   000F35                     TXB1DLC         equ	3893	;# 
   728   000F36                     TXB1D0          equ	3894	;# 
   729   000F37                     TXB1D1          equ	3895	;# 
   730   000F38                     TXB1D2          equ	3896	;# 
   731   000F39                     TXB1D3          equ	3897	;# 
   732   000F3A                     TXB1D4          equ	3898	;# 
   733   000F3B                     TXB1D5          equ	3899	;# 
   734   000F3C                     TXB1D6          equ	3900	;# 
   735   000F3D                     TXB1D7          equ	3901	;# 
   736   000F3E                     CANSTAT_RO2     equ	3902	;# 
   737   000F3F                     CANCON_RO2      equ	3903	;# 
   738   000F40                     TXB0CON         equ	3904	;# 
   739   000F41                     TXB0SIDH        equ	3905	;# 
   740   000F42                     TXB0SIDL        equ	3906	;# 
   741   000F43                     TXB0EIDH        equ	3907	;# 
   742   000F44                     TXB0EIDL        equ	3908	;# 
   743   000F45                     TXB0DLC         equ	3909	;# 
   744   000F46                     TXB0D0          equ	3910	;# 
   745   000F47                     TXB0D1          equ	3911	;# 
   746   000F48                     TXB0D2          equ	3912	;# 
   747   000F49                     TXB0D3          equ	3913	;# 
   748   000F4A                     TXB0D4          equ	3914	;# 
   749   000F4B                     TXB0D5          equ	3915	;# 
   750   000F4C                     TXB0D6          equ	3916	;# 
   751   000F4D                     TXB0D7          equ	3917	;# 
   752   000F4E                     CANSTAT_RO1     equ	3918	;# 
   753   000F4F                     CANCON_RO1      equ	3919	;# 
   754   000F50                     RXB1CON         equ	3920	;# 
   755   000F51                     RXB1SIDH        equ	3921	;# 
   756   000F52                     RXB1SIDL        equ	3922	;# 
   757   000F53                     RXB1EIDH        equ	3923	;# 
   758   000F54                     RXB1EIDL        equ	3924	;# 
   759   000F55                     RXB1DLC         equ	3925	;# 
   760   000F56                     RXB1D0          equ	3926	;# 
   761   000F57                     RXB1D1          equ	3927	;# 
   762   000F58                     RXB1D2          equ	3928	;# 
   763   000F59                     RXB1D3          equ	3929	;# 
   764   000F5A                     RXB1D4          equ	3930	;# 
   765   000F5B                     RXB1D5          equ	3931	;# 
   766   000F5C                     RXB1D6          equ	3932	;# 
   767   000F5D                     RXB1D7          equ	3933	;# 
   768   000F5E                     CANSTAT_RO0     equ	3934	;# 
   769   000F5F                     CANCON_RO0      equ	3935	;# 
   770   000F60                     RXB0CON         equ	3936	;# 
   771   000F61                     RXB0SIDH        equ	3937	;# 
   772   000F62                     RXB0SIDL        equ	3938	;# 
   773   000F63                     RXB0EIDH        equ	3939	;# 
   774   000F64                     RXB0EIDL        equ	3940	;# 
   775   000F65                     RXB0DLC         equ	3941	;# 
   776   000F66                     RXB0D0          equ	3942	;# 
   777   000F67                     RXB0D1          equ	3943	;# 
   778   000F68                     RXB0D2          equ	3944	;# 
   779   000F69                     RXB0D3          equ	3945	;# 
   780   000F6A                     RXB0D4          equ	3946	;# 
   781   000F6B                     RXB0D5          equ	3947	;# 
   782   000F6C                     RXB0D6          equ	3948	;# 
   783   000F6D                     RXB0D7          equ	3949	;# 
   784   000F6E                     CANSTAT         equ	3950	;# 
   785   000F6F                     CANCON          equ	3951	;# 
   786   000F70                     BRGCON1         equ	3952	;# 
   787   000F71                     BRGCON2         equ	3953	;# 
   788   000F72                     BRGCON3         equ	3954	;# 
   789   000F73                     CIOCON          equ	3955	;# 
   790   000F74                     COMSTAT         equ	3956	;# 
   791   000F75                     RXERRCNT        equ	3957	;# 
   792   000F76                     TXERRCNT        equ	3958	;# 
   793   000F77                     ECANCON         equ	3959	;# 
   794   000F80                     PORTA           equ	3968	;# 
   795   000F81                     PORTB           equ	3969	;# 
   796   000F82                     PORTC           equ	3970	;# 
   797   000F83                     PORTD           equ	3971	;# 
   798   000F84                     PORTE           equ	3972	;# 
   799   000F89                     LATA            equ	3977	;# 
   800   000F8A                     LATB            equ	3978	;# 
   801   000F8B                     LATC            equ	3979	;# 
   802   000F8C                     LATD            equ	3980	;# 
   803   000F8D                     LATE            equ	3981	;# 
   804   000F92                     TRISA           equ	3986	;# 
   805   000F92                     DDRA            equ	3986	;# 
   806   000F93                     TRISB           equ	3987	;# 
   807   000F93                     DDRB            equ	3987	;# 
   808   000F94                     TRISC           equ	3988	;# 
   809   000F94                     DDRC            equ	3988	;# 
   810   000F95                     TRISD           equ	3989	;# 
   811   000F95                     DDRD            equ	3989	;# 
   812   000F96                     TRISE           equ	3990	;# 
   813   000F96                     DDRE            equ	3990	;# 
   814   000F9B                     OSCTUNE         equ	3995	;# 
   815   000F9D                     PIE1            equ	3997	;# 
   816   000F9E                     PIR1            equ	3998	;# 
   817   000F9F                     IPR1            equ	3999	;# 
   818   000FA0                     PIE2            equ	4000	;# 
   819   000FA1                     PIR2            equ	4001	;# 
   820   000FA2                     IPR2            equ	4002	;# 
   821   000FA3                     PIE3            equ	4003	;# 
   822   000FA4                     PIR3            equ	4004	;# 
   823   000FA5                     IPR3            equ	4005	;# 
   824   000FA6                     EECON1          equ	4006	;# 
   825   000FA7                     EECON2          equ	4007	;# 
   826   000FA8                     EEDATA          equ	4008	;# 
   827   000FA9                     EEADR           equ	4009	;# 
   828   000FAB                     RCSTA           equ	4011	;# 
   829   000FAB                     RCSTA1          equ	4011	;# 
   830   000FAC                     TXSTA           equ	4012	;# 
   831   000FAC                     TXSTA1          equ	4012	;# 
   832   000FAD                     TXREG           equ	4013	;# 
   833   000FAD                     TXREG1          equ	4013	;# 
   834   000FAE                     RCREG           equ	4014	;# 
   835   000FAE                     RCREG1          equ	4014	;# 
   836   000FAF                     SPBRG           equ	4015	;# 
   837   000FAF                     SPBRG1          equ	4015	;# 
   838   000FB0                     SPBRGH          equ	4016	;# 
   839   000FB1                     T3CON           equ	4017	;# 
   840   000FB2                     TMR3            equ	4018	;# 
   841   000FB2                     TMR3L           equ	4018	;# 
   842   000FB3                     TMR3H           equ	4019	;# 
   843   000FB4                     CMCON           equ	4020	;# 
   844   000FB5                     CVRCON          equ	4021	;# 
   845   000FB6                     ECCP1AS         equ	4022	;# 
   846   000FB7                     ECCP1DEL        equ	4023	;# 
   847   000FB8                     BAUDCON         equ	4024	;# 
   848   000FB8                     BAUDCTL         equ	4024	;# 
   849   000FBA                     ECCP1CON        equ	4026	;# 
   850   000FBB                     ECCPR1          equ	4027	;# 
   851   000FBB                     ECCPR1L         equ	4027	;# 
   852   000FBC                     ECCPR1H         equ	4028	;# 
   853   000FBD                     CCP1CON         equ	4029	;# 
   854   000FBE                     CCPR1           equ	4030	;# 
   855   000FBE                     CCPR1L          equ	4030	;# 
   856   000FBF                     CCPR1H          equ	4031	;# 
   857   000FC0                     ADCON2          equ	4032	;# 
   858   000FC1                     ADCON1          equ	4033	;# 
   859   000FC2                     ADCON0          equ	4034	;# 
   860   000FC3                     ADRES           equ	4035	;# 
   861   000FC3                     ADRESL          equ	4035	;# 
   862   000FC4                     ADRESH          equ	4036	;# 
   863   000FC5                     SSPCON2         equ	4037	;# 
   864   000FC6                     SSPCON1         equ	4038	;# 
   865   000FC7                     SSPSTAT         equ	4039	;# 
   866   000FC8                     SSPADD          equ	4040	;# 
   867   000FC9                     SSPBUF          equ	4041	;# 
   868   000FCA                     T2CON           equ	4042	;# 
   869   000FCB                     PR2             equ	4043	;# 
   870   000FCB                     MEMCON          equ	4043	;# 
   871   000FCC                     TMR2            equ	4044	;# 
   872   000FCD                     T1CON           equ	4045	;# 
   873   000FCE                     TMR1            equ	4046	;# 
   874   000FCE                     TMR1L           equ	4046	;# 
   875   000FCF                     TMR1H           equ	4047	;# 
   876   000FD0                     RCON            equ	4048	;# 
   877   000FD1                     WDTCON          equ	4049	;# 
   878   000FD2                     HLVDCON         equ	4050	;# 
   879   000FD2                     LVDCON          equ	4050	;# 
   880   000FD3                     OSCCON          equ	4051	;# 
   881   000FD5                     T0CON           equ	4053	;# 
   882   000FD6                     TMR0            equ	4054	;# 
   883   000FD6                     TMR0L           equ	4054	;# 
   884   000FD7                     TMR0H           equ	4055	;# 
   885   000FD8                     STATUS          equ	4056	;# 
   886   000FD9                     FSR2            equ	4057	;# 
   887   000FD9                     FSR2L           equ	4057	;# 
   888   000FDA                     FSR2H           equ	4058	;# 
   889   000FDB                     PLUSW2          equ	4059	;# 
   890   000FDC                     PREINC2         equ	4060	;# 
   891   000FDD                     POSTDEC2        equ	4061	;# 
   892   000FDE                     POSTINC2        equ	4062	;# 
   893   000FDF                     INDF2           equ	4063	;# 
   894   000FE0                     BSR             equ	4064	;# 
   895   000FE1                     FSR1            equ	4065	;# 
   896   000FE1                     FSR1L           equ	4065	;# 
   897   000FE2                     FSR1H           equ	4066	;# 
   898   000FE3                     PLUSW1          equ	4067	;# 
   899   000FE4                     PREINC1         equ	4068	;# 
   900   000FE5                     POSTDEC1        equ	4069	;# 
   901   000FE6                     POSTINC1        equ	4070	;# 
   902   000FE7                     INDF1           equ	4071	;# 
   903   000FE8                     WREG            equ	4072	;# 
   904   000FE9                     FSR0            equ	4073	;# 
   905   000FE9                     FSR0L           equ	4073	;# 
   906   000FEA                     FSR0H           equ	4074	;# 
   907   000FEB                     PLUSW0          equ	4075	;# 
   908   000FEC                     PREINC0         equ	4076	;# 
   909   000FED                     POSTDEC0        equ	4077	;# 
   910   000FEE                     POSTINC0        equ	4078	;# 
   911   000FEF                     INDF0           equ	4079	;# 
   912   000FF0                     INTCON3         equ	4080	;# 
   913   000FF1                     INTCON2         equ	4081	;# 
   914   000FF2                     INTCON          equ	4082	;# 
   915   000FF3                     PROD            equ	4083	;# 
   916   000FF3                     PRODL           equ	4083	;# 
   917   000FF4                     PRODH           equ	4084	;# 
   918   000FF5                     TABLAT          equ	4085	;# 
   919   000FF6                     TBLPTR          equ	4086	;# 
   920   000FF6                     TBLPTRL         equ	4086	;# 
   921   000FF7                     TBLPTRH         equ	4087	;# 
   922   000FF8                     TBLPTRU         equ	4088	;# 
   923   000FF9                     PCLAT           equ	4089	;# 
   924   000FF9                     PC              equ	4089	;# 
   925   000FF9                     PCL             equ	4089	;# 
   926   000FFA                     PCLATH          equ	4090	;# 
   927   000FFB                     PCLATU          equ	4091	;# 
   928   000FFC                     STKPTR          equ	4092	;# 
   929   000FFD                     TOS             equ	4093	;# 
   930   000FFD                     TOSL            equ	4093	;# 
   931   000FFE                     TOSH            equ	4094	;# 
   932   000FFF                     TOSU            equ	4095	;# 
   933   000D60                     RXF6SIDH        equ	3424	;# 
   934   000D61                     RXF6SIDL        equ	3425	;# 
   935   000D62                     RXF6EIDH        equ	3426	;# 
   936   000D63                     RXF6EIDL        equ	3427	;# 
   937   000D64                     RXF7SIDH        equ	3428	;# 
   938   000D65                     RXF7SIDL        equ	3429	;# 
   939   000D66                     RXF7EIDH        equ	3430	;# 
   940   000D67                     RXF7EIDL        equ	3431	;# 
   941   000D68                     RXF8SIDH        equ	3432	;# 
   942   000D69                     RXF8SIDL        equ	3433	;# 
   943   000D6A                     RXF8EIDH        equ	3434	;# 
   944   000D6B                     RXF8EIDL        equ	3435	;# 
   945   000D70                     RXF9SIDH        equ	3440	;# 
   946   000D71                     RXF9SIDL        equ	3441	;# 
   947   000D72                     RXF9EIDH        equ	3442	;# 
   948   000D73                     RXF9EIDL        equ	3443	;# 
   949   000D74                     RXF10SIDH       equ	3444	;# 
   950   000D75                     RXF10SIDL       equ	3445	;# 
   951   000D76                     RXF10EIDH       equ	3446	;# 
   952   000D77                     RXF10EIDL       equ	3447	;# 
   953   000D78                     RXF11SIDH       equ	3448	;# 
   954   000D79                     RXF11SIDL       equ	3449	;# 
   955   000D7A                     RXF11EIDH       equ	3450	;# 
   956   000D7B                     RXF11EIDL       equ	3451	;# 
   957   000D80                     RXF12SIDH       equ	3456	;# 
   958   000D81                     RXF12SIDL       equ	3457	;# 
   959   000D82                     RXF12EIDH       equ	3458	;# 
   960   000D83                     RXF12EIDL       equ	3459	;# 
   961   000D84                     RXF13SIDH       equ	3460	;# 
   962   000D85                     RXF13SIDL       equ	3461	;# 
   963   000D86                     RXF13EIDH       equ	3462	;# 
   964   000D87                     RXF13EIDL       equ	3463	;# 
   965   000D88                     RXF14SIDH       equ	3464	;# 
   966   000D89                     RXF14SIDL       equ	3465	;# 
   967   000D8A                     RXF14EIDH       equ	3466	;# 
   968   000D8B                     RXF14EIDL       equ	3467	;# 
   969   000D90                     RXF15SIDH       equ	3472	;# 
   970   000D91                     RXF15SIDL       equ	3473	;# 
   971   000D92                     RXF15EIDH       equ	3474	;# 
   972   000D93                     RXF15EIDL       equ	3475	;# 
   973   000DD4                     RXFCON0         equ	3540	;# 
   974   000DD5                     RXFCON1         equ	3541	;# 
   975   000DD8                     SDFLC           equ	3544	;# 
   976   000DE0                     RXFBCON0        equ	3552	;# 
   977   000DE1                     RXFBCON1        equ	3553	;# 
   978   000DE2                     RXFBCON2        equ	3554	;# 
   979   000DE3                     RXFBCON3        equ	3555	;# 
   980   000DE4                     RXFBCON4        equ	3556	;# 
   981   000DE5                     RXFBCON5        equ	3557	;# 
   982   000DE6                     RXFBCON6        equ	3558	;# 
   983   000DE7                     RXFBCON7        equ	3559	;# 
   984   000DF0                     MSEL0           equ	3568	;# 
   985   000DF1                     MSEL1           equ	3569	;# 
   986   000DF2                     MSEL2           equ	3570	;# 
   987   000DF3                     MSEL3           equ	3571	;# 
   988   000DF8                     BSEL0           equ	3576	;# 
   989   000DFA                     BIE0            equ	3578	;# 
   990   000DFC                     TXBIE           equ	3580	;# 
   991   000E20                     B0CON           equ	3616	;# 
   992   000E21                     B0SIDH          equ	3617	;# 
   993   000E22                     B0SIDL          equ	3618	;# 
   994   000E23                     B0EIDH          equ	3619	;# 
   995   000E24                     B0EIDL          equ	3620	;# 
   996   000E25                     B0DLC           equ	3621	;# 
   997   000E26                     B0D0            equ	3622	;# 
   998   000E27                     B0D1            equ	3623	;# 
   999   000E28                     B0D2            equ	3624	;# 
  1000   000E29                     B0D3            equ	3625	;# 
  1001   000E2A                     B0D4            equ	3626	;# 
  1002   000E2B                     B0D5            equ	3627	;# 
  1003   000E2C                     B0D6            equ	3628	;# 
  1004   000E2D                     B0D7            equ	3629	;# 
  1005   000E2E                     CANSTAT_RO9     equ	3630	;# 
  1006   000E2F                     CANCON_RO9      equ	3631	;# 
  1007   000E30                     B1CON           equ	3632	;# 
  1008   000E31                     B1SIDH          equ	3633	;# 
  1009   000E32                     B1SIDL          equ	3634	;# 
  1010   000E33                     B1EIDH          equ	3635	;# 
  1011   000E34                     B1EIDL          equ	3636	;# 
  1012   000E35                     B1DLC           equ	3637	;# 
  1013   000E36                     B1D0            equ	3638	;# 
  1014   000E37                     B1D1            equ	3639	;# 
  1015   000E38                     B1D2            equ	3640	;# 
  1016   000E39                     B1D3            equ	3641	;# 
  1017   000E3A                     B1D4            equ	3642	;# 
  1018   000E3B                     B1D5            equ	3643	;# 
  1019   000E3C                     B1D6            equ	3644	;# 
  1020   000E3D                     B1D7            equ	3645	;# 
  1021   000E3E                     CANSTAT_RO8     equ	3646	;# 
  1022   000E3F                     CANCON_RO8      equ	3647	;# 
  1023   000E40                     B2CON           equ	3648	;# 
  1024   000E41                     B2SIDH          equ	3649	;# 
  1025   000E42                     B2SIDL          equ	3650	;# 
  1026   000E43                     B2EIDH          equ	3651	;# 
  1027   000E44                     B2EIDL          equ	3652	;# 
  1028   000E45                     B2DLC           equ	3653	;# 
  1029   000E46                     B2D0            equ	3654	;# 
  1030   000E47                     B2D1            equ	3655	;# 
  1031   000E48                     B2D2            equ	3656	;# 
  1032   000E49                     B2D3            equ	3657	;# 
  1033   000E4A                     B2D4            equ	3658	;# 
  1034   000E4B                     B2D5            equ	3659	;# 
  1035   000E4C                     B2D6            equ	3660	;# 
  1036   000E4D                     B2D7            equ	3661	;# 
  1037   000E4E                     CANSTAT_RO7     equ	3662	;# 
  1038   000E4F                     CANCON_RO7      equ	3663	;# 
  1039   000E50                     B3CON           equ	3664	;# 
  1040   000E51                     B3SIDH          equ	3665	;# 
  1041   000E52                     B3SIDL          equ	3666	;# 
  1042   000E53                     B3EIDH          equ	3667	;# 
  1043   000E54                     B3EIDL          equ	3668	;# 
  1044   000E55                     B3DLC           equ	3669	;# 
  1045   000E56                     B3D0            equ	3670	;# 
  1046   000E57                     B3D1            equ	3671	;# 
  1047   000E58                     B3D2            equ	3672	;# 
  1048   000E59                     B3D3            equ	3673	;# 
  1049   000E5A                     B3D4            equ	3674	;# 
  1050   000E5B                     B3D5            equ	3675	;# 
  1051   000E5C                     B3D6            equ	3676	;# 
  1052   000E5D                     B3D7            equ	3677	;# 
  1053   000E5E                     CANSTAT_RO6     equ	3678	;# 
  1054   000E5F                     CANCON_RO6      equ	3679	;# 
  1055   000E60                     B4CON           equ	3680	;# 
  1056   000E61                     B4SIDH          equ	3681	;# 
  1057   000E62                     B4SIDL          equ	3682	;# 
  1058   000E63                     B4EIDH          equ	3683	;# 
  1059   000E64                     B4EIDL          equ	3684	;# 
  1060   000E65                     B4DLC           equ	3685	;# 
  1061   000E66                     B4D0            equ	3686	;# 
  1062   000E67                     B4D1            equ	3687	;# 
  1063   000E68                     B4D2            equ	3688	;# 
  1064   000E69                     B4D3            equ	3689	;# 
  1065   000E6A                     B4D4            equ	3690	;# 
  1066   000E6B                     B4D5            equ	3691	;# 
  1067   000E6C                     B4D6            equ	3692	;# 
  1068   000E6D                     B4D7            equ	3693	;# 
  1069   000E6E                     CANSTAT_RO5     equ	3694	;# 
  1070   000E6F                     CANCON_RO5      equ	3695	;# 
  1071   000E70                     B5CON           equ	3696	;# 
  1072   000E71                     B5SIDH          equ	3697	;# 
  1073   000E72                     B5SIDL          equ	3698	;# 
  1074   000E73                     B5EIDH          equ	3699	;# 
  1075   000E74                     B5EIDL          equ	3700	;# 
  1076   000E75                     B5DLC           equ	3701	;# 
  1077   000E76                     B5D0            equ	3702	;# 
  1078   000E77                     B5D1            equ	3703	;# 
  1079   000E78                     B5D2            equ	3704	;# 
  1080   000E79                     B5D3            equ	3705	;# 
  1081   000E7A                     B5D4            equ	3706	;# 
  1082   000E7B                     B5D5            equ	3707	;# 
  1083   000E7C                     B5D6            equ	3708	;# 
  1084   000E7D                     B5D7            equ	3709	;# 
  1085   000E7E                     CANSTAT_RO4     equ	3710	;# 
  1086   000E7F                     CANCON_RO4      equ	3711	;# 
  1087   000F00                     RXF0SIDH        equ	3840	;# 
  1088   000F01                     RXF0SIDL        equ	3841	;# 
  1089   000F02                     RXF0EIDH        equ	3842	;# 
  1090   000F03                     RXF0EIDL        equ	3843	;# 
  1091   000F04                     RXF1SIDH        equ	3844	;# 
  1092   000F05                     RXF1SIDL        equ	3845	;# 
  1093   000F06                     RXF1EIDH        equ	3846	;# 
  1094   000F07                     RXF1EIDL        equ	3847	;# 
  1095   000F08                     RXF2SIDH        equ	3848	;# 
  1096   000F09                     RXF2SIDL        equ	3849	;# 
  1097   000F0A                     RXF2EIDH        equ	3850	;# 
  1098   000F0B                     RXF2EIDL        equ	3851	;# 
  1099   000F0C                     RXF3SIDH        equ	3852	;# 
  1100   000F0D                     RXF3SIDL        equ	3853	;# 
  1101   000F0E                     RXF3EIDH        equ	3854	;# 
  1102   000F0F                     RXF3EIDL        equ	3855	;# 
  1103   000F10                     RXF4SIDH        equ	3856	;# 
  1104   000F11                     RXF4SIDL        equ	3857	;# 
  1105   000F12                     RXF4EIDH        equ	3858	;# 
  1106   000F13                     RXF4EIDL        equ	3859	;# 
  1107   000F14                     RXF5SIDH        equ	3860	;# 
  1108   000F15                     RXF5SIDL        equ	3861	;# 
  1109   000F16                     RXF5EIDH        equ	3862	;# 
  1110   000F17                     RXF5EIDL        equ	3863	;# 
  1111   000F18                     RXM0SIDH        equ	3864	;# 
  1112   000F19                     RXM0SIDL        equ	3865	;# 
  1113   000F1A                     RXM0EIDH        equ	3866	;# 
  1114   000F1B                     RXM0EIDL        equ	3867	;# 
  1115   000F1C                     RXM1SIDH        equ	3868	;# 
  1116   000F1D                     RXM1SIDL        equ	3869	;# 
  1117   000F1E                     RXM1EIDH        equ	3870	;# 
  1118   000F1F                     RXM1EIDL        equ	3871	;# 
  1119   000F20                     TXB2CON         equ	3872	;# 
  1120   000F21                     TXB2SIDH        equ	3873	;# 
  1121   000F22                     TXB2SIDL        equ	3874	;# 
  1122   000F23                     TXB2EIDH        equ	3875	;# 
  1123   000F24                     TXB2EIDL        equ	3876	;# 
  1124   000F25                     TXB2DLC         equ	3877	;# 
  1125   000F26                     TXB2D0          equ	3878	;# 
  1126   000F27                     TXB2D1          equ	3879	;# 
  1127   000F28                     TXB2D2          equ	3880	;# 
  1128   000F29                     TXB2D3          equ	3881	;# 
  1129   000F2A                     TXB2D4          equ	3882	;# 
  1130   000F2B                     TXB2D5          equ	3883	;# 
  1131   000F2C                     TXB2D6          equ	3884	;# 
  1132   000F2D                     TXB2D7          equ	3885	;# 
  1133   000F2E                     CANSTAT_RO3     equ	3886	;# 
  1134   000F2F                     CANCON_RO3      equ	3887	;# 
  1135   000F30                     TXB1CON         equ	3888	;# 
  1136   000F31                     TXB1SIDH        equ	3889	;# 
  1137   000F32                     TXB1SIDL        equ	3890	;# 
  1138   000F33                     TXB1EIDH        equ	3891	;# 
  1139   000F34                     TXB1EIDL        equ	3892	;# 
  1140   000F35                     TXB1DLC         equ	3893	;# 
  1141   000F36                     TXB1D0          equ	3894	;# 
  1142   000F37                     TXB1D1          equ	3895	;# 
  1143   000F38                     TXB1D2          equ	3896	;# 
  1144   000F39                     TXB1D3          equ	3897	;# 
  1145   000F3A                     TXB1D4          equ	3898	;# 
  1146   000F3B                     TXB1D5          equ	3899	;# 
  1147   000F3C                     TXB1D6          equ	3900	;# 
  1148   000F3D                     TXB1D7          equ	3901	;# 
  1149   000F3E                     CANSTAT_RO2     equ	3902	;# 
  1150   000F3F                     CANCON_RO2      equ	3903	;# 
  1151   000F40                     TXB0CON         equ	3904	;# 
  1152   000F41                     TXB0SIDH        equ	3905	;# 
  1153   000F42                     TXB0SIDL        equ	3906	;# 
  1154   000F43                     TXB0EIDH        equ	3907	;# 
  1155   000F44                     TXB0EIDL        equ	3908	;# 
  1156   000F45                     TXB0DLC         equ	3909	;# 
  1157   000F46                     TXB0D0          equ	3910	;# 
  1158   000F47                     TXB0D1          equ	3911	;# 
  1159   000F48                     TXB0D2          equ	3912	;# 
  1160   000F49                     TXB0D3          equ	3913	;# 
  1161   000F4A                     TXB0D4          equ	3914	;# 
  1162   000F4B                     TXB0D5          equ	3915	;# 
  1163   000F4C                     TXB0D6          equ	3916	;# 
  1164   000F4D                     TXB0D7          equ	3917	;# 
  1165   000F4E                     CANSTAT_RO1     equ	3918	;# 
  1166   000F4F                     CANCON_RO1      equ	3919	;# 
  1167   000F50                     RXB1CON         equ	3920	;# 
  1168   000F51                     RXB1SIDH        equ	3921	;# 
  1169   000F52                     RXB1SIDL        equ	3922	;# 
  1170   000F53                     RXB1EIDH        equ	3923	;# 
  1171   000F54                     RXB1EIDL        equ	3924	;# 
  1172   000F55                     RXB1DLC         equ	3925	;# 
  1173   000F56                     RXB1D0          equ	3926	;# 
  1174   000F57                     RXB1D1          equ	3927	;# 
  1175   000F58                     RXB1D2          equ	3928	;# 
  1176   000F59                     RXB1D3          equ	3929	;# 
  1177   000F5A                     RXB1D4          equ	3930	;# 
  1178   000F5B                     RXB1D5          equ	3931	;# 
  1179   000F5C                     RXB1D6          equ	3932	;# 
  1180   000F5D                     RXB1D7          equ	3933	;# 
  1181   000F5E                     CANSTAT_RO0     equ	3934	;# 
  1182   000F5F                     CANCON_RO0      equ	3935	;# 
  1183   000F60                     RXB0CON         equ	3936	;# 
  1184   000F61                     RXB0SIDH        equ	3937	;# 
  1185   000F62                     RXB0SIDL        equ	3938	;# 
  1186   000F63                     RXB0EIDH        equ	3939	;# 
  1187   000F64                     RXB0EIDL        equ	3940	;# 
  1188   000F65                     RXB0DLC         equ	3941	;# 
  1189   000F66                     RXB0D0          equ	3942	;# 
  1190   000F67                     RXB0D1          equ	3943	;# 
  1191   000F68                     RXB0D2          equ	3944	;# 
  1192   000F69                     RXB0D3          equ	3945	;# 
  1193   000F6A                     RXB0D4          equ	3946	;# 
  1194   000F6B                     RXB0D5          equ	3947	;# 
  1195   000F6C                     RXB0D6          equ	3948	;# 
  1196   000F6D                     RXB0D7          equ	3949	;# 
  1197   000F6E                     CANSTAT         equ	3950	;# 
  1198   000F6F                     CANCON          equ	3951	;# 
  1199   000F70                     BRGCON1         equ	3952	;# 
  1200   000F71                     BRGCON2         equ	3953	;# 
  1201   000F72                     BRGCON3         equ	3954	;# 
  1202   000F73                     CIOCON          equ	3955	;# 
  1203   000F74                     COMSTAT         equ	3956	;# 
  1204   000F75                     RXERRCNT        equ	3957	;# 
  1205   000F76                     TXERRCNT        equ	3958	;# 
  1206   000F77                     ECANCON         equ	3959	;# 
  1207   000F80                     PORTA           equ	3968	;# 
  1208   000F81                     PORTB           equ	3969	;# 
  1209   000F82                     PORTC           equ	3970	;# 
  1210   000F83                     PORTD           equ	3971	;# 
  1211   000F84                     PORTE           equ	3972	;# 
  1212   000F89                     LATA            equ	3977	;# 
  1213   000F8A                     LATB            equ	3978	;# 
  1214   000F8B                     LATC            equ	3979	;# 
  1215   000F8C                     LATD            equ	3980	;# 
  1216   000F8D                     LATE            equ	3981	;# 
  1217   000F92                     TRISA           equ	3986	;# 
  1218   000F92                     DDRA            equ	3986	;# 
  1219   000F93                     TRISB           equ	3987	;# 
  1220   000F93                     DDRB            equ	3987	;# 
  1221   000F94                     TRISC           equ	3988	;# 
  1222   000F94                     DDRC            equ	3988	;# 
  1223   000F95                     TRISD           equ	3989	;# 
  1224   000F95                     DDRD            equ	3989	;# 
  1225   000F96                     TRISE           equ	3990	;# 
  1226   000F96                     DDRE            equ	3990	;# 
  1227   000F9B                     OSCTUNE         equ	3995	;# 
  1228   000F9D                     PIE1            equ	3997	;# 
  1229   000F9E                     PIR1            equ	3998	;# 
  1230   000F9F                     IPR1            equ	3999	;# 
  1231   000FA0                     PIE2            equ	4000	;# 
  1232   000FA1                     PIR2            equ	4001	;# 
  1233   000FA2                     IPR2            equ	4002	;# 
  1234   000FA3                     PIE3            equ	4003	;# 
  1235   000FA4                     PIR3            equ	4004	;# 
  1236   000FA5                     IPR3            equ	4005	;# 
  1237   000FA6                     EECON1          equ	4006	;# 
  1238   000FA7                     EECON2          equ	4007	;# 
  1239   000FA8                     EEDATA          equ	4008	;# 
  1240   000FA9                     EEADR           equ	4009	;# 
  1241   000FAB                     RCSTA           equ	4011	;# 
  1242   000FAB                     RCSTA1          equ	4011	;# 
  1243   000FAC                     TXSTA           equ	4012	;# 
  1244   000FAC                     TXSTA1          equ	4012	;# 
  1245   000FAD                     TXREG           equ	4013	;# 
  1246   000FAD                     TXREG1          equ	4013	;# 
  1247   000FAE                     RCREG           equ	4014	;# 
  1248   000FAE                     RCREG1          equ	4014	;# 
  1249   000FAF                     SPBRG           equ	4015	;# 
  1250   000FAF                     SPBRG1          equ	4015	;# 
  1251   000FB0                     SPBRGH          equ	4016	;# 
  1252   000FB1                     T3CON           equ	4017	;# 
  1253   000FB2                     TMR3            equ	4018	;# 
  1254   000FB2                     TMR3L           equ	4018	;# 
  1255   000FB3                     TMR3H           equ	4019	;# 
  1256   000FB4                     CMCON           equ	4020	;# 
  1257   000FB5                     CVRCON          equ	4021	;# 
  1258   000FB6                     ECCP1AS         equ	4022	;# 
  1259   000FB7                     ECCP1DEL        equ	4023	;# 
  1260   000FB8                     BAUDCON         equ	4024	;# 
  1261   000FB8                     BAUDCTL         equ	4024	;# 
  1262   000FBA                     ECCP1CON        equ	4026	;# 
  1263   000FBB                     ECCPR1          equ	4027	;# 
  1264   000FBB                     ECCPR1L         equ	4027	;# 
  1265   000FBC                     ECCPR1H         equ	4028	;# 
  1266   000FBD                     CCP1CON         equ	4029	;# 
  1267   000FBE                     CCPR1           equ	4030	;# 
  1268   000FBE                     CCPR1L          equ	4030	;# 
  1269   000FBF                     CCPR1H          equ	4031	;# 
  1270   000FC0                     ADCON2          equ	4032	;# 
  1271   000FC1                     ADCON1          equ	4033	;# 
  1272   000FC2                     ADCON0          equ	4034	;# 
  1273   000FC3                     ADRES           equ	4035	;# 
  1274   000FC3                     ADRESL          equ	4035	;# 
  1275   000FC4                     ADRESH          equ	4036	;# 
  1276   000FC5                     SSPCON2         equ	4037	;# 
  1277   000FC6                     SSPCON1         equ	4038	;# 
  1278   000FC7                     SSPSTAT         equ	4039	;# 
  1279   000FC8                     SSPADD          equ	4040	;# 
  1280   000FC9                     SSPBUF          equ	4041	;# 
  1281   000FCA                     T2CON           equ	4042	;# 
  1282   000FCB                     PR2             equ	4043	;# 
  1283   000FCB                     MEMCON          equ	4043	;# 
  1284   000FCC                     TMR2            equ	4044	;# 
  1285   000FCD                     T1CON           equ	4045	;# 
  1286   000FCE                     TMR1            equ	4046	;# 
  1287   000FCE                     TMR1L           equ	4046	;# 
  1288   000FCF                     TMR1H           equ	4047	;# 
  1289   000FD0                     RCON            equ	4048	;# 
  1290   000FD1                     WDTCON          equ	4049	;# 
  1291   000FD2                     HLVDCON         equ	4050	;# 
  1292   000FD2                     LVDCON          equ	4050	;# 
  1293   000FD3                     OSCCON          equ	4051	;# 
  1294   000FD5                     T0CON           equ	4053	;# 
  1295   000FD6                     TMR0            equ	4054	;# 
  1296   000FD6                     TMR0L           equ	4054	;# 
  1297   000FD7                     TMR0H           equ	4055	;# 
  1298   000FD8                     STATUS          equ	4056	;# 
  1299   000FD9                     FSR2            equ	4057	;# 
  1300   000FD9                     FSR2L           equ	4057	;# 
  1301   000FDA                     FSR2H           equ	4058	;# 
  1302   000FDB                     PLUSW2          equ	4059	;# 
  1303   000FDC                     PREINC2         equ	4060	;# 
  1304   000FDD                     POSTDEC2        equ	4061	;# 
  1305   000FDE                     POSTINC2        equ	4062	;# 
  1306   000FDF                     INDF2           equ	4063	;# 
  1307   000FE0                     BSR             equ	4064	;# 
  1308   000FE1                     FSR1            equ	4065	;# 
  1309   000FE1                     FSR1L           equ	4065	;# 
  1310   000FE2                     FSR1H           equ	4066	;# 
  1311   000FE3                     PLUSW1          equ	4067	;# 
  1312   000FE4                     PREINC1         equ	4068	;# 
  1313   000FE5                     POSTDEC1        equ	4069	;# 
  1314   000FE6                     POSTINC1        equ	4070	;# 
  1315   000FE7                     INDF1           equ	4071	;# 
  1316   000FE8                     WREG            equ	4072	;# 
  1317   000FE9                     FSR0            equ	4073	;# 
  1318   000FE9                     FSR0L           equ	4073	;# 
  1319   000FEA                     FSR0H           equ	4074	;# 
  1320   000FEB                     PLUSW0          equ	4075	;# 
  1321   000FEC                     PREINC0         equ	4076	;# 
  1322   000FED                     POSTDEC0        equ	4077	;# 
  1323   000FEE                     POSTINC0        equ	4078	;# 
  1324   000FEF                     INDF0           equ	4079	;# 
  1325   000FF0                     INTCON3         equ	4080	;# 
  1326   000FF1                     INTCON2         equ	4081	;# 
  1327   000FF2                     INTCON          equ	4082	;# 
  1328   000FF3                     PROD            equ	4083	;# 
  1329   000FF3                     PRODL           equ	4083	;# 
  1330   000FF4                     PRODH           equ	4084	;# 
  1331   000FF5                     TABLAT          equ	4085	;# 
  1332   000FF6                     TBLPTR          equ	4086	;# 
  1333   000FF6                     TBLPTRL         equ	4086	;# 
  1334   000FF7                     TBLPTRH         equ	4087	;# 
  1335   000FF8                     TBLPTRU         equ	4088	;# 
  1336   000FF9                     PCLAT           equ	4089	;# 
  1337   000FF9                     PC              equ	4089	;# 
  1338   000FF9                     PCL             equ	4089	;# 
  1339   000FFA                     PCLATH          equ	4090	;# 
  1340   000FFB                     PCLATU          equ	4091	;# 
  1341   000FFC                     STKPTR          equ	4092	;# 
  1342   000FFD                     TOS             equ	4093	;# 
  1343   000FFD                     TOSL            equ	4093	;# 
  1344   000FFE                     TOSH            equ	4094	;# 
  1345   000FFF                     TOSU            equ	4095	;# 
  1346   000DD4                     _RXFCON0        set	3540
  1347   000F45                     _TXB0DLC        set	3909
  1348   000F44                     _TXB0EIDL       set	3908
  1349   000F43                     _TXB0EIDH       set	3907
  1350   000F41                     _TXB0SIDH       set	3905
  1351   000F42                     _TXB0SIDL       set	3906
  1352   000F46                     _TXB0D0         set	3910
  1353   007A03                     _TXB0REQ        set	31235
  1354   000F8A                     _LATB           set	3978
  1355   000F93                     _TRISBbits      set	3987
  1356   000F94                     _TRISC          set	3988
  1357   000F95                     _TRISD          set	3989
  1358   000F83                     _PORTD          set	3971
  1359   000F65                     _RXB0DLC        set	3941
  1360   000F61                     _RXB0SIDH       set	3937
  1361   000F62                     _RXB0SIDL       set	3938
  1362   000F60                     _RXB0CONbits    set	3936
  1363   000F60                     _RXB0CON        set	3936
  1364   000F72                     _BRGCON3        set	3954
  1365   000F71                     _BRGCON2        set	3953
  1366   000F70                     _BRGCON1        set	3952
  1367   000F77                     _ECANCON        set	3959
  1368   000F6E                     _CANSTAT        set	3950
  1369   000F6F                     _CANCON         set	3951
  1370   000F66                     _RXB0D0         set	3942
  1371   007C08                     _RB0            set	31752
  1372   007C0F                     _RB7            set	31759
  1373   007C1F                     _RD7            set	31775
  1374   007C10                     _RC0            set	31760
  1375   007CAF                     _TRISD7         set	31919
  1376   007C12                     _RC2            set	31762
  1377   007C11                     _RC1            set	31761
  1378   007D20                     _RXB0IF         set	32032
  1379   007B07                     _RXB0FUL        set	31495
  1380   007C9B                     _TRISB3         set	31899
  1381   007C9A                     _TRISB2         set	31898
  1382                           
  1383                           	psect	mediumconst
  1384   002FDA                     __pmediumconst:
  1385                           	callstack 0
  1386   002FDA  00                 	db	0
  1387   002FDB                     STR_7:
  1388                           
  1389                           ; BSR set to: 13
  1390   002FDB  52                 	db	82	;'R'
  1391   002FDC  50                 	db	80	;'P'
  1392   002FDD  4D                 	db	77	;'M'
  1393   002FDE  20                 	db	32
  1394   002FDF  20                 	db	32
  1395   002FE0  49                 	db	73	;'I'
  1396   002FE1  4E                 	db	78	;'N'
  1397   002FE2  44                 	db	68	;'D'
  1398   002FE3  20                 	db	32
  1399   002FE4  20                 	db	32
  1400   002FE5  53                 	db	83	;'S'
  1401   002FE6  50                 	db	80	;'P'
  1402   002FE7  44                 	db	68	;'D'
  1403   002FE8  20                 	db	32
  1404   002FE9  47                 	db	71	;'G'
  1405   002FEA  20                 	db	32
  1406   002FEB  00                 	db	0
  1407   002FEC                     STR_6:
  1408                           
  1409                           ; BSR set to: 13
  1410   002FEC  20                 	db	32
  1411   002FED  20                 	db	32
  1412   002FEE  20                 	db	32
  1413   002FEF  20                 	db	32
  1414   002FF0  00                 	db	0
  1415   002FF1                     STR_5:
  1416                           
  1417                           ; BSR set to: 13
  1418   002FF1  3C                 	db	60	;'<'
  1419   002FF2  2D                 	db	45
  1420   002FF3  2D                 	db	45
  1421   002FF4  3E                 	db	62	;'>'
  1422   002FF5  00                 	db	0
  1423   002FF6                     STR_1:
  1424                           
  1425                           ; BSR set to: 13
  1426   002FF6  3C                 	db	60	;'<'
  1427   002FF7  2D                 	db	45
  1428   002FF8  2D                 	db	45
  1429   002FF9  00                 	db	0
  1430   002FF2                     STR_3           equ	STR_5+1
  1431   002FEF                     STR_2           equ	STR_6+3
  1432   002FEF                     STR_4           equ	STR_6+3
  1433   002FFA  00                 	db	0	; dummy byte at the end
  1434   002FDA                     __smallconst    set	__pmediumconst
  1435   002FDA                     __mediumconst   set	__pmediumconst
  1436   000002                     __activetblptr  equ	2
  1437                           
  1438                           ; #config settings
  1439                           
  1440                           	psect	cinit
  1441   0027CA                     __pcinit:
  1442                           	callstack 0
  1443   0027CA                     start_initialization:
  1444                           	callstack 0
  1445   0027CA                     __initialization:
  1446                           	callstack 0
  1447   0027CA                     end_of_initialization:
  1448                           	callstack 0
  1449   0027CA                     __end_of__initialization:
  1450                           	callstack 0
  1451   0027CA  0E00               	movlw	low (__Lmediumconst shr (0+16))
  1452   0027CC  6EF8               	movwf	tblptru,c
  1453   0027CE  0100               	movlb	0
  1454   0027D0  EFF6  F013         	goto	_main	;jump to C main() function
  1455                           
  1456                           	psect	cstackCOMRAM
  1457   000001                     __pcstackCOMRAM:
  1458                           	callstack 0
  1459   000001                     ?___awdiv:
  1460                           	callstack 0
  1461   000001                     ?___lwdiv:
  1462                           	callstack 0
  1463   000001                     ?_get_msg_id_std:
  1464                           	callstack 0
  1465   000001                     clcd_write@control_bit:
  1466                           	callstack 0
  1467   000001                     ___awdiv@dividend:
  1468                           	callstack 0
  1469   000001                     ___lwdiv@dividend:
  1470                           	callstack 0
  1471   000001                     blink_delay@i:
  1472                           	callstack 0
  1473   000001                     
  1474                           ; 1 bytes @ 0x0
  1475   000001                     	ds	1
  1476   000002                     clcd_write@byte:
  1477                           	callstack 0
  1478   000002                     
  1479                           ; 1 bytes @ 0x1
  1480   000002                     	ds	1
  1481   000003                     clcd_putch@addr:
  1482                           	callstack 0
  1483   000003                     clcd_print@data:
  1484                           	callstack 0
  1485   000003                     ___awdiv@divisor:
  1486                           	callstack 0
  1487   000003                     ___lwdiv@divisor:
  1488                           	callstack 0
  1489   000003                     ??_get_msg_id_std:
  1490   000003                     ??_init_clcd:
  1491                           
  1492                           ; 1 bytes @ 0x2
  1493   000003                     	ds	1
  1494   000004                     clcd_putch@data:
  1495                           	callstack 0
  1496   000004                     
  1497                           ; 1 bytes @ 0x3
  1498   000004                     	ds	1
  1499   000005                     clcd_print@addr:
  1500                           	callstack 0
  1501   000005                     handle_gear_data@data:
  1502                           	callstack 0
  1503   000005                     ___awdiv@counter:
  1504                           	callstack 0
  1505   000005                     ___lwdiv@quotient:
  1506                           	callstack 0
  1507   000005                     
  1508                           ; 1 bytes @ 0x4
  1509   000005                     	ds	1
  1510   000006                     handle_gear_data@len:
  1511                           	callstack 0
  1512   000006                     handle_indicator_data@data:
  1513                           	callstack 0
  1514   000006                     ___awdiv@sign:
  1515                           	callstack 0
  1516   000006                     
  1517                           ; 1 bytes @ 0x5
  1518   000006                     	ds	1
  1519   000007                     handle_gear_data@gear:
  1520                           	callstack 0
  1521   000007                     handle_indicator_data@len:
  1522                           	callstack 0
  1523   000007                     ___lwdiv@counter:
  1524                           	callstack 0
  1525   000007                     get_msg_id_std@id:
  1526                           	callstack 0
  1527   000007                     ___awdiv@quotient:
  1528                           	callstack 0
  1529   000007                     
  1530                           ; 1 bytes @ 0x6
  1531   000007                     	ds	1
  1532   000008                     ?___lwmod:
  1533                           	callstack 0
  1534   000008                     handle_indicator_data@ind:
  1535                           	callstack 0
  1536   000008                     ___lwmod@dividend:
  1537                           	callstack 0
  1538   000008                     
  1539                           ; 1 bytes @ 0x7
  1540   000008                     	ds	1
  1541   000009                     ?___awmod:
  1542                           	callstack 0
  1543   000009                     can_receive@msg_id:
  1544                           	callstack 0
  1545   000009                     ___awmod@dividend:
  1546                           	callstack 0
  1547                           
  1548                           ; 2 bytes @ 0x8
  1549   000009                     	ds	1
  1550   00000A                     can_receive@data:
  1551                           	callstack 0
  1552   00000A                     ___lwmod@divisor:
  1553                           	callstack 0
  1554                           
  1555                           ; 2 bytes @ 0x9
  1556   00000A                     	ds	1
  1557   00000B                     can_receive@len:
  1558                           	callstack 0
  1559   00000B                     ___awmod@divisor:
  1560                           	callstack 0
  1561                           
  1562                           ; 2 bytes @ 0xA
  1563   00000B                     	ds	1
  1564   00000C                     ___lwmod@counter:
  1565                           	callstack 0
  1566   00000C                     ??_can_receive:
  1567                           
  1568                           ; 1 bytes @ 0xB
  1569   00000C                     	ds	1
  1570   00000D                     handle_rpm_data@data:
  1571                           	callstack 0
  1572   00000D                     ___awmod@counter:
  1573                           	callstack 0
  1574   00000D                     
  1575                           ; 1 bytes @ 0xC
  1576   00000D                     	ds	1
  1577   00000E                     handle_rpm_data@len:
  1578                           	callstack 0
  1579   00000E                     ___awmod@sign:
  1580                           	callstack 0
  1581                           
  1582                           ; 1 bytes @ 0xD
  1583   00000E                     	ds	1
  1584   00000F                     handle_speed_data@data:
  1585                           	callstack 0
  1586   00000F                     can_receive@ptr:
  1587                           	callstack 0
  1588   00000F                     ??_handle_rpm_data:
  1589                           
  1590                           ; 1 bytes @ 0xE
  1591   00000F                     	ds	1
  1592   000010                     handle_speed_data@len:
  1593                           	callstack 0
  1594   000010                     handle_rpm_data@arr:
  1595                           	callstack 0
  1596                           
  1597                           ; 5 bytes @ 0xF
  1598   000010                     	ds	1
  1599   000011                     can_receive@i:
  1600                           	callstack 0
  1601   000011                     handle_speed_data@arr:
  1602                           	callstack 0
  1603   000011                     
  1604                           ; 1 bytes @ 0x10
  1605   000011                     	ds	4
  1606   000015                     handle_speed_data@speed:
  1607                           	callstack 0
  1608   000015                     handle_rpm_data@rpm_set:
  1609                           	callstack 0
  1610                           
  1611                           ; 2 bytes @ 0x14
  1612   000015                     	ds	2
  1613   000017                     ??_process_canbus_data:
  1614                           
  1615                           ; 1 bytes @ 0x16
  1616   000017                     	ds	2
  1617   000019                     process_canbus_data@msg_id:
  1618                           	callstack 0
  1619                           
  1620                           ; 2 bytes @ 0x18
  1621   000019                     	ds	2
  1622   00001B                     process_canbus_data@len:
  1623                           	callstack 0
  1624                           
  1625                           ; 1 bytes @ 0x1A
  1626   00001B                     	ds	1
  1627   00001C                     process_canbus_data@data:
  1628                           	callstack 0
  1629                           
  1630                           ; 1 bytes @ 0x1B
  1631   00001C                     	ds	1
  1632   00001D                     
  1633                           ; 1 bytes @ 0x1C
  1634 ;;
  1635 ;;Main: autosize = 0, tempsize = 0, incstack = 0, save=0
  1636 ;;
  1637 ;; *************** function _main *****************
  1638 ;; Defined at:
  1639 ;;		line 141 in file "main_ecu3.c"
  1640 ;; Parameters:    Size  Location     Type
  1641 ;;		None
  1642 ;; Auto vars:     Size  Location     Type
  1643 ;;		None
  1644 ;; Return value:  Size  Location     Type
  1645 ;;                  1    wreg      void 
  1646 ;; Registers used:
  1647 ;;		wreg, fsr0l, fsr0h, fsr1l, fsr1h, fsr2l, fsr2h, status,2, status,0, tblptrl, tblptrh, tblptru, prodl, prodh, cstack
  1648 ;; Tracked objects:
  1649 ;;		On entry : 0/0
  1650 ;;		On exit  : 0/0
  1651 ;;		Unchanged: 0/0
  1652 ;; Data sizes:     COMRAM   BANK0   BANK1   BANK2   BANK3   BANK4   BANK5
  1653 ;;      Params:         0       0       0       0       0       0       0
  1654 ;;      Locals:         0       0       0       0       0       0       0
  1655 ;;      Temps:          0       0       0       0       0       0       0
  1656 ;;      Totals:         0       0       0       0       0       0       0
  1657 ;;Total ram usage:        0 bytes
  1658 ;; Hardware stack levels required when called: 4
  1659 ;; This function calls:
  1660 ;;		_clcd_print
  1661 ;;		_init_can
  1662 ;;		_init_clcd
  1663 ;;		_process_canbus_data
  1664 ;; This function is called by:
  1665 ;;		Startup code after reset
  1666 ;; This function uses a non-reentrant model
  1667 ;;
  1668                           
  1669                           	psect	text0
  1670   0027EC                     __ptext0:
  1671                           	callstack 0
  1672   0027EC                     _main:
  1673                           	callstack 27
  1674   0027EC                     
  1675                           ;main_ecu3.c: 143:     TRISBbits.TRISB0 = 0;
  1676   0027EC  9093               	bcf	147,0,c	;volatile
  1677                           
  1678                           ;main_ecu3.c: 144:     TRISBbits.TRISB7 = 0;
  1679   0027EE  9E93               	bcf	147,7,c	;volatile
  1680                           
  1681                           ;main_ecu3.c: 145:     LATB = 0x00;
  1682   0027F0  6A8A               	clrf	138,c	;volatile
  1683   0027F2                     
  1684                           ;main_ecu3.c: 147:     init_can();
  1685   0027F2  EC62  F014         	call	_init_can	;wreg free
  1686                           
  1687                           ;main_ecu3.c: 148:     init_clcd();
  1688   0027F6  EC33  F016         	call	_init_clcd	;wreg free
  1689   0027FA                     l1619:
  1690                           
  1691                           ;main_ecu3.c: 151:     {;main_ecu3.c: 152:         clcd_print("RPM  IND  SPD G ", (0x80 
      +                          + (0)));
  1692   0027FA  0EDB               	movlw	low STR_7
  1693   0027FC  6E03               	movwf	clcd_print@data^0,c
  1694   0027FE  0E2F               	movlw	high STR_7
  1695   002800  6E04               	movwf	(clcd_print@data+1)^0,c
  1696   002802  0E80               	movlw	128
  1697   002804  6E05               	movwf	clcd_print@addr^0,c
  1698   002806  ECB2  F014         	call	_clcd_print	;wreg free
  1699   00280A                     
  1700                           ;main_ecu3.c: 153:         process_canbus_data();
  1701   00280A  ECEA  F015         	call	_process_canbus_data	;wreg free
  1702   00280E  EFFD  F013         	goto	l1619
  1703   002812  EFFE  F017         	goto	start
  1704   002816                     __end_of_main:
  1705                           	callstack 0
  1706                           
  1707 ;; *************** function _process_canbus_data *****************
  1708 ;; Defined at:
  1709 ;;		line 106 in file "main_ecu3.c"
  1710 ;; Parameters:    Size  Location     Type
  1711 ;;		None
  1712 ;; Auto vars:     Size  Location     Type
  1713 ;;  msg_id          2   24[COMRAM] unsigned int 
  1714 ;;  data            1   27[COMRAM] unsigned char 
  1715 ;;  len             1   26[COMRAM] unsigned char 
  1716 ;; Return value:  Size  Location     Type
  1717 ;;                  1    wreg      void 
  1718 ;; Registers used:
  1719 ;;		wreg, fsr0l, fsr0h, fsr1l, fsr1h, fsr2l, fsr2h, status,2, status,0, tblptrl, tblptrh, tblptru, prodl, prodh, cstack
  1720 ;; Tracked objects:
  1721 ;;		On entry : 0/0
  1722 ;;		On exit  : 0/0
  1723 ;;		Unchanged: 0/0
  1724 ;; Data sizes:     COMRAM   BANK0   BANK1   BANK2   BANK3   BANK4   BANK5
  1725 ;;      Params:         0       0       0       0       0       0       0
  1726 ;;      Locals:         4       0       0       0       0       0       0
  1727 ;;      Temps:          2       0       0       0       0       0       0
  1728 ;;      Totals:         6       0       0       0       0       0       0
  1729 ;;Total ram usage:        6 bytes
  1730 ;; Hardware stack levels used: 1
  1731 ;; Hardware stack levels required when called: 3
  1732 ;; This function calls:
  1733 ;;		_can_receive
  1734 ;;		_handle_gear_data
  1735 ;;		_handle_indicator_data
  1736 ;;		_handle_rpm_data
  1737 ;;		_handle_speed_data
  1738 ;; This function is called by:
  1739 ;;		_main
  1740 ;; This function uses a non-reentrant model
  1741 ;;
  1742                           
  1743                           	psect	text1
  1744   002BD4                     __ptext1:
  1745                           	callstack 0
  1746   002BD4                     _process_canbus_data:
  1747                           	callstack 27
  1748   002BD4                     
  1749                           ;main_ecu3.c: 108:     unsigned int msg_id;;main_ecu3.c: 109:     uint8_t data;;main_ecu
      +                          3.c: 110:     uint8_t len;;main_ecu3.c: 113:     can_receive(&msg_id, &data, &len);
  1750   002BD4  0E19               	movlw	low process_canbus_data@msg_id
  1751   002BD6  6E09               	movwf	can_receive@msg_id^0,c
  1752   002BD8  0E1C               	movlw	low process_canbus_data@data
  1753   002BDA  6E0A               	movwf	can_receive@data^0,c
  1754   002BDC  0E1B               	movlw	low process_canbus_data@len
  1755   002BDE  6E0B               	movwf	can_receive@len^0,c
  1756   002BE0  ECA2  F015         	call	_can_receive	;wreg free
  1757                           
  1758                           ;main_ecu3.c: 118:     switch(msg_id)
  1759   002BE4  EF14  F016         	goto	l1609
  1760   002BE8                     l1599:
  1761                           
  1762                           ;main_ecu3.c: 121:             handle_rpm_data(&data, len);
  1763   002BE8  0E1C               	movlw	low process_canbus_data@data
  1764   002BEA  6E0D               	movwf	handle_rpm_data@data^0,c
  1765   002BEC  C01B  F00E         	movff	process_canbus_data@len,handle_rpm_data@len
  1766   002BF0  EC86  F016         	call	_handle_rpm_data	;wreg free
  1767                           
  1768                           ;main_ecu3.c: 122:             break;
  1769   002BF4  EF32  F016         	goto	l165
  1770   002BF8                     l1601:
  1771                           
  1772                           ;main_ecu3.c: 125:             handle_speed_data(&data, len);
  1773   002BF8  0E1C               	movlw	low process_canbus_data@data
  1774   002BFA  6E0F               	movwf	handle_speed_data@data^0,c
  1775   002BFC  C01B  F010         	movff	process_canbus_data@len,handle_speed_data@len
  1776   002C00  EC61  F015         	call	_handle_speed_data	;wreg free
  1777                           
  1778                           ;main_ecu3.c: 126:             break;
  1779   002C04  EF32  F016         	goto	l165
  1780   002C08                     l1603:
  1781                           
  1782                           ;main_ecu3.c: 129:             handle_gear_data(&data, len);
  1783   002C08  0E1C               	movlw	low process_canbus_data@data
  1784   002C0A  6E05               	movwf	handle_gear_data@data^0,c
  1785   002C0C  C01B  F006         	movff	process_canbus_data@len,handle_gear_data@len
  1786   002C10  EC21  F015         	call	_handle_gear_data	;wreg free
  1787                           
  1788                           ;main_ecu3.c: 130:             break;
  1789   002C14  EF32  F016         	goto	l165
  1790   002C18                     l1605:
  1791                           
  1792                           ;main_ecu3.c: 133:             handle_indicator_data(&data, len);
  1793   002C18  0E1C               	movlw	low process_canbus_data@data
  1794   002C1A  6E06               	movwf	handle_indicator_data@data^0,c
  1795   002C1C  C01B  F007         	movff	process_canbus_data@len,handle_indicator_data@len
  1796   002C20  EC34  F017         	call	_handle_indicator_data	;wreg free
  1797                           
  1798                           ;main_ecu3.c: 134:             break;
  1799   002C24  EF32  F016         	goto	l165
  1800   002C28                     l1609:
  1801   002C28  C019  F017         	movff	process_canbus_data@msg_id,??_process_canbus_data
  1802   002C2C  C01A  F018         	movff	process_canbus_data@msg_id+1,??_process_canbus_data+1
  1803                           
  1804                           ; Switch on 2 bytes has been partitioned into a top level switch of size 1, and 1 sub-sw
      +                          itches
  1805                           ; Switch size 1, requested type "simple"
  1806                           ; Number of cases is 1, Range of values is 0 to 0
  1807                           ; switch strategies available:
  1808                           ; Name         Instructions Cycles
  1809                           ; simple_byte            4     3 (average)
  1810                           ;	Chosen strategy is simple_byte
  1811   002C30  5018               	movf	(??_process_canbus_data+1)^0,w,c
  1812   002C32  0A00               	xorlw	0	; case 0
  1813   002C34  B4D8               	btfsc	status,2,c
  1814   002C36  EF1F  F016         	goto	l1643
  1815   002C3A  EF32  F016         	goto	l165
  1816   002C3E                     l1643:
  1817                           
  1818                           ; Switch size 1, requested type "simple"
  1819                           ; Number of cases is 4, Range of values is 16 to 64
  1820                           ; switch strategies available:
  1821                           ; Name         Instructions Cycles
  1822                           ; simple_byte           13     7 (average)
  1823                           ;	Chosen strategy is simple_byte
  1824   002C3E  5017               	movf	??_process_canbus_data^0,w,c
  1825   002C40  0A10               	xorlw	16	; case 16
  1826   002C42  B4D8               	btfsc	status,2,c
  1827   002C44  EFFC  F015         	goto	l1601
  1828   002C48  0A30               	xorlw	48	; case 32
  1829   002C4A  B4D8               	btfsc	status,2,c
  1830   002C4C  EF04  F016         	goto	l1603
  1831   002C50  0A10               	xorlw	16	; case 48
  1832   002C52  B4D8               	btfsc	status,2,c
  1833   002C54  EFF4  F015         	goto	l1599
  1834   002C58  0A70               	xorlw	112	; case 64
  1835   002C5A  B4D8               	btfsc	status,2,c
  1836   002C5C  EF0C  F016         	goto	l1605
  1837   002C60  EF32  F016         	goto	l165
  1838   002C64                     l165:
  1839   002C64  0012               	return		;funcret
  1840   002C66                     __end_of_process_canbus_data:
  1841                           	callstack 0
  1842                           
  1843 ;; *************** function _handle_speed_data *****************
  1844 ;; Defined at:
  1845 ;;		line 26 in file "main_ecu3.c"
  1846 ;; Parameters:    Size  Location     Type
  1847 ;;  data            1   14[COMRAM] PTR unsigned char 
  1848 ;;		 -> process_canbus_data@data(1), 
  1849 ;;  len             1   15[COMRAM] unsigned char 
  1850 ;; Auto vars:     Size  Location     Type
  1851 ;;  arr             4   16[COMRAM] unsigned char [4]
  1852 ;;  speed           1   20[COMRAM] unsigned char 
  1853 ;; Return value:  Size  Location     Type
  1854 ;;                  1    wreg      void 
  1855 ;; Registers used:
  1856 ;;		wreg, fsr0l, fsr0h, fsr2l, fsr2h, status,2, status,0, tblptrl, tblptrh, tblptru, cstack
  1857 ;; Tracked objects:
  1858 ;;		On entry : 0/0
  1859 ;;		On exit  : 0/0
  1860 ;;		Unchanged: 0/0
  1861 ;; Data sizes:     COMRAM   BANK0   BANK1   BANK2   BANK3   BANK4   BANK5
  1862 ;;      Params:         2       0       0       0       0       0       0
  1863 ;;      Locals:         5       0       0       0       0       0       0
  1864 ;;      Temps:          0       0       0       0       0       0       0
  1865 ;;      Totals:         7       0       0       0       0       0       0
  1866 ;;Total ram usage:        7 bytes
  1867 ;; Hardware stack levels used: 1
  1868 ;; Hardware stack levels required when called: 1
  1869 ;; This function calls:
  1870 ;;		___awdiv
  1871 ;;		___awmod
  1872 ;;		_clcd_print
  1873 ;; This function is called by:
  1874 ;;		_process_canbus_data
  1875 ;; This function uses a non-reentrant model
  1876 ;;
  1877                           
  1878                           	psect	text2
  1879   002AC2                     __ptext2:
  1880                           	callstack 0
  1881   002AC2                     _handle_speed_data:
  1882                           	callstack 28
  1883   002AC2                     
  1884                           ;main_ecu3.c: 27:     unsigned char arr[4];;main_ecu3.c: 28:     uint8_t speed = *data;
  1885   002AC2  500F               	movf	handle_speed_data@data^0,w,c
  1886   002AC4  6ED9               	movwf	fsr2l,c
  1887   002AC6  6ADA               	clrf	fsr2h,c
  1888   002AC8  50DF               	movf	indf2,w,c
  1889   002ACA  6E15               	movwf	handle_speed_data@speed^0,c
  1890   002ACC                     
  1891                           ;main_ecu3.c: 30:     arr[0] = ((speed / 100) % 10) + '0';
  1892   002ACC  6A04               	clrf	(___awdiv@divisor+1)^0,c
  1893   002ACE  0E64               	movlw	100
  1894   002AD0  6E03               	movwf	___awdiv@divisor^0,c
  1895   002AD2  C015  F001         	movff	handle_speed_data@speed,___awdiv@dividend
  1896   002AD6  6A02               	clrf	(___awdiv@dividend+1)^0,c
  1897   002AD8  EC8D  F017         	call	___awdiv	;wreg free
  1898   002ADC  C001  F009         	movff	?___awdiv,___awmod@dividend
  1899   002AE0  C002  F00A         	movff	?___awdiv+1,___awmod@dividend+1
  1900   002AE4  6A0C               	clrf	(___awmod@divisor+1)^0,c
  1901   002AE6  0E0A               	movlw	10
  1902   002AE8  6E0B               	movwf	___awmod@divisor^0,c
  1903   002AEA  ECDD  F016         	call	___awmod	;wreg free
  1904   002AEE  5009               	movf	?___awmod^0,w,c
  1905   002AF0  0F30               	addlw	48
  1906   002AF2  6E11               	movwf	handle_speed_data@arr^0,c
  1907   002AF4                     
  1908                           ;main_ecu3.c: 31:     arr[1] = ((speed / 10) % 10) + '0';
  1909   002AF4  6A04               	clrf	(___awdiv@divisor+1)^0,c
  1910   002AF6  0E0A               	movlw	10
  1911   002AF8  6E03               	movwf	___awdiv@divisor^0,c
  1912   002AFA  C015  F001         	movff	handle_speed_data@speed,___awdiv@dividend
  1913   002AFE  6A02               	clrf	(___awdiv@dividend+1)^0,c
  1914   002B00  EC8D  F017         	call	___awdiv	;wreg free
  1915   002B04  C001  F009         	movff	?___awdiv,___awmod@dividend
  1916   002B08  C002  F00A         	movff	?___awdiv+1,___awmod@dividend+1
  1917   002B0C  6A0C               	clrf	(___awmod@divisor+1)^0,c
  1918   002B0E  0E0A               	movlw	10
  1919   002B10  6E0B               	movwf	___awmod@divisor^0,c
  1920   002B12  ECDD  F016         	call	___awmod	;wreg free
  1921   002B16  5009               	movf	?___awmod^0,w,c
  1922   002B18  0F30               	addlw	48
  1923   002B1A  6E12               	movwf	(handle_speed_data@arr+1)^0,c
  1924   002B1C                     
  1925                           ;main_ecu3.c: 32:     arr[2] = (speed % 10) + '0';
  1926   002B1C  C015  F009         	movff	handle_speed_data@speed,___awmod@dividend
  1927   002B20  6A0A               	clrf	(___awmod@dividend+1)^0,c
  1928   002B22  6A0C               	clrf	(___awmod@divisor+1)^0,c
  1929   002B24  0E0A               	movlw	10
  1930   002B26  6E0B               	movwf	___awmod@divisor^0,c
  1931   002B28  ECDD  F016         	call	___awmod	;wreg free
  1932   002B2C  5009               	movf	?___awmod^0,w,c
  1933   002B2E  0F30               	addlw	48
  1934   002B30  6E13               	movwf	(handle_speed_data@arr+2)^0,c
  1935   002B32                     
  1936                           ;main_ecu3.c: 33:     arr[3] = '\0';
  1937   002B32  6A14               	clrf	(handle_speed_data@arr+3)^0,c
  1938   002B34                     
  1939                           ;main_ecu3.c: 34:     clcd_print(arr, (0xC0 + (10)));
  1940   002B34  0E11               	movlw	low handle_speed_data@arr
  1941   002B36  6E03               	movwf	clcd_print@data^0,c
  1942   002B38  6A04               	clrf	(clcd_print@data+1)^0,c
  1943   002B3A  0ECA               	movlw	202
  1944   002B3C  6E05               	movwf	clcd_print@addr^0,c
  1945   002B3E  ECB2  F014         	call	_clcd_print	;wreg free
  1946   002B42  0012               	return		;funcret
  1947   002B44                     __end_of_handle_speed_data:
  1948                           	callstack 0
  1949                           
  1950 ;; *************** function ___awmod *****************
  1951 ;; Defined at:
  1952 ;;		line 7 in file "C:\Program Files\Microchip\xc8\v3.10\pic\sources\c99\common\awmod.c"
  1953 ;; Parameters:    Size  Location     Type
  1954 ;;  dividend        2    8[COMRAM] int 
  1955 ;;  divisor         2   10[COMRAM] int 
  1956 ;; Auto vars:     Size  Location     Type
  1957 ;;  sign            1   13[COMRAM] unsigned char 
  1958 ;;  counter         1   12[COMRAM] unsigned char 
  1959 ;; Return value:  Size  Location     Type
  1960 ;;                  2    8[COMRAM] int 
  1961 ;; Registers used:
  1962 ;;		wreg, status,2, status,0
  1963 ;; Tracked objects:
  1964 ;;		On entry : 0/0
  1965 ;;		On exit  : 0/0
  1966 ;;		Unchanged: 0/0
  1967 ;; Data sizes:     COMRAM   BANK0   BANK1   BANK2   BANK3   BANK4   BANK5
  1968 ;;      Params:         4       0       0       0       0       0       0
  1969 ;;      Locals:         2       0       0       0       0       0       0
  1970 ;;      Temps:          0       0       0       0       0       0       0
  1971 ;;      Totals:         6       0       0       0       0       0       0
  1972 ;;Total ram usage:        6 bytes
  1973 ;; Hardware stack levels used: 1
  1974 ;; This function calls:
  1975 ;;		Nothing
  1976 ;; This function is called by:
  1977 ;;		_handle_speed_data
  1978 ;; This function uses a non-reentrant model
  1979 ;;
  1980                           
  1981                           	psect	text3
  1982   002DBA                     __ptext3:
  1983                           	callstack 0
  1984   002DBA                     ___awmod:
  1985                           	callstack 28
  1986   002DBA  6A0E               	clrf	___awmod@sign^0,c
  1987   002DBC  BE0A               	btfsc	(___awmod@dividend+1)^0,7,c
  1988   002DBE  EFE5  F016         	goto	u460
  1989   002DC2  EFE3  F016         	goto	u461
  1990   002DC6                     u461:
  1991   002DC6  EFEB  F016         	goto	l1415
  1992   002DCA                     u460:
  1993   002DCA  6C09               	negf	___awmod@dividend^0,c
  1994   002DCC  1E0A               	comf	(___awmod@dividend+1)^0,f,c
  1995   002DCE  B0D8               	btfsc	status,0,c
  1996   002DD0  2A0A               	incf	(___awmod@dividend+1)^0,f,c
  1997   002DD2  0E01               	movlw	1
  1998   002DD4  6E0E               	movwf	___awmod@sign^0,c
  1999   002DD6                     l1415:
  2000   002DD6  BE0C               	btfsc	(___awmod@divisor+1)^0,7,c
  2001   002DD8  EFF2  F016         	goto	u470
  2002   002DDC  EFF0  F016         	goto	u471
  2003   002DE0                     u471:
  2004   002DE0  EFF6  F016         	goto	l1419
  2005   002DE4                     u470:
  2006   002DE4  6C0B               	negf	___awmod@divisor^0,c
  2007   002DE6  1E0C               	comf	(___awmod@divisor+1)^0,f,c
  2008   002DE8  B0D8               	btfsc	status,0,c
  2009   002DEA  2A0C               	incf	(___awmod@divisor+1)^0,f,c
  2010   002DEC                     l1419:
  2011   002DEC  500B               	movf	___awmod@divisor^0,w,c
  2012   002DEE  100C               	iorwf	(___awmod@divisor+1)^0,w,c
  2013   002DF0  B4D8               	btfsc	status,2,c
  2014   002DF2  EFFD  F016         	goto	u481
  2015   002DF6  EFFF  F016         	goto	u480
  2016   002DFA                     u481:
  2017   002DFA  EF23  F017         	goto	l1435
  2018   002DFE                     u480:
  2019   002DFE  0E01               	movlw	1
  2020   002E00  6E0D               	movwf	___awmod@counter^0,c
  2021   002E02  EF07  F017         	goto	l1425
  2022   002E06                     l1423:
  2023   002E06  90D8               	bcf	status,0,c
  2024   002E08  360B               	rlcf	___awmod@divisor^0,f,c
  2025   002E0A  360C               	rlcf	(___awmod@divisor+1)^0,f,c
  2026   002E0C  2A0D               	incf	___awmod@counter^0,f,c
  2027   002E0E                     l1425:
  2028   002E0E  AE0C               	btfss	(___awmod@divisor+1)^0,7,c
  2029   002E10  EF0C  F017         	goto	u491
  2030   002E14  EF0E  F017         	goto	u490
  2031   002E18                     u491:
  2032   002E18  EF03  F017         	goto	l1423
  2033   002E1C                     u490:
  2034   002E1C                     l1427:
  2035   002E1C  500B               	movf	___awmod@divisor^0,w,c
  2036   002E1E  5C09               	subwf	___awmod@dividend^0,w,c
  2037   002E20  500C               	movf	(___awmod@divisor+1)^0,w,c
  2038   002E22  580A               	subwfb	(___awmod@dividend+1)^0,w,c
  2039   002E24  A0D8               	btfss	status,0,c
  2040   002E26  EF17  F017         	goto	u501
  2041   002E2A  EF19  F017         	goto	u500
  2042   002E2E                     u501:
  2043   002E2E  EF1D  F017         	goto	l1431
  2044   002E32                     u500:
  2045   002E32  500B               	movf	___awmod@divisor^0,w,c
  2046   002E34  5E09               	subwf	___awmod@dividend^0,f,c
  2047   002E36  500C               	movf	(___awmod@divisor+1)^0,w,c
  2048   002E38  5A0A               	subwfb	(___awmod@dividend+1)^0,f,c
  2049   002E3A                     l1431:
  2050   002E3A  90D8               	bcf	status,0,c
  2051   002E3C  320C               	rrcf	(___awmod@divisor+1)^0,f,c
  2052   002E3E  320B               	rrcf	___awmod@divisor^0,f,c
  2053   002E40  2E0D               	decfsz	___awmod@counter^0,f,c
  2054   002E42  EF0E  F017         	goto	l1427
  2055   002E46                     l1435:
  2056   002E46  500E               	movf	___awmod@sign^0,w,c
  2057   002E48  B4D8               	btfsc	status,2,c
  2058   002E4A  EF29  F017         	goto	u511
  2059   002E4E  EF2B  F017         	goto	u510
  2060   002E52                     u511:
  2061   002E52  EF2F  F017         	goto	l1439
  2062   002E56                     u510:
  2063   002E56  6C09               	negf	___awmod@dividend^0,c
  2064   002E58  1E0A               	comf	(___awmod@dividend+1)^0,f,c
  2065   002E5A  B0D8               	btfsc	status,0,c
  2066   002E5C  2A0A               	incf	(___awmod@dividend+1)^0,f,c
  2067   002E5E                     l1439:
  2068   002E5E  C009  F009         	movff	___awmod@dividend,?___awmod
  2069   002E62  C00A  F00A         	movff	___awmod@dividend+1,?___awmod+1
  2070   002E66  0012               	return		;funcret
  2071   002E68                     __end_of___awmod:
  2072                           	callstack 0
  2073                           
  2074 ;; *************** function ___awdiv *****************
  2075 ;; Defined at:
  2076 ;;		line 7 in file "C:\Program Files\Microchip\xc8\v3.10\pic\sources\c99\common\awdiv.c"
  2077 ;; Parameters:    Size  Location     Type
  2078 ;;  dividend        2    0[COMRAM] int 
  2079 ;;  divisor         2    2[COMRAM] int 
  2080 ;; Auto vars:     Size  Location     Type
  2081 ;;  quotient        2    6[COMRAM] int 
  2082 ;;  sign            1    5[COMRAM] unsigned char 
  2083 ;;  counter         1    4[COMRAM] unsigned char 
  2084 ;; Return value:  Size  Location     Type
  2085 ;;                  2    0[COMRAM] int 
  2086 ;; Registers used:
  2087 ;;		wreg, status,2, status,0
  2088 ;; Tracked objects:
  2089 ;;		On entry : 0/0
  2090 ;;		On exit  : 0/0
  2091 ;;		Unchanged: 0/0
  2092 ;; Data sizes:     COMRAM   BANK0   BANK1   BANK2   BANK3   BANK4   BANK5
  2093 ;;      Params:         4       0       0       0       0       0       0
  2094 ;;      Locals:         4       0       0       0       0       0       0
  2095 ;;      Temps:          0       0       0       0       0       0       0
  2096 ;;      Totals:         8       0       0       0       0       0       0
  2097 ;;Total ram usage:        8 bytes
  2098 ;; Hardware stack levels used: 1
  2099 ;; This function calls:
  2100 ;;		Nothing
  2101 ;; This function is called by:
  2102 ;;		_handle_speed_data
  2103 ;; This function uses a non-reentrant model
  2104 ;;
  2105                           
  2106                           	psect	text4
  2107   002F1A                     __ptext4:
  2108                           	callstack 0
  2109   002F1A                     ___awdiv:
  2110                           	callstack 28
  2111   002F1A  6A06               	clrf	___awdiv@sign^0,c
  2112   002F1C  BE04               	btfsc	(___awdiv@divisor+1)^0,7,c
  2113   002F1E  EF95  F017         	goto	u400
  2114   002F22  EF93  F017         	goto	u401
  2115   002F26                     u401:
  2116   002F26  EF9B  F017         	goto	l1371
  2117   002F2A                     u400:
  2118   002F2A  6C03               	negf	___awdiv@divisor^0,c
  2119   002F2C  1E04               	comf	(___awdiv@divisor+1)^0,f,c
  2120   002F2E  B0D8               	btfsc	status,0,c
  2121   002F30  2A04               	incf	(___awdiv@divisor+1)^0,f,c
  2122   002F32  0E01               	movlw	1
  2123   002F34  6E06               	movwf	___awdiv@sign^0,c
  2124   002F36                     l1371:
  2125   002F36  BE02               	btfsc	(___awdiv@dividend+1)^0,7,c
  2126   002F38  EFA2  F017         	goto	u410
  2127   002F3C  EFA0  F017         	goto	u411
  2128   002F40                     u411:
  2129   002F40  EFA8  F017         	goto	l1377
  2130   002F44                     u410:
  2131   002F44  6C01               	negf	___awdiv@dividend^0,c
  2132   002F46  1E02               	comf	(___awdiv@dividend+1)^0,f,c
  2133   002F48  B0D8               	btfsc	status,0,c
  2134   002F4A  2A02               	incf	(___awdiv@dividend+1)^0,f,c
  2135   002F4C  0E01               	movlw	1
  2136   002F4E  1A06               	xorwf	___awdiv@sign^0,f,c
  2137   002F50                     l1377:
  2138   002F50  6A08               	clrf	(___awdiv@quotient+1)^0,c
  2139   002F52  0E00               	movlw	0
  2140   002F54  6E07               	movwf	___awdiv@quotient^0,c
  2141   002F56  5003               	movf	___awdiv@divisor^0,w,c
  2142   002F58  1004               	iorwf	(___awdiv@divisor+1)^0,w,c
  2143   002F5A  B4D8               	btfsc	status,2,c
  2144   002F5C  EFB2  F017         	goto	u421
  2145   002F60  EFB4  F017         	goto	u420
  2146   002F64                     u421:
  2147   002F64  EFDC  F017         	goto	l1399
  2148   002F68                     u420:
  2149   002F68  0E01               	movlw	1
  2150   002F6A  6E05               	movwf	___awdiv@counter^0,c
  2151   002F6C  EFBC  F017         	goto	l1385
  2152   002F70                     l1383:
  2153   002F70  90D8               	bcf	status,0,c
  2154   002F72  3603               	rlcf	___awdiv@divisor^0,f,c
  2155   002F74  3604               	rlcf	(___awdiv@divisor+1)^0,f,c
  2156   002F76  2A05               	incf	___awdiv@counter^0,f,c
  2157   002F78                     l1385:
  2158   002F78  AE04               	btfss	(___awdiv@divisor+1)^0,7,c
  2159   002F7A  EFC1  F017         	goto	u431
  2160   002F7E  EFC3  F017         	goto	u430
  2161   002F82                     u431:
  2162   002F82  EFB8  F017         	goto	l1383
  2163   002F86                     u430:
  2164   002F86                     l1387:
  2165   002F86  90D8               	bcf	status,0,c
  2166   002F88  3607               	rlcf	___awdiv@quotient^0,f,c
  2167   002F8A  3608               	rlcf	(___awdiv@quotient+1)^0,f,c
  2168   002F8C  5003               	movf	___awdiv@divisor^0,w,c
  2169   002F8E  5C01               	subwf	___awdiv@dividend^0,w,c
  2170   002F90  5004               	movf	(___awdiv@divisor+1)^0,w,c
  2171   002F92  5802               	subwfb	(___awdiv@dividend+1)^0,w,c
  2172   002F94  A0D8               	btfss	status,0,c
  2173   002F96  EFCF  F017         	goto	u441
  2174   002F9A  EFD1  F017         	goto	u440
  2175   002F9E                     u441:
  2176   002F9E  EFD6  F017         	goto	l1395
  2177   002FA2                     u440:
  2178   002FA2  5003               	movf	___awdiv@divisor^0,w,c
  2179   002FA4  5E01               	subwf	___awdiv@dividend^0,f,c
  2180   002FA6  5004               	movf	(___awdiv@divisor+1)^0,w,c
  2181   002FA8  5A02               	subwfb	(___awdiv@dividend+1)^0,f,c
  2182   002FAA  8007               	bsf	___awdiv@quotient^0,0,c
  2183   002FAC                     l1395:
  2184   002FAC  90D8               	bcf	status,0,c
  2185   002FAE  3204               	rrcf	(___awdiv@divisor+1)^0,f,c
  2186   002FB0  3203               	rrcf	___awdiv@divisor^0,f,c
  2187   002FB2  2E05               	decfsz	___awdiv@counter^0,f,c
  2188   002FB4  EFC3  F017         	goto	l1387
  2189   002FB8                     l1399:
  2190   002FB8  5006               	movf	___awdiv@sign^0,w,c
  2191   002FBA  B4D8               	btfsc	status,2,c
  2192   002FBC  EFE2  F017         	goto	u451
  2193   002FC0  EFE4  F017         	goto	u450
  2194   002FC4                     u451:
  2195   002FC4  EFE8  F017         	goto	l1403
  2196   002FC8                     u450:
  2197   002FC8  6C07               	negf	___awdiv@quotient^0,c
  2198   002FCA  1E08               	comf	(___awdiv@quotient+1)^0,f,c
  2199   002FCC  B0D8               	btfsc	status,0,c
  2200   002FCE  2A08               	incf	(___awdiv@quotient+1)^0,f,c
  2201   002FD0                     l1403:
  2202   002FD0  C007  F001         	movff	___awdiv@quotient,?___awdiv
  2203   002FD4  C008  F002         	movff	___awdiv@quotient+1,?___awdiv+1
  2204   002FD8  0012               	return		;funcret
  2205   002FDA                     __end_of___awdiv:
  2206                           	callstack 0
  2207                           
  2208 ;; *************** function _handle_rpm_data *****************
  2209 ;; Defined at:
  2210 ;;		line 14 in file "main_ecu3.c"
  2211 ;; Parameters:    Size  Location     Type
  2212 ;;  data            1   12[COMRAM] PTR unsigned char 
  2213 ;;		 -> process_canbus_data@data(1), 
  2214 ;;  len             1   13[COMRAM] unsigned char 
  2215 ;; Auto vars:     Size  Location     Type
  2216 ;;  arr             5   15[COMRAM] unsigned char [5]
  2217 ;;  rpm_set         2   20[COMRAM] unsigned short 
  2218 ;; Return value:  Size  Location     Type
  2219 ;;                  1    wreg      void 
  2220 ;; Registers used:
  2221 ;;		wreg, fsr0l, fsr0h, fsr2l, fsr2h, status,2, status,0, tblptrl, tblptrh, tblptru, prodl, prodh, cstack
  2222 ;; Tracked objects:
  2223 ;;		On entry : 0/0
  2224 ;;		On exit  : 0/0
  2225 ;;		Unchanged: 0/0
  2226 ;; Data sizes:     COMRAM   BANK0   BANK1   BANK2   BANK3   BANK4   BANK5
  2227 ;;      Params:         2       0       0       0       0       0       0
  2228 ;;      Locals:         7       0       0       0       0       0       0
  2229 ;;      Temps:          1       0       0       0       0       0       0
  2230 ;;      Totals:        10       0       0       0       0       0       0
  2231 ;;Total ram usage:       10 bytes
  2232 ;; Hardware stack levels used: 1
  2233 ;; Hardware stack levels required when called: 1
  2234 ;; This function calls:
  2235 ;;		___lwdiv
  2236 ;;		___lwmod
  2237 ;;		_clcd_print
  2238 ;; This function is called by:
  2239 ;;		_process_canbus_data
  2240 ;; This function uses a non-reentrant model
  2241 ;;
  2242                           
  2243                           	psect	text5
  2244   002D0C                     __ptext5:
  2245                           	callstack 0
  2246   002D0C                     _handle_rpm_data:
  2247                           	callstack 28
  2248   002D0C                     
  2249                           ;main_ecu3.c: 15:     unsigned char arr[5];;main_ecu3.c: 16:     uint16_t rpm_set = (*da
      +                          ta) * 60;
  2250   002D0C  500D               	movf	handle_rpm_data@data^0,w,c
  2251   002D0E  6ED9               	movwf	fsr2l,c
  2252   002D10  6ADA               	clrf	fsr2h,c
  2253   002D12  50DF               	movf	indf2,w,c
  2254   002D14  6E0F               	movwf	??_handle_rpm_data^0,c
  2255   002D16  500F               	movf	??_handle_rpm_data^0,w,c
  2256   002D18  0D3C               	mullw	60
  2257   002D1A  CFF3 F015          	movff	prodl,handle_rpm_data@rpm_set
  2258   002D1E  CFF4 F016          	movff	prodh,handle_rpm_data@rpm_set+1
  2259   002D22                     
  2260                           ;main_ecu3.c: 18:     arr[0] = (rpm_set / 1000) + '0';
  2261   002D22  C015  F001         	movff	handle_rpm_data@rpm_set,___lwdiv@dividend
  2262   002D26  C016  F002         	movff	handle_rpm_data@rpm_set+1,___lwdiv@dividend+1
  2263   002D2A  0E03               	movlw	3
  2264   002D2C  6E04               	movwf	(___lwdiv@divisor+1)^0,c
  2265   002D2E  0EE8               	movlw	232
  2266   002D30  6E03               	movwf	___lwdiv@divisor^0,c
  2267   002D32  ECE8  F014         	call	___lwdiv	;wreg free
  2268   002D36  5001               	movf	?___lwdiv^0,w,c
  2269   002D38  0F30               	addlw	48
  2270   002D3A  6E10               	movwf	handle_rpm_data@arr^0,c
  2271   002D3C                     
  2272                           ;main_ecu3.c: 19:     arr[1] = ((rpm_set / 100) % 10) + '0';
  2273   002D3C  6A04               	clrf	(___lwdiv@divisor+1)^0,c
  2274   002D3E  0E64               	movlw	100
  2275   002D40  6E03               	movwf	___lwdiv@divisor^0,c
  2276   002D42  C015  F001         	movff	handle_rpm_data@rpm_set,___lwdiv@dividend
  2277   002D46  C016  F002         	movff	handle_rpm_data@rpm_set+1,___lwdiv@dividend+1
  2278   002D4A  ECE8  F014         	call	___lwdiv	;wreg free
  2279   002D4E  C001  F008         	movff	?___lwdiv,___lwmod@dividend
  2280   002D52  C002  F009         	movff	?___lwdiv+1,___lwmod@dividend+1
  2281   002D56  6A0B               	clrf	(___lwmod@divisor+1)^0,c
  2282   002D58  0E0A               	movlw	10
  2283   002D5A  6E0A               	movwf	___lwmod@divisor^0,c
  2284   002D5C  EC80  F014         	call	___lwmod	;wreg free
  2285   002D60  5008               	movf	?___lwmod^0,w,c
  2286   002D62  0F30               	addlw	48
  2287   002D64  6E11               	movwf	(handle_rpm_data@arr+1)^0,c
  2288   002D66                     
  2289                           ;main_ecu3.c: 20:     arr[2] = ((rpm_set / 10) % 10) + '0';
  2290   002D66  6A04               	clrf	(___lwdiv@divisor+1)^0,c
  2291   002D68  0E0A               	movlw	10
  2292   002D6A  6E03               	movwf	___lwdiv@divisor^0,c
  2293   002D6C  C015  F001         	movff	handle_rpm_data@rpm_set,___lwdiv@dividend
  2294   002D70  C016  F002         	movff	handle_rpm_data@rpm_set+1,___lwdiv@dividend+1
  2295   002D74  ECE8  F014         	call	___lwdiv	;wreg free
  2296   002D78  C001  F008         	movff	?___lwdiv,___lwmod@dividend
  2297   002D7C  C002  F009         	movff	?___lwdiv+1,___lwmod@dividend+1
  2298   002D80  6A0B               	clrf	(___lwmod@divisor+1)^0,c
  2299   002D82  0E0A               	movlw	10
  2300   002D84  6E0A               	movwf	___lwmod@divisor^0,c
  2301   002D86  EC80  F014         	call	___lwmod	;wreg free
  2302   002D8A  5008               	movf	?___lwmod^0,w,c
  2303   002D8C  0F30               	addlw	48
  2304   002D8E  6E12               	movwf	(handle_rpm_data@arr+2)^0,c
  2305   002D90                     
  2306                           ;main_ecu3.c: 21:     arr[3] = (rpm_set % 10) + '0';
  2307   002D90  C015  F008         	movff	handle_rpm_data@rpm_set,___lwmod@dividend
  2308   002D94  C016  F009         	movff	handle_rpm_data@rpm_set+1,___lwmod@dividend+1
  2309   002D98  6A0B               	clrf	(___lwmod@divisor+1)^0,c
  2310   002D9A  0E0A               	movlw	10
  2311   002D9C  6E0A               	movwf	___lwmod@divisor^0,c
  2312   002D9E  EC80  F014         	call	___lwmod	;wreg free
  2313   002DA2  5008               	movf	?___lwmod^0,w,c
  2314   002DA4  0F30               	addlw	48
  2315   002DA6  6E13               	movwf	(handle_rpm_data@arr+3)^0,c
  2316   002DA8                     
  2317                           ;main_ecu3.c: 22:     arr[4] = '\0';
  2318   002DA8  6A14               	clrf	(handle_rpm_data@arr+4)^0,c
  2319   002DAA                     
  2320                           ;main_ecu3.c: 23:     clcd_print(arr, (0xC0 + (0)));
  2321   002DAA  0E10               	movlw	low handle_rpm_data@arr
  2322   002DAC  6E03               	movwf	clcd_print@data^0,c
  2323   002DAE  6A04               	clrf	(clcd_print@data+1)^0,c
  2324   002DB0  0EC0               	movlw	192
  2325   002DB2  6E05               	movwf	clcd_print@addr^0,c
  2326   002DB4  ECB2  F014         	call	_clcd_print	;wreg free
  2327   002DB8  0012               	return		;funcret
  2328   002DBA                     __end_of_handle_rpm_data:
  2329                           	callstack 0
  2330                           
  2331 ;; *************** function ___lwmod *****************
  2332 ;; Defined at:
  2333 ;;		line 7 in file "C:\Program Files\Microchip\xc8\v3.10\pic\sources\c99\common\lwmod.c"
  2334 ;; Parameters:    Size  Location     Type
  2335 ;;  dividend        2    7[COMRAM] unsigned int 
  2336 ;;  divisor         2    9[COMRAM] unsigned int 
  2337 ;; Auto vars:     Size  Location     Type
  2338 ;;  counter         1   11[COMRAM] unsigned char 
  2339 ;; Return value:  Size  Location     Type
  2340 ;;                  2    7[COMRAM] unsigned int 
  2341 ;; Registers used:
  2342 ;;		wreg, status,2, status,0
  2343 ;; Tracked objects:
  2344 ;;		On entry : 0/0
  2345 ;;		On exit  : 0/0
  2346 ;;		Unchanged: 0/0
  2347 ;; Data sizes:     COMRAM   BANK0   BANK1   BANK2   BANK3   BANK4   BANK5
  2348 ;;      Params:         4       0       0       0       0       0       0
  2349 ;;      Locals:         1       0       0       0       0       0       0
  2350 ;;      Temps:          0       0       0       0       0       0       0
  2351 ;;      Totals:         5       0       0       0       0       0       0
  2352 ;;Total ram usage:        5 bytes
  2353 ;; Hardware stack levels used: 1
  2354 ;; This function calls:
  2355 ;;		Nothing
  2356 ;; This function is called by:
  2357 ;;		_handle_rpm_data
  2358 ;; This function uses a non-reentrant model
  2359 ;;
  2360                           
  2361                           	psect	text6
  2362   002900                     __ptext6:
  2363                           	callstack 0
  2364   002900                     ___lwmod:
  2365                           	callstack 28
  2366   002900  500A               	movf	___lwmod@divisor^0,w,c
  2367   002902  100B               	iorwf	(___lwmod@divisor+1)^0,w,c
  2368   002904  B4D8               	btfsc	status,2,c
  2369   002906  EF87  F014         	goto	u551
  2370   00290A  EF89  F014         	goto	u550
  2371   00290E                     u551:
  2372   00290E  EFAD  F014         	goto	l787
  2373   002912                     u550:
  2374   002912  0E01               	movlw	1
  2375   002914  6E0C               	movwf	___lwmod@counter^0,c
  2376   002916  EF91  F014         	goto	l1471
  2377   00291A                     l1469:
  2378   00291A  90D8               	bcf	status,0,c
  2379   00291C  360A               	rlcf	___lwmod@divisor^0,f,c
  2380   00291E  360B               	rlcf	(___lwmod@divisor+1)^0,f,c
  2381   002920  2A0C               	incf	___lwmod@counter^0,f,c
  2382   002922                     l1471:
  2383   002922  AE0B               	btfss	(___lwmod@divisor+1)^0,7,c
  2384   002924  EF96  F014         	goto	u561
  2385   002928  EF98  F014         	goto	u560
  2386   00292C                     u561:
  2387   00292C  EF8D  F014         	goto	l1469
  2388   002930                     u560:
  2389   002930                     l1473:
  2390   002930  500A               	movf	___lwmod@divisor^0,w,c
  2391   002932  5C08               	subwf	___lwmod@dividend^0,w,c
  2392   002934  500B               	movf	(___lwmod@divisor+1)^0,w,c
  2393   002936  5809               	subwfb	(___lwmod@dividend+1)^0,w,c
  2394   002938  A0D8               	btfss	status,0,c
  2395   00293A  EFA1  F014         	goto	u571
  2396   00293E  EFA3  F014         	goto	u570
  2397   002942                     u571:
  2398   002942  EFA7  F014         	goto	l1477
  2399   002946                     u570:
  2400   002946  500A               	movf	___lwmod@divisor^0,w,c
  2401   002948  5E08               	subwf	___lwmod@dividend^0,f,c
  2402   00294A  500B               	movf	(___lwmod@divisor+1)^0,w,c
  2403   00294C  5A09               	subwfb	(___lwmod@dividend+1)^0,f,c
  2404   00294E                     l1477:
  2405   00294E  90D8               	bcf	status,0,c
  2406   002950  320B               	rrcf	(___lwmod@divisor+1)^0,f,c
  2407   002952  320A               	rrcf	___lwmod@divisor^0,f,c
  2408   002954  2E0C               	decfsz	___lwmod@counter^0,f,c
  2409   002956  EF98  F014         	goto	l1473
  2410   00295A                     l787:
  2411   00295A  C008  F008         	movff	___lwmod@dividend,?___lwmod
  2412   00295E  C009  F009         	movff	___lwmod@dividend+1,?___lwmod+1
  2413   002962  0012               	return		;funcret
  2414   002964                     __end_of___lwmod:
  2415                           	callstack 0
  2416                           
  2417 ;; *************** function ___lwdiv *****************
  2418 ;; Defined at:
  2419 ;;		line 7 in file "C:\Program Files\Microchip\xc8\v3.10\pic\sources\c99\common\lwdiv.c"
  2420 ;; Parameters:    Size  Location     Type
  2421 ;;  dividend        2    0[COMRAM] unsigned int 
  2422 ;;  divisor         2    2[COMRAM] unsigned int 
  2423 ;; Auto vars:     Size  Location     Type
  2424 ;;  quotient        2    4[COMRAM] unsigned int 
  2425 ;;  counter         1    6[COMRAM] unsigned char 
  2426 ;; Return value:  Size  Location     Type
  2427 ;;                  2    0[COMRAM] unsigned int 
  2428 ;; Registers used:
  2429 ;;		wreg, status,2, status,0
  2430 ;; Tracked objects:
  2431 ;;		On entry : 0/0
  2432 ;;		On exit  : 0/0
  2433 ;;		Unchanged: 0/0
  2434 ;; Data sizes:     COMRAM   BANK0   BANK1   BANK2   BANK3   BANK4   BANK5
  2435 ;;      Params:         4       0       0       0       0       0       0
  2436 ;;      Locals:         3       0       0       0       0       0       0
  2437 ;;      Temps:          0       0       0       0       0       0       0
  2438 ;;      Totals:         7       0       0       0       0       0       0
  2439 ;;Total ram usage:        7 bytes
  2440 ;; Hardware stack levels used: 1
  2441 ;; This function calls:
  2442 ;;		Nothing
  2443 ;; This function is called by:
  2444 ;;		_handle_rpm_data
  2445 ;; This function uses a non-reentrant model
  2446 ;;
  2447                           
  2448                           	psect	text7
  2449   0029D0                     __ptext7:
  2450                           	callstack 0
  2451   0029D0                     ___lwdiv:
  2452                           	callstack 28
  2453   0029D0  6A06               	clrf	(___lwdiv@quotient+1)^0,c
  2454   0029D2  0E00               	movlw	0
  2455   0029D4  6E05               	movwf	___lwdiv@quotient^0,c
  2456   0029D6  5003               	movf	___lwdiv@divisor^0,w,c
  2457   0029D8  1004               	iorwf	(___lwdiv@divisor+1)^0,w,c
  2458   0029DA  B4D8               	btfsc	status,2,c
  2459   0029DC  EFF2  F014         	goto	u521
  2460   0029E0  EFF4  F014         	goto	u520
  2461   0029E4                     u521:
  2462   0029E4  EF1C  F015         	goto	l777
  2463   0029E8                     u520:
  2464   0029E8  0E01               	movlw	1
  2465   0029EA  6E07               	movwf	___lwdiv@counter^0,c
  2466   0029EC  EFFC  F014         	goto	l1451
  2467   0029F0                     l1449:
  2468   0029F0  90D8               	bcf	status,0,c
  2469   0029F2  3603               	rlcf	___lwdiv@divisor^0,f,c
  2470   0029F4  3604               	rlcf	(___lwdiv@divisor+1)^0,f,c
  2471   0029F6  2A07               	incf	___lwdiv@counter^0,f,c
  2472   0029F8                     l1451:
  2473   0029F8  AE04               	btfss	(___lwdiv@divisor+1)^0,7,c
  2474   0029FA  EF01  F015         	goto	u531
  2475   0029FE  EF03  F015         	goto	u530
  2476   002A02                     u531:
  2477   002A02  EFF8  F014         	goto	l1449
  2478   002A06                     u530:
  2479   002A06                     l1453:
  2480   002A06  90D8               	bcf	status,0,c
  2481   002A08  3605               	rlcf	___lwdiv@quotient^0,f,c
  2482   002A0A  3606               	rlcf	(___lwdiv@quotient+1)^0,f,c
  2483   002A0C  5003               	movf	___lwdiv@divisor^0,w,c
  2484   002A0E  5C01               	subwf	___lwdiv@dividend^0,w,c
  2485   002A10  5004               	movf	(___lwdiv@divisor+1)^0,w,c
  2486   002A12  5802               	subwfb	(___lwdiv@dividend+1)^0,w,c
  2487   002A14  A0D8               	btfss	status,0,c
  2488   002A16  EF0F  F015         	goto	u541
  2489   002A1A  EF11  F015         	goto	u540
  2490   002A1E                     u541:
  2491   002A1E  EF16  F015         	goto	l1461
  2492   002A22                     u540:
  2493   002A22  5003               	movf	___lwdiv@divisor^0,w,c
  2494   002A24  5E01               	subwf	___lwdiv@dividend^0,f,c
  2495   002A26  5004               	movf	(___lwdiv@divisor+1)^0,w,c
  2496   002A28  5A02               	subwfb	(___lwdiv@dividend+1)^0,f,c
  2497   002A2A  8005               	bsf	___lwdiv@quotient^0,0,c
  2498   002A2C                     l1461:
  2499   002A2C  90D8               	bcf	status,0,c
  2500   002A2E  3204               	rrcf	(___lwdiv@divisor+1)^0,f,c
  2501   002A30  3203               	rrcf	___lwdiv@divisor^0,f,c
  2502   002A32  2E07               	decfsz	___lwdiv@counter^0,f,c
  2503   002A34  EF03  F015         	goto	l1453
  2504   002A38                     l777:
  2505   002A38  C005  F001         	movff	___lwdiv@quotient,?___lwdiv
  2506   002A3C  C006  F002         	movff	___lwdiv@quotient+1,?___lwdiv+1
  2507   002A40  0012               	return		;funcret
  2508   002A42                     __end_of___lwdiv:
  2509                           	callstack 0
  2510                           
  2511 ;; *************** function _handle_indicator_data *****************
  2512 ;; Defined at:
  2513 ;;		line 61 in file "main_ecu3.c"
  2514 ;; Parameters:    Size  Location     Type
  2515 ;;  data            1    5[COMRAM] PTR unsigned char 
  2516 ;;		 -> process_canbus_data@data(1), 
  2517 ;;  len             1    6[COMRAM] unsigned char 
  2518 ;; Auto vars:     Size  Location     Type
  2519 ;;  ind             1    7[COMRAM] unsigned char 
  2520 ;; Return value:  Size  Location     Type
  2521 ;;                  1    wreg      void 
  2522 ;; Registers used:
  2523 ;;		wreg, fsr0l, fsr0h, fsr2l, fsr2h, status,2, status,0, tblptrl, tblptrh, tblptru, cstack
  2524 ;; Tracked objects:
  2525 ;;		On entry : 0/0
  2526 ;;		On exit  : 0/0
  2527 ;;		Unchanged: 0/0
  2528 ;; Data sizes:     COMRAM   BANK0   BANK1   BANK2   BANK3   BANK4   BANK5
  2529 ;;      Params:         2       0       0       0       0       0       0
  2530 ;;      Locals:         1       0       0       0       0       0       0
  2531 ;;      Temps:          0       0       0       0       0       0       0
  2532 ;;      Totals:         3       0       0       0       0       0       0
  2533 ;;Total ram usage:        3 bytes
  2534 ;; Hardware stack levels used: 1
  2535 ;; Hardware stack levels required when called: 1
  2536 ;; This function calls:
  2537 ;;		_blink_delay
  2538 ;;		_clcd_print
  2539 ;; This function is called by:
  2540 ;;		_process_canbus_data
  2541 ;; This function uses a non-reentrant model
  2542 ;;
  2543                           
  2544                           	psect	text8
  2545   002E68                     __ptext8:
  2546                           	callstack 0
  2547   002E68                     _handle_indicator_data:
  2548                           	callstack 28
  2549   002E68                     
  2550                           ;main_ecu3.c: 61: void handle_indicator_data(uint8_t *data, uint8_t len);main_ecu3.c: 62
      +                          : {;main_ecu3.c: 63:     uint8_t ind = data[0];
  2551   002E68  5006               	movf	handle_indicator_data@data^0,w,c
  2552   002E6A  6ED9               	movwf	fsr2l,c
  2553   002E6C  6ADA               	clrf	fsr2h,c
  2554   002E6E  50DF               	movf	indf2,w,c
  2555   002E70  6E08               	movwf	handle_indicator_data@ind^0,c
  2556                           
  2557                           ;main_ecu3.c: 65:     switch (ind) {
  2558   002E72  EF7D  F017         	goto	l1559
  2559   002E76                     l150:
  2560                           
  2561                           ;main_ecu3.c: 69:             RB7 = 0;
  2562   002E76  9E81               	bcf	3969,7,c	;volatile
  2563                           
  2564                           ;main_ecu3.c: 70:             RB0 ^= 1;
  2565   002E78  7081               	btg	3969,0,c	;volatile
  2566   002E7A                     
  2567                           ;main_ecu3.c: 71:             clcd_print("<--", (0xC0 + (5)));
  2568   002E7A  0EF6               	movlw	low STR_1
  2569   002E7C  6E03               	movwf	clcd_print@data^0,c
  2570   002E7E  0E2F               	movlw	high STR_1
  2571   002E80  6E04               	movwf	(clcd_print@data+1)^0,c
  2572   002E82  0EC5               	movlw	197
  2573   002E84  6E05               	movwf	clcd_print@addr^0,c
  2574   002E86  ECB2  F014         	call	_clcd_print	;wreg free
  2575                           
  2576                           ;main_ecu3.c: 72:             clcd_print(" ", (0xC0 + (8)));
  2577   002E8A  0EEF               	movlw	low (STR_6+3)
  2578   002E8C  6E03               	movwf	clcd_print@data^0,c
  2579   002E8E  0E2F               	movlw	high (STR_6+3)
  2580   002E90  6E04               	movwf	(clcd_print@data+1)^0,c
  2581   002E92  0EC8               	movlw	200
  2582   002E94  6E05               	movwf	clcd_print@addr^0,c
  2583   002E96  ECB2  F014         	call	_clcd_print	;wreg free
  2584   002E9A                     l1545:
  2585                           
  2586                           ;main_ecu3.c: 73:             blink_delay();
  2587   002E9A  EC45  F014         	call	_blink_delay	;wreg free
  2588                           
  2589                           ;main_ecu3.c: 74:             break;
  2590   002E9E  EF8C  F017         	goto	l155
  2591   002EA2                     l152:
  2592                           
  2593                           ;main_ecu3.c: 79:             RB0 = 0;
  2594   002EA2  9081               	bcf	3969,0,c	;volatile
  2595                           
  2596                           ;main_ecu3.c: 80:             RB7 ^= 1;
  2597   002EA4  7E81               	btg	3969,7,c	;volatile
  2598   002EA6                     
  2599                           ;main_ecu3.c: 81:             clcd_print("-->", (0xC0 + (5)));
  2600   002EA6  0EF2               	movlw	low (STR_5+1)
  2601   002EA8  6E03               	movwf	clcd_print@data^0,c
  2602   002EAA  0E2F               	movlw	high (STR_5+1)
  2603   002EAC  6E04               	movwf	(clcd_print@data+1)^0,c
  2604   002EAE  0EC5               	movlw	197
  2605   002EB0  6E05               	movwf	clcd_print@addr^0,c
  2606   002EB2  ECB2  F014         	call	_clcd_print	;wreg free
  2607                           
  2608                           ;main_ecu3.c: 82:             clcd_print(" ", (0xC0 + (8)));
  2609   002EB6  0EEF               	movlw	low (STR_6+3)
  2610   002EB8  6E03               	movwf	clcd_print@data^0,c
  2611   002EBA  0E2F               	movlw	high (STR_6+3)
  2612   002EBC  6E04               	movwf	(clcd_print@data+1)^0,c
  2613   002EBE  0EC8               	movlw	200
  2614   002EC0  6E05               	movwf	clcd_print@addr^0,c
  2615   002EC2  ECB2  F014         	call	_clcd_print	;wreg free
  2616   002EC6  EF4D  F017         	goto	l1545
  2617   002ECA                     l153:
  2618                           
  2619                           ;main_ecu3.c: 89:             RB7 ^= 1;
  2620   002ECA  7E81               	btg	3969,7,c	;volatile
  2621                           
  2622                           ;main_ecu3.c: 90:             RB0 ^= 1;
  2623   002ECC  7081               	btg	3969,0,c	;volatile
  2624   002ECE                     
  2625                           ;main_ecu3.c: 91:             clcd_print("<-->", (0xC0 + (5)));
  2626   002ECE  0EF1               	movlw	low STR_5
  2627   002ED0  6E03               	movwf	clcd_print@data^0,c
  2628   002ED2  0E2F               	movlw	high STR_5
  2629   002ED4  6E04               	movwf	(clcd_print@data+1)^0,c
  2630   002ED6  0EC5               	movlw	197
  2631   002ED8  6E05               	movwf	clcd_print@addr^0,c
  2632   002EDA  ECB2  F014         	call	_clcd_print	;wreg free
  2633   002EDE  EF4D  F017         	goto	l1545
  2634   002EE2                     l154:
  2635                           
  2636                           ;main_ecu3.c: 98:             RB7 = 0;
  2637   002EE2  9E81               	bcf	3969,7,c	;volatile
  2638                           
  2639                           ;main_ecu3.c: 99:             RB0 = 0;
  2640   002EE4  9081               	bcf	3969,0,c	;volatile
  2641   002EE6                     
  2642                           ;main_ecu3.c: 100:             clcd_print("    ", (0xC0 + (5)));
  2643   002EE6  0EEC               	movlw	low STR_6
  2644   002EE8  6E03               	movwf	clcd_print@data^0,c
  2645   002EEA  0E2F               	movlw	high STR_6
  2646   002EEC  6E04               	movwf	(clcd_print@data+1)^0,c
  2647   002EEE  0EC5               	movlw	197
  2648   002EF0  6E05               	movwf	clcd_print@addr^0,c
  2649   002EF2  ECB2  F014         	call	_clcd_print	;wreg free
  2650                           
  2651                           ;main_ecu3.c: 101:             break;
  2652   002EF6  EF8C  F017         	goto	l155
  2653   002EFA                     l1559:
  2654   002EFA  5008               	movf	handle_indicator_data@ind^0,w,c
  2655                           
  2656                           ; Switch size 1, requested type "simple"
  2657                           ; Number of cases is 3, Range of values is 1 to 3
  2658                           ; switch strategies available:
  2659                           ; Name         Instructions Cycles
  2660                           ; simple_byte           10     6 (average)
  2661                           ;	Chosen strategy is simple_byte
  2662   002EFC  0A01               	xorlw	1	; case 1
  2663   002EFE  B4D8               	btfsc	status,2,c
  2664   002F00  EF3B  F017         	goto	l150
  2665   002F04  0A03               	xorlw	3	; case 2
  2666   002F06  B4D8               	btfsc	status,2,c
  2667   002F08  EF51  F017         	goto	l152
  2668   002F0C  0A01               	xorlw	1	; case 3
  2669   002F0E  B4D8               	btfsc	status,2,c
  2670   002F10  EF65  F017         	goto	l153
  2671   002F14  EF71  F017         	goto	l154
  2672   002F18                     l155:
  2673   002F18  0012               	return		;funcret
  2674   002F1A                     __end_of_handle_indicator_data:
  2675                           	callstack 0
  2676                           
  2677 ;; *************** function _clcd_print *****************
  2678 ;; Defined at:
  2679 ;;		line 59 in file "clcd.c"
  2680 ;; Parameters:    Size  Location     Type
  2681 ;;  data            2    2[COMRAM] PTR const unsigned char 
  2682 ;;		 -> STR_7(17), STR_6(5), STR_5(5), STR_4(2), 
  2683 ;;		 -> STR_3(4), STR_2(2), STR_1(4), handle_speed_data@arr(4), 
  2684 ;;		 -> handle_rpm_data@arr(5), 
  2685 ;;  addr            1    4[COMRAM] unsigned char 
  2686 ;; Auto vars:     Size  Location     Type
  2687 ;;		None
  2688 ;; Return value:  Size  Location     Type
  2689 ;;                  1    wreg      void 
  2690 ;; Registers used:
  2691 ;;		wreg, fsr0l, fsr0h, status,2, status,0, tblptrl, tblptrh, tblptru, cstack
  2692 ;; Tracked objects:
  2693 ;;		On entry : 0/0
  2694 ;;		On exit  : 0/0
  2695 ;;		Unchanged: 0/0
  2696 ;; Data sizes:     COMRAM   BANK0   BANK1   BANK2   BANK3   BANK4   BANK5
  2697 ;;      Params:         3       0       0       0       0       0       0
  2698 ;;      Locals:         0       0       0       0       0       0       0
  2699 ;;      Temps:          0       0       0       0       0       0       0
  2700 ;;      Totals:         3       0       0       0       0       0       0
  2701 ;;Total ram usage:        3 bytes
  2702 ;; Hardware stack levels used: 1
  2703 ;; This function calls:
  2704 ;;		_clcd_write
  2705 ;; This function is called by:
  2706 ;;		_handle_rpm_data
  2707 ;;		_handle_speed_data
  2708 ;;		_handle_indicator_data
  2709 ;;		_main
  2710 ;; This function uses a non-reentrant model
  2711 ;;
  2712                           
  2713                           	psect	text9
  2714   002964                     __ptext9:
  2715                           	callstack 0
  2716   002964                     _clcd_print:
  2717                           	callstack 28
  2718   002964                     
  2719                           ;clcd.c: 59: void clcd_print(const unsigned char *data, unsigned char addr);clcd.c: 60: 
      +                          {;clcd.c: 61:  clcd_write(addr, 0);
  2720   002964  0E00               	movlw	0
  2721   002966  6E01               	movwf	clcd_write@control_bit^0,c
  2722   002968  5005               	movf	clcd_print@addr^0,w,c
  2723   00296A  EC0B  F014         	call	_clcd_write
  2724                           
  2725                           ;clcd.c: 62:  while (*data != '\0')
  2726   00296E  EFCF  F014         	goto	l1359
  2727   002972                     l1355:
  2728                           
  2729                           ;clcd.c: 63:  {;clcd.c: 64:   clcd_write(*data++, 1);
  2730   002972  0E01               	movlw	1
  2731   002974  6E01               	movwf	clcd_write@control_bit^0,c
  2732   002976  C003  FFF6         	movff	clcd_print@data,tblptrl
  2733   00297A  C004  FFF7         	movff	clcd_print@data+1,tblptrh
  2734   00297E  6AF8               	clrf	tblptru,c
  2735   002980  0E05               	movlw	(high __ramtop+-1)
  2736   002982  64F7               	cpfsgt	tblptrh,c
  2737   002984  D003               	bra	u377
  2738   002986  0008               	tblrd		*
  2739   002988  50F5               	movf	tablat,w,c
  2740   00298A  D005               	bra	u370
  2741   00298C                     u377:
  2742   00298C  CFF6 FFE9          	movff	tblptrl,fsr0l
  2743   002990  CFF7 FFEA          	movff	tblptrh,fsr0h
  2744   002994  50EF               	movf	indf0,w,c
  2745   002996                     u370:
  2746   002996  EC0B  F014         	call	_clcd_write
  2747   00299A  4A03               	infsnz	clcd_print@data^0,f,c
  2748   00299C  2A04               	incf	(clcd_print@data+1)^0,f,c
  2749   00299E                     l1359:
  2750                           
  2751                           ;clcd.c: 62:  while (*data != '\0')
  2752   00299E  C003  FFF6         	movff	clcd_print@data,tblptrl
  2753   0029A2  C004  FFF7         	movff	clcd_print@data+1,tblptrh
  2754   0029A6  6AF8               	clrf	tblptru,c
  2755   0029A8  0E05               	movlw	(high __ramtop+-1)
  2756   0029AA  64F7               	cpfsgt	tblptrh,c
  2757   0029AC  D003               	bra	u387
  2758   0029AE  0008               	tblrd		*
  2759   0029B0  50F5               	movf	tablat,w,c
  2760   0029B2  D005               	bra	u380
  2761   0029B4                     u387:
  2762   0029B4  CFF6 FFE9          	movff	tblptrl,fsr0l
  2763   0029B8  CFF7 FFEA          	movff	tblptrh,fsr0h
  2764   0029BC  50EF               	movf	indf0,w,c
  2765   0029BE                     u380:
  2766   0029BE  0900               	iorlw	0
  2767   0029C0  A4D8               	btfss	status,2,c
  2768   0029C2  EFE5  F014         	goto	u391
  2769   0029C6  EFE7  F014         	goto	u390
  2770   0029CA                     u391:
  2771   0029CA  EFB9  F014         	goto	l1355
  2772   0029CE                     u390:
  2773   0029CE  0012               	return		;funcret
  2774   0029D0                     __end_of_clcd_print:
  2775                           	callstack 0
  2776                           
  2777 ;; *************** function _blink_delay *****************
  2778 ;; Defined at:
  2779 ;;		line 8 in file "main_ecu3.c"
  2780 ;; Parameters:    Size  Location     Type
  2781 ;;		None
  2782 ;; Auto vars:     Size  Location     Type
  2783 ;;  i               4    0[COMRAM] unsigned long 
  2784 ;; Return value:  Size  Location     Type
  2785 ;;                  1    wreg      void 
  2786 ;; Registers used:
  2787 ;;		wreg, status,2, status,0
  2788 ;; Tracked objects:
  2789 ;;		On entry : 0/0
  2790 ;;		On exit  : 0/0
  2791 ;;		Unchanged: 0/0
  2792 ;; Data sizes:     COMRAM   BANK0   BANK1   BANK2   BANK3   BANK4   BANK5
  2793 ;;      Params:         0       0       0       0       0       0       0
  2794 ;;      Locals:         4       0       0       0       0       0       0
  2795 ;;      Temps:          0       0       0       0       0       0       0
  2796 ;;      Totals:         4       0       0       0       0       0       0
  2797 ;;Total ram usage:        4 bytes
  2798 ;; Hardware stack levels used: 1
  2799 ;; This function calls:
  2800 ;;		Nothing
  2801 ;; This function is called by:
  2802 ;;		_handle_indicator_data
  2803 ;; This function uses a non-reentrant model
  2804 ;;
  2805                           
  2806                           	psect	text10
  2807   00288A                     __ptext10:
  2808                           	callstack 0
  2809   00288A                     _blink_delay:
  2810                           	callstack 28
  2811   00288A                     
  2812                           ;main_ecu3.c: 10:     for (uint32_t i = 0; i < 50000; i++);
  2813   00288A  0E00               	movlw	0
  2814   00288C  6E01               	movwf	blink_delay@i^0,c
  2815   00288E  0E00               	movlw	0
  2816   002890  6E02               	movwf	(blink_delay@i+1)^0,c
  2817   002892  0E00               	movlw	0
  2818   002894  6E03               	movwf	(blink_delay@i+2)^0,c
  2819   002896  0E00               	movlw	0
  2820   002898  6E04               	movwf	(blink_delay@i+3)^0,c
  2821   00289A                     l1003:
  2822   00289A  0E01               	movlw	1
  2823   00289C  2601               	addwf	blink_delay@i^0,f,c
  2824   00289E  0E00               	movlw	0
  2825   0028A0  2202               	addwfc	(blink_delay@i+1)^0,f,c
  2826   0028A2  2203               	addwfc	(blink_delay@i+2)^0,f,c
  2827   0028A4  2204               	addwfc	(blink_delay@i+3)^0,f,c
  2828   0028A6  5004               	movf	(blink_delay@i+3)^0,w,c
  2829   0028A8  1003               	iorwf	(blink_delay@i+2)^0,w,c
  2830   0028AA  E10B               	bnz	u70
  2831   0028AC  0E50               	movlw	80
  2832   0028AE  5C01               	subwf	blink_delay@i^0,w,c
  2833   0028B0  0EC3               	movlw	195
  2834   0028B2  5802               	subwfb	(blink_delay@i+1)^0,w,c
  2835   0028B4  A0D8               	btfss	status,0,c
  2836   0028B6  EF5F  F014         	goto	u71
  2837   0028BA  EF61  F014         	goto	u70
  2838   0028BE                     u71:
  2839   0028BE  EF4D  F014         	goto	l1003
  2840   0028C2                     u70:
  2841   0028C2  0012               	return		;funcret
  2842   0028C4                     __end_of_blink_delay:
  2843                           	callstack 0
  2844                           
  2845 ;; *************** function _handle_gear_data *****************
  2846 ;; Defined at:
  2847 ;;		line 37 in file "main_ecu3.c"
  2848 ;; Parameters:    Size  Location     Type
  2849 ;;  data            1    4[COMRAM] PTR unsigned char 
  2850 ;;		 -> process_canbus_data@data(1), 
  2851 ;;  len             1    5[COMRAM] unsigned char 
  2852 ;; Auto vars:     Size  Location     Type
  2853 ;;  gear            1    6[COMRAM] unsigned char 
  2854 ;; Return value:  Size  Location     Type
  2855 ;;                  1    wreg      void 
  2856 ;; Registers used:
  2857 ;;		wreg, fsr2l, fsr2h, status,2, status,0, cstack
  2858 ;; Tracked objects:
  2859 ;;		On entry : 0/0
  2860 ;;		On exit  : 0/0
  2861 ;;		Unchanged: 0/0
  2862 ;; Data sizes:     COMRAM   BANK0   BANK1   BANK2   BANK3   BANK4   BANK5
  2863 ;;      Params:         2       0       0       0       0       0       0
  2864 ;;      Locals:         1       0       0       0       0       0       0
  2865 ;;      Temps:          0       0       0       0       0       0       0
  2866 ;;      Totals:         3       0       0       0       0       0       0
  2867 ;;Total ram usage:        3 bytes
  2868 ;; Hardware stack levels used: 1
  2869 ;; Hardware stack levels required when called: 2
  2870 ;; This function calls:
  2871 ;;		_clcd_putch
  2872 ;; This function is called by:
  2873 ;;		_process_canbus_data
  2874 ;; This function uses a non-reentrant model
  2875 ;;
  2876                           
  2877                           	psect	text11
  2878   002A42                     __ptext11:
  2879                           	callstack 0
  2880   002A42                     _handle_gear_data:
  2881                           	callstack 27
  2882   002A42                     
  2883                           ;main_ecu3.c: 38:     uint8_t gear = *data;
  2884   002A42  5005               	movf	handle_gear_data@data^0,w,c
  2885   002A44  6ED9               	movwf	fsr2l,c
  2886   002A46  6ADA               	clrf	fsr2h,c
  2887   002A48  50DF               	movf	indf2,w,c
  2888   002A4A  6E07               	movwf	handle_gear_data@gear^0,c
  2889   002A4C                     
  2890                           ;main_ecu3.c: 40:     if (gear == 0)
  2891   002A4C  5007               	movf	handle_gear_data@gear^0,w,c
  2892   002A4E  A4D8               	btfss	status,2,c
  2893   002A50  EF2C  F015         	goto	u601
  2894   002A54  EF2E  F015         	goto	u600
  2895   002A58                     u601:
  2896   002A58  EF3A  F015         	goto	l1531
  2897   002A5C                     u600:
  2898   002A5C                     
  2899                           ;main_ecu3.c: 41:     {;main_ecu3.c: 42:         clcd_putch(' ', (0xC0 + (14)));
  2900   002A5C  0ECE               	movlw	206
  2901   002A5E  6E03               	movwf	clcd_putch@addr^0,c
  2902   002A60  0E20               	movlw	32
  2903   002A62  ECEA  F013         	call	_clcd_putch
  2904                           
  2905                           ;main_ecu3.c: 43:         clcd_putch('N', (0xC0 + (14)));
  2906   002A66  0ECE               	movlw	206
  2907   002A68  6E03               	movwf	clcd_putch@addr^0,c
  2908   002A6A  0E4E               	movlw	78
  2909   002A6C  ECEA  F013         	call	_clcd_putch
  2910                           
  2911                           ;main_ecu3.c: 44:     }
  2912   002A70  EF60  F015         	goto	l146
  2913   002A74                     l1531:
  2914   002A74  0E06               	movlw	6
  2915   002A76  1807               	xorwf	handle_gear_data@gear^0,w,c
  2916   002A78  A4D8               	btfss	status,2,c
  2917   002A7A  EF41  F015         	goto	u611
  2918   002A7E  EF43  F015         	goto	u610
  2919   002A82                     u611:
  2920   002A82  EF4A  F015         	goto	l1535
  2921   002A86                     u610:
  2922   002A86                     
  2923                           ;main_ecu3.c: 46:     {;main_ecu3.c: 47:         clcd_putch('R', (0xC0 + (14)));
  2924   002A86  0ECE               	movlw	206
  2925   002A88  6E03               	movwf	clcd_putch@addr^0,c
  2926   002A8A  0E52               	movlw	82
  2927   002A8C  ECEA  F013         	call	_clcd_putch
  2928                           
  2929                           ;main_ecu3.c: 48:     }
  2930   002A90  EF60  F015         	goto	l146
  2931   002A94                     l1535:
  2932   002A94  0E07               	movlw	7
  2933   002A96  1807               	xorwf	handle_gear_data@gear^0,w,c
  2934   002A98  A4D8               	btfss	status,2,c
  2935   002A9A  EF51  F015         	goto	u621
  2936   002A9E  EF53  F015         	goto	u620
  2937   002AA2                     u621:
  2938   002AA2  EF5A  F015         	goto	l1539
  2939   002AA6                     u620:
  2940   002AA6                     
  2941                           ;main_ecu3.c: 50:     {;main_ecu3.c: 51:         clcd_putch('C', (0xC0 + (14)));
  2942   002AA6  0ECE               	movlw	206
  2943   002AA8  6E03               	movwf	clcd_putch@addr^0,c
  2944   002AAA  0E43               	movlw	67
  2945   002AAC  ECEA  F013         	call	_clcd_putch
  2946                           
  2947                           ;main_ecu3.c: 53:     }
  2948   002AB0  EF60  F015         	goto	l146
  2949   002AB4                     l1539:
  2950                           
  2951                           ;main_ecu3.c: 55:     {;main_ecu3.c: 56:         clcd_putch(gear + '0', (0xC0 + (14)));
  2952   002AB4  0ECE               	movlw	206
  2953   002AB6  6E03               	movwf	clcd_putch@addr^0,c
  2954   002AB8  5007               	movf	handle_gear_data@gear^0,w,c
  2955   002ABA  0F30               	addlw	48
  2956   002ABC  ECEA  F013         	call	_clcd_putch
  2957   002AC0                     l146:
  2958   002AC0  0012               	return		;funcret
  2959   002AC2                     __end_of_handle_gear_data:
  2960                           	callstack 0
  2961                           
  2962 ;; *************** function _clcd_putch *****************
  2963 ;; Defined at:
  2964 ;;		line 67 in file "clcd.c"
  2965 ;; Parameters:    Size  Location     Type
  2966 ;;  data            1    wreg     const unsigned char 
  2967 ;;  addr            1    2[COMRAM] unsigned char 
  2968 ;; Auto vars:     Size  Location     Type
  2969 ;;  data            1    3[COMRAM] const unsigned char 
  2970 ;; Return value:  Size  Location     Type
  2971 ;;                  1    wreg      void 
  2972 ;; Registers used:
  2973 ;;		wreg, status,2, cstack
  2974 ;; Tracked objects:
  2975 ;;		On entry : 0/0
  2976 ;;		On exit  : 0/0
  2977 ;;		Unchanged: 0/0
  2978 ;; Data sizes:     COMRAM   BANK0   BANK1   BANK2   BANK3   BANK4   BANK5
  2979 ;;      Params:         1       0       0       0       0       0       0
  2980 ;;      Locals:         1       0       0       0       0       0       0
  2981 ;;      Temps:          0       0       0       0       0       0       0
  2982 ;;      Totals:         2       0       0       0       0       0       0
  2983 ;;Total ram usage:        2 bytes
  2984 ;; Hardware stack levels used: 1
  2985 ;; Hardware stack levels required when called: 1
  2986 ;; This function calls:
  2987 ;;		_clcd_write
  2988 ;; This function is called by:
  2989 ;;		_handle_gear_data
  2990 ;; This function uses a non-reentrant model
  2991 ;;
  2992                           
  2993                           	psect	text12
  2994   0027D4                     __ptext12:
  2995                           	callstack 0
  2996   0027D4                     _clcd_putch:
  2997                           	callstack 27
  2998                           
  2999                           ;incstack = 0
  3000                           ;clcd_putch@data stored from wreg
  3001   0027D4  6E04               	movwf	clcd_putch@data^0,c
  3002   0027D6                     
  3003                           ;clcd.c: 67: void clcd_putch(const unsigned char data, unsigned char addr);clcd.c: 68: {
      +                          ;clcd.c: 69:  clcd_write(addr, 0);
  3004   0027D6  0E00               	movlw	0
  3005   0027D8  6E01               	movwf	clcd_write@control_bit^0,c
  3006   0027DA  5003               	movf	clcd_putch@addr^0,w,c
  3007   0027DC  EC0B  F014         	call	_clcd_write
  3008                           
  3009                           ;clcd.c: 71:  clcd_write(data, 1);
  3010   0027E0  0E01               	movlw	1
  3011   0027E2  6E01               	movwf	clcd_write@control_bit^0,c
  3012   0027E4  5004               	movf	clcd_putch@data^0,w,c
  3013   0027E6  EC0B  F014         	call	_clcd_write
  3014   0027EA  0012               	return		;funcret
  3015   0027EC                     __end_of_clcd_putch:
  3016                           	callstack 0
  3017                           
  3018 ;; *************** function _can_receive *****************
  3019 ;; Defined at:
  3020 ;;		line 96 in file "CAN.c"
  3021 ;; Parameters:    Size  Location     Type
  3022 ;;  msg_id          1    8[COMRAM] PTR unsigned short 
  3023 ;;		 -> process_canbus_data@msg_id(2), 
  3024 ;;  data            1    9[COMRAM] PTR unsigned char 
  3025 ;;		 -> process_canbus_data@data(1), 
  3026 ;;  len             1   10[COMRAM] PTR unsigned char 
  3027 ;;		 -> process_canbus_data@len(1), 
  3028 ;; Auto vars:     Size  Location     Type
  3029 ;;  i               2   16[COMRAM] int 
  3030 ;;  ptr             2   14[COMRAM] PTR unsigned char 
  3031 ;;		 -> RXB0D0(1), 
  3032 ;; Return value:  Size  Location     Type
  3033 ;;                  1    wreg      void 
  3034 ;; Registers used:
  3035 ;;		wreg, fsr1l, fsr1h, fsr2l, fsr2h, status,2, status,0, cstack
  3036 ;; Tracked objects:
  3037 ;;		On entry : 0/0
  3038 ;;		On exit  : 0/0
  3039 ;;		Unchanged: 0/0
  3040 ;; Data sizes:     COMRAM   BANK0   BANK1   BANK2   BANK3   BANK4   BANK5
  3041 ;;      Params:         3       0       0       0       0       0       0
  3042 ;;      Locals:         4       0       0       0       0       0       0
  3043 ;;      Temps:          3       0       0       0       0       0       0
  3044 ;;      Totals:        10       0       0       0       0       0       0
  3045 ;;Total ram usage:       10 bytes
  3046 ;; Hardware stack levels used: 1
  3047 ;; Hardware stack levels required when called: 1
  3048 ;; This function calls:
  3049 ;;		_get_msg_id_std
  3050 ;; This function is called by:
  3051 ;;		_process_canbus_data
  3052 ;; This function uses a non-reentrant model
  3053 ;;
  3054                           
  3055                           	psect	text13
  3056   002B44                     __ptext13:
  3057                           	callstack 0
  3058   002B44                     _can_receive:
  3059                           	callstack 28
  3060   002B44                     
  3061                           ;CAN.c: 97:     uint8_t *ptr;;CAN.c: 99:     if (RXB0FUL) {
  3062   002B44  AE60               	btfss	3936,7,c	;volatile
  3063   002B46  EFA7  F015         	goto	u581
  3064   002B4A  EFA9  F015         	goto	u580
  3065   002B4E                     u581:
  3066   002B4E  EFE5  F015         	goto	l1497
  3067   002B52                     u580:
  3068   002B52                     
  3069                           ;CAN.c: 101:         *msg_id = get_msg_id_std();
  3070   002B52  EC28  F014         	call	_get_msg_id_std	;wreg free
  3071   002B56  5009               	movf	can_receive@msg_id^0,w,c
  3072   002B58  6ED9               	movwf	fsr2l,c
  3073   002B5A  6ADA               	clrf	fsr2h,c
  3074   002B5C  C001  FFDE         	movff	?_get_msg_id_std,postinc2
  3075   002B60  C002  FFDD         	movff	?_get_msg_id_std+1,postdec2
  3076   002B64                     
  3077                           ;CAN.c: 103:         *len = RXB0DLC;
  3078   002B64  500B               	movf	can_receive@len^0,w,c
  3079   002B66  6ED9               	movwf	fsr2l,c
  3080   002B68  6ADA               	clrf	fsr2h,c
  3081   002B6A  CF65 FFDF          	movff	3941,indf2	;volatile
  3082   002B6E                     
  3083                           ;CAN.c: 105:         ptr = (uint8_t *) & RXB0D0;
  3084   002B6E  0E66               	movlw	102
  3085   002B70  6E0F               	movwf	can_receive@ptr^0,c
  3086   002B72  0E0F               	movlw	15
  3087   002B74  6E10               	movwf	(can_receive@ptr+1)^0,c
  3088   002B76                     
  3089                           ;CAN.c: 107:         for (int i = 0; i < *len; i++) {
  3090   002B76  6A12               	clrf	(can_receive@i+1)^0,c
  3091   002B78  0E00               	movlw	0
  3092   002B7A  6E11               	movwf	can_receive@i^0,c
  3093   002B7C  EFCE  F015         	goto	l1495
  3094   002B80                     l1491:
  3095                           
  3096                           ;CAN.c: 108:             data[i] = ptr[i];
  3097   002B80  5011               	movf	can_receive@i^0,w,c
  3098   002B82  240F               	addwf	can_receive@ptr^0,w,c
  3099   002B84  6ED9               	movwf	fsr2l,c
  3100   002B86  5012               	movf	(can_receive@i+1)^0,w,c
  3101   002B88  2010               	addwfc	(can_receive@ptr+1)^0,w,c
  3102   002B8A  6EDA               	movwf	fsr2h,c
  3103   002B8C  500A               	movf	can_receive@data^0,w,c
  3104   002B8E  2411               	addwf	can_receive@i^0,w,c
  3105   002B90  6EE1               	movwf	fsr1l,c
  3106   002B92  6AE2               	clrf	fsr1h,c
  3107   002B94  CFDF FFE7          	movff	indf2,indf1
  3108   002B98                     
  3109                           ;CAN.c: 109:         }
  3110   002B98  4A11               	infsnz	can_receive@i^0,f,c
  3111   002B9A  2A12               	incf	(can_receive@i+1)^0,f,c
  3112   002B9C                     l1495:
  3113   002B9C  500B               	movf	can_receive@len^0,w,c
  3114   002B9E  6ED9               	movwf	fsr2l,c
  3115   002BA0  6ADA               	clrf	fsr2h,c
  3116   002BA2  50DF               	movf	indf2,w,c
  3117   002BA4  6E0C               	movwf	??_can_receive^0,c
  3118   002BA6  6A0D               	clrf	(??_can_receive+1)^0,c
  3119   002BA8  500C               	movf	??_can_receive^0,w,c
  3120   002BAA  5C11               	subwf	can_receive@i^0,w,c
  3121   002BAC  5012               	movf	(can_receive@i+1)^0,w,c
  3122   002BAE  0A80               	xorlw	128
  3123   002BB0  6E0E               	movwf	(??_can_receive+2)^0,c
  3124   002BB2  500D               	movf	(??_can_receive+1)^0,w,c
  3125   002BB4  0A80               	xorlw	128
  3126   002BB6  580E               	subwfb	(??_can_receive+2)^0,w,c
  3127   002BB8  A0D8               	btfss	status,0,c
  3128   002BBA  EFE1  F015         	goto	u591
  3129   002BBE  EFE3  F015         	goto	u590
  3130   002BC2                     u591:
  3131   002BC2  EFC0  F015         	goto	l1491
  3132   002BC6                     u590:
  3133   002BC6                     
  3134                           ;CAN.c: 111:         RXB0FUL = 0;
  3135   002BC6  9E60               	bcf	3936,7,c	;volatile
  3136                           
  3137                           ;CAN.c: 112:         RXB0IF = 0;
  3138   002BC8  90A4               	bcf	4004,0,c	;volatile
  3139   002BCA                     l1497:
  3140                           
  3141                           ;CAN.c: 116:     *len = 0;
  3142   002BCA  500B               	movf	can_receive@len^0,w,c
  3143   002BCC  6ED9               	movwf	fsr2l,c
  3144   002BCE  6ADA               	clrf	fsr2h,c
  3145   002BD0  6ADF               	clrf	indf2,c
  3146   002BD2  0012               	return		;funcret
  3147   002BD4                     __end_of_can_receive:
  3148                           	callstack 0
  3149                           
  3150 ;; *************** function _get_msg_id_std *****************
  3151 ;; Defined at:
  3152 ;;		line 57 in file "CAN.c"
  3153 ;; Parameters:    Size  Location     Type
  3154 ;;		None
  3155 ;; Auto vars:     Size  Location     Type
  3156 ;;  id              2    6[COMRAM] unsigned short 
  3157 ;; Return value:  Size  Location     Type
  3158 ;;                  2    0[COMRAM] unsigned short 
  3159 ;; Registers used:
  3160 ;;		wreg, status,2, status,0
  3161 ;; Tracked objects:
  3162 ;;		On entry : 0/0
  3163 ;;		On exit  : 0/0
  3164 ;;		Unchanged: 0/0
  3165 ;; Data sizes:     COMRAM   BANK0   BANK1   BANK2   BANK3   BANK4   BANK5
  3166 ;;      Params:         2       0       0       0       0       0       0
  3167 ;;      Locals:         2       0       0       0       0       0       0
  3168 ;;      Temps:          4       0       0       0       0       0       0
  3169 ;;      Totals:         8       0       0       0       0       0       0
  3170 ;;Total ram usage:        8 bytes
  3171 ;; Hardware stack levels used: 1
  3172 ;; This function calls:
  3173 ;;		Nothing
  3174 ;; This function is called by:
  3175 ;;		_can_receive
  3176 ;; This function uses a non-reentrant model
  3177 ;;
  3178                           
  3179                           	psect	text14
  3180   002850                     __ptext14:
  3181                           	callstack 0
  3182   002850                     _get_msg_id_std:
  3183                           	callstack 28
  3184   002850                     
  3185                           ;CAN.c: 59:     id = ((RXB0SIDL >> 5) & 0x7) | (RXB0SIDH << 3);
  3186   002850  5061               	movf	97,w,c	;volatile
  3187   002852  6E03               	movwf	??_get_msg_id_std^0,c
  3188   002854  6A04               	clrf	(??_get_msg_id_std+1)^0,c
  3189   002856  90D8               	bcf	status,0,c
  3190   002858  3603               	rlcf	??_get_msg_id_std^0,f,c
  3191   00285A  3604               	rlcf	(??_get_msg_id_std+1)^0,f,c
  3192   00285C  90D8               	bcf	status,0,c
  3193   00285E  3603               	rlcf	??_get_msg_id_std^0,f,c
  3194   002860  3604               	rlcf	(??_get_msg_id_std+1)^0,f,c
  3195   002862  90D8               	bcf	status,0,c
  3196   002864  3603               	rlcf	??_get_msg_id_std^0,f,c
  3197   002866  3604               	rlcf	(??_get_msg_id_std+1)^0,f,c
  3198   002868  3862               	swapf	98,w,c	;volatile
  3199   00286A  42E8               	rrncf	wreg,f,c
  3200   00286C  0B07               	andlw	7
  3201   00286E  0B07               	andlw	7
  3202   002870  6E05               	movwf	(??_get_msg_id_std+2)^0,c
  3203   002872  6A06               	clrf	(??_get_msg_id_std+3)^0,c
  3204   002874  5003               	movf	??_get_msg_id_std^0,w,c
  3205   002876  1005               	iorwf	(??_get_msg_id_std+2)^0,w,c
  3206   002878  6E07               	movwf	get_msg_id_std@id^0,c
  3207   00287A  5004               	movf	(??_get_msg_id_std+1)^0,w,c
  3208   00287C  1006               	iorwf	(??_get_msg_id_std+3)^0,w,c
  3209   00287E  6E08               	movwf	(get_msg_id_std@id+1)^0,c
  3210   002880                     
  3211                           ;CAN.c: 60:     return id;
  3212   002880  C007  F001         	movff	get_msg_id_std@id,?_get_msg_id_std
  3213   002884  C008  F002         	movff	get_msg_id_std@id+1,?_get_msg_id_std+1
  3214   002888  0012               	return		;funcret
  3215   00288A                     __end_of_get_msg_id_std:
  3216                           	callstack 0
  3217                           
  3218 ;; *************** function _init_clcd *****************
  3219 ;; Defined at:
  3220 ;;		line 28 in file "clcd.c"
  3221 ;; Parameters:    Size  Location     Type
  3222 ;;		None
  3223 ;; Auto vars:     Size  Location     Type
  3224 ;;		None
  3225 ;; Return value:  Size  Location     Type
  3226 ;;                  1    wreg      void 
  3227 ;; Registers used:
  3228 ;;		wreg, status,2, status,0, cstack
  3229 ;; Tracked objects:
  3230 ;;		On entry : 0/0
  3231 ;;		On exit  : 0/0
  3232 ;;		Unchanged: 0/0
  3233 ;; Data sizes:     COMRAM   BANK0   BANK1   BANK2   BANK3   BANK4   BANK5
  3234 ;;      Params:         0       0       0       0       0       0       0
  3235 ;;      Locals:         0       0       0       0       0       0       0
  3236 ;;      Temps:          1       0       0       0       0       0       0
  3237 ;;      Totals:         1       0       0       0       0       0       0
  3238 ;;Total ram usage:        1 bytes
  3239 ;; Hardware stack levels used: 1
  3240 ;; Hardware stack levels required when called: 1
  3241 ;; This function calls:
  3242 ;;		_clcd_write
  3243 ;; This function is called by:
  3244 ;;		_main
  3245 ;; This function uses a non-reentrant model
  3246 ;;
  3247                           
  3248                           	psect	text15
  3249   002C66                     __ptext15:
  3250                           	callstack 0
  3251   002C66                     _init_clcd:
  3252                           	callstack 29
  3253   002C66                     
  3254                           ;clcd.c: 31:  TRISD = 0x00;
  3255   002C66  6A95               	clrf	149,c	;volatile
  3256   002C68                     
  3257                           ;clcd.c: 33:  TRISC = TRISC & 0xF8;
  3258   002C68  5094               	movf	148,w,c	;volatile
  3259   002C6A  0BF8               	andlw	248
  3260   002C6C  6E94               	movwf	148,c	;volatile
  3261   002C6E                     
  3262                           ;clcd.c: 35:  RC0 = 0;
  3263   002C6E  9082               	bcf	3970,0,c	;volatile
  3264   002C70                     
  3265                           ;clcd.c: 39:     _delay((unsigned long)((30)*(20000000/4000.0)));
  3266   002C70  0EC3               	movlw	195
  3267   002C72  6E03               	movwf	??_init_clcd^0,c
  3268   002C74  0ECD               	movlw	205
  3269   002C76                     u637:
  3270   002C76  2EE8               	decfsz	wreg,f,c
  3271   002C78  D7FE               	bra	u637
  3272   002C7A  2E03               	decfsz	??_init_clcd^0,f,c
  3273   002C7C  D7FC               	bra	u637
  3274   002C7E  0000               	nop	
  3275   002C80                     
  3276                           ;clcd.c: 42:     clcd_write(0x33, 0 );
  3277   002C80  0E00               	movlw	0
  3278   002C82  6E01               	movwf	clcd_write@control_bit^0,c
  3279   002C84  0E33               	movlw	51
  3280   002C86  EC0B  F014         	call	_clcd_write
  3281   002C8A                     
  3282                           ;clcd.c: 43:     _delay((unsigned long)((4100)*(20000000/4000000.0)));
  3283   002C8A  0E1B               	movlw	27
  3284   002C8C  6E03               	movwf	??_init_clcd^0,c
  3285   002C8E  0E9E               	movlw	158
  3286   002C90                     u647:
  3287   002C90  2EE8               	decfsz	wreg,f,c
  3288   002C92  D7FE               	bra	u647
  3289   002C94  2E03               	decfsz	??_init_clcd^0,f,c
  3290   002C96  D7FC               	bra	u647
  3291   002C98  D000               	nop2	
  3292   002C9A                     
  3293                           ;clcd.c: 44:     clcd_write(0x33, 0 );
  3294   002C9A  0E00               	movlw	0
  3295   002C9C  6E01               	movwf	clcd_write@control_bit^0,c
  3296   002C9E  0E33               	movlw	51
  3297   002CA0  EC0B  F014         	call	_clcd_write
  3298   002CA4                     
  3299                           ;clcd.c: 45:     _delay((unsigned long)((100)*(20000000/4000000.0)));
  3300   002CA4  0EA6               	movlw	166
  3301   002CA6                     u657:
  3302   002CA6  2EE8               	decfsz	wreg,f,c
  3303   002CA8  D7FE               	bra	u657
  3304   002CAA  D000               	nop2	
  3305   002CAC                     
  3306                           ;clcd.c: 46:     clcd_write(0x33, 0 );
  3307   002CAC  0E00               	movlw	0
  3308   002CAE  6E01               	movwf	clcd_write@control_bit^0,c
  3309   002CB0  0E33               	movlw	51
  3310   002CB2  EC0B  F014         	call	_clcd_write
  3311   002CB6                     
  3312                           ;clcd.c: 47:     _delay((unsigned long)((1)*(20000000/4000000.0)));
  3313   002CB6  D000               	nop2		;2 cycle nop
  3314   002CB8  D000               	nop2		;2 cycle nop
  3315   002CBA  0000               	nop	
  3316   002CBC                     
  3317                           ;clcd.c: 49:     clcd_write(0x02, 0);
  3318   002CBC  0E00               	movlw	0
  3319   002CBE  6E01               	movwf	clcd_write@control_bit^0,c
  3320   002CC0  0E02               	movlw	2
  3321   002CC2  EC0B  F014         	call	_clcd_write
  3322   002CC6                     
  3323                           ;clcd.c: 50:     _delay((unsigned long)((100)*(20000000/4000000.0)));
  3324   002CC6  0EA6               	movlw	166
  3325   002CC8                     u667:
  3326   002CC8  2EE8               	decfsz	wreg,f,c
  3327   002CCA  D7FE               	bra	u667
  3328   002CCC  D000               	nop2	
  3329   002CCE                     
  3330                           ;clcd.c: 51:     clcd_write(0x38, 0);
  3331   002CCE  0E00               	movlw	0
  3332   002CD0  6E01               	movwf	clcd_write@control_bit^0,c
  3333   002CD2  0E38               	movlw	56
  3334   002CD4  EC0B  F014         	call	_clcd_write
  3335   002CD8                     
  3336                           ;clcd.c: 52:     _delay((unsigned long)((100)*(20000000/4000000.0)));
  3337   002CD8  0EA6               	movlw	166
  3338   002CDA                     u677:
  3339   002CDA  2EE8               	decfsz	wreg,f,c
  3340   002CDC  D7FE               	bra	u677
  3341   002CDE  D000               	nop2	
  3342   002CE0                     
  3343                           ;clcd.c: 53:     clcd_write(0x01, 0);
  3344   002CE0  0E00               	movlw	0
  3345   002CE2  6E01               	movwf	clcd_write@control_bit^0,c
  3346   002CE4  0E01               	movlw	1
  3347   002CE6  EC0B  F014         	call	_clcd_write
  3348   002CEA                     
  3349                           ;clcd.c: 54:     _delay((unsigned long)((500)*(20000000/4000000.0)));
  3350   002CEA  0E04               	movlw	4
  3351   002CEC  6E03               	movwf	??_init_clcd^0,c
  3352   002CEE  0E3E               	movlw	62
  3353   002CF0                     u687:
  3354   002CF0  2EE8               	decfsz	wreg,f,c
  3355   002CF2  D7FE               	bra	u687
  3356   002CF4  2E03               	decfsz	??_init_clcd^0,f,c
  3357   002CF6  D7FC               	bra	u687
  3358   002CF8                     
  3359                           ;clcd.c: 55:     clcd_write(0x0C, 0);
  3360   002CF8  0E00               	movlw	0
  3361   002CFA  6E01               	movwf	clcd_write@control_bit^0,c
  3362   002CFC  0E0C               	movlw	12
  3363   002CFE  EC0B  F014         	call	_clcd_write
  3364   002D02                     
  3365                           ;clcd.c: 56:     _delay((unsigned long)((100)*(20000000/4000000.0)));
  3366   002D02  0EA6               	movlw	166
  3367   002D04                     u697:
  3368   002D04  2EE8               	decfsz	wreg,f,c
  3369   002D06  D7FE               	bra	u697
  3370   002D08  D000               	nop2	
  3371   002D0A  0012               	return		;funcret
  3372   002D0C                     __end_of_init_clcd:
  3373                           	callstack 0
  3374                           
  3375 ;; *************** function _clcd_write *****************
  3376 ;; Defined at:
  3377 ;;		line 5 in file "clcd.c"
  3378 ;; Parameters:    Size  Location     Type
  3379 ;;  byte            1    wreg     unsigned char 
  3380 ;;  control_bit     1    0[COMRAM] unsigned char 
  3381 ;; Auto vars:     Size  Location     Type
  3382 ;;  byte            1    1[COMRAM] unsigned char 
  3383 ;; Return value:  Size  Location     Type
  3384 ;;                  1    wreg      void 
  3385 ;; Registers used:
  3386 ;;		wreg
  3387 ;; Tracked objects:
  3388 ;;		On entry : 0/0
  3389 ;;		On exit  : 0/0
  3390 ;;		Unchanged: 0/0
  3391 ;; Data sizes:     COMRAM   BANK0   BANK1   BANK2   BANK3   BANK4   BANK5
  3392 ;;      Params:         1       0       0       0       0       0       0
  3393 ;;      Locals:         1       0       0       0       0       0       0
  3394 ;;      Temps:          0       0       0       0       0       0       0
  3395 ;;      Totals:         2       0       0       0       0       0       0
  3396 ;;Total ram usage:        2 bytes
  3397 ;; Hardware stack levels used: 1
  3398 ;; This function calls:
  3399 ;;		Nothing
  3400 ;; This function is called by:
  3401 ;;		_init_clcd
  3402 ;;		_clcd_print
  3403 ;;		_clcd_putch
  3404 ;; This function uses a non-reentrant model
  3405 ;;
  3406                           
  3407                           	psect	text16
  3408   002816                     __ptext16:
  3409                           	callstack 0
  3410   002816                     _clcd_write:
  3411                           	callstack 27
  3412                           
  3413                           ;incstack = 0
  3414                           ;clcd_write@byte stored from wreg
  3415   002816  6E02               	movwf	clcd_write@byte^0,c
  3416   002818                     
  3417                           ;clcd.c: 5: void clcd_write(unsigned char byte, unsigned char control_bit);clcd.c: 6: {;
      +                          clcd.c: 7:  RC1 = control_bit;
  3418   002818  B001               	btfsc	clcd_write@control_bit^0,0,c
  3419   00281A  EF11  F014         	goto	u341
  3420   00281E  EF14  F014         	goto	u340
  3421   002822                     u341:
  3422   002822  8282               	bsf	3970,1,c	;volatile
  3423   002824  EF15  F014         	goto	u355
  3424   002828                     u340:
  3425   002828  9282               	bcf	3970,1,c	;volatile
  3426   00282A                     u355:
  3427   00282A                     
  3428                           ;clcd.c: 8:  PORTD = byte;
  3429   00282A  C002  FF83         	movff	clcd_write@byte,3971	;volatile
  3430   00282E                     
  3431                           ;clcd.c: 11:  RC2 = 1;
  3432   00282E  8482               	bsf	3970,2,c	;volatile
  3433   002830                     
  3434                           ;clcd.c: 12:  RC2 = 0;
  3435   002830  9482               	bcf	3970,2,c	;volatile
  3436   002832                     
  3437                           ;clcd.c: 14:  TRISD7 = 0xFF;
  3438   002832  8E95               	bsf	3989,7,c	;volatile
  3439   002834                     
  3440                           ;clcd.c: 15:  RC0 = 1;
  3441   002834  8082               	bsf	3970,0,c	;volatile
  3442   002836                     
  3443                           ;clcd.c: 16:  RC1 = 0;
  3444   002836  9282               	bcf	3970,1,c	;volatile
  3445   002838                     l1339:
  3446                           
  3447                           ;clcd.c: 19:  {;clcd.c: 20:   RC2 = 1;
  3448   002838  8482               	bsf	3970,2,c	;volatile
  3449   00283A                     
  3450                           ;clcd.c: 21:   RC2 = 0;
  3451   00283A  9482               	bcf	3970,2,c	;volatile
  3452   00283C                     
  3453                           ;clcd.c: 22:  } while (RD7);
  3454   00283C  BE83               	btfsc	3971,7,c	;volatile
  3455   00283E  EF23  F014         	goto	u361
  3456   002842  EF25  F014         	goto	u360
  3457   002846                     u361:
  3458   002846  EF1C  F014         	goto	l1339
  3459   00284A                     u360:
  3460   00284A                     
  3461                           ;clcd.c: 24:  RC0 = 0;
  3462   00284A  9082               	bcf	3970,0,c	;volatile
  3463                           
  3464                           ;clcd.c: 25:  TRISD7 = 0x00;
  3465   00284C  9E95               	bcf	3989,7,c	;volatile
  3466   00284E  0012               	return		;funcret
  3467   002850                     __end_of_clcd_write:
  3468                           	callstack 0
  3469                           
  3470 ;; *************** function _init_can *****************
  3471 ;; Defined at:
  3472 ;;		line 23 in file "CAN.c"
  3473 ;; Parameters:    Size  Location     Type
  3474 ;;		None
  3475 ;; Auto vars:     Size  Location     Type
  3476 ;;		None
  3477 ;; Return value:  Size  Location     Type
  3478 ;;                  1    wreg      void 
  3479 ;; Registers used:
  3480 ;;		wreg, status,2, status,0
  3481 ;; Tracked objects:
  3482 ;;		On entry : 0/0
  3483 ;;		On exit  : 0/0
  3484 ;;		Unchanged: 0/0
  3485 ;; Data sizes:     COMRAM   BANK0   BANK1   BANK2   BANK3   BANK4   BANK5
  3486 ;;      Params:         0       0       0       0       0       0       0
  3487 ;;      Locals:         0       0       0       0       0       0       0
  3488 ;;      Temps:          0       0       0       0       0       0       0
  3489 ;;      Totals:         0       0       0       0       0       0       0
  3490 ;;Total ram usage:        0 bytes
  3491 ;; Hardware stack levels used: 1
  3492 ;; This function calls:
  3493 ;;		Nothing
  3494 ;; This function is called by:
  3495 ;;		_main
  3496 ;; This function uses a non-reentrant model
  3497 ;;
  3498                           
  3499                           	psect	text17
  3500   0028C4                     __ptext17:
  3501                           	callstack 0
  3502   0028C4                     _init_can:
  3503                           	callstack 30
  3504   0028C4                     
  3505                           ;CAN.c: 25:     TRISB2 = 0;
  3506   0028C4  9493               	bcf	3987,2,c	;volatile
  3507                           
  3508                           ;CAN.c: 26:     TRISB3 = 1;
  3509   0028C6  8693               	bsf	3987,3,c	;volatile
  3510   0028C8                     
  3511                           ;CAN.c: 30:     { CANCON &= 0x1F; CANCON |= e_can_op_mode_config; };
  3512   0028C8  0E1F               	movlw	31
  3513   0028CA  166F               	andwf	111,f,c	;volatile
  3514   0028CC  8E6F               	bsf	111,7,c	;volatile
  3515   0028CE                     l1209:
  3516   0028CE  0E80               	movlw	128
  3517   0028D0  186E               	xorwf	110,w,c	;volatile
  3518   0028D2  A4D8               	btfss	status,2,c
  3519   0028D4  EF6E  F014         	goto	u311
  3520   0028D8  EF70  F014         	goto	u310
  3521   0028DC                     u311:
  3522   0028DC  EF67  F014         	goto	l1209
  3523   0028E0                     u310:
  3524   0028E0                     
  3525                           ;CAN.c: 36:     ECANCON = 0x00;
  3526   0028E0  6A77               	clrf	119,c	;volatile
  3527   0028E2                     
  3528                           ;CAN.c: 39:     BRGCON1 = 0xE1;
  3529   0028E2  0EE1               	movlw	225
  3530   0028E4  6E70               	movwf	112,c	;volatile
  3531                           
  3532                           ;CAN.c: 40:     BRGCON2 = 0x1B;
  3533   0028E6  0E1B               	movlw	27
  3534   0028E8  6E71               	movwf	113,c	;volatile
  3535                           
  3536                           ;CAN.c: 41:     BRGCON3 = 0x03;
  3537   0028EA  0E03               	movlw	3
  3538   0028EC  6E72               	movwf	114,c	;volatile
  3539   0028EE                     
  3540                           ;CAN.c: 47:     RXFCON0 = 0x00;
  3541   0028EE  010D               	movlb	13	; () banked
  3542   0028F0  6BD4               	clrf	212,b	;volatile
  3543   0028F2                     
  3544                           ; BSR set to: 13
  3545                           ;CAN.c: 49:     { CANCON &= 0x1F; CANCON |= e_can_op_mode_normal; };
  3546   0028F2  0E1F               	movlw	31
  3547   0028F4  166F               	andwf	111,f,c	;volatile
  3548   0028F6                     
  3549                           ; BSR set to: 13
  3550   0028F6  506F               	movf	111,w,c	;volatile
  3551   0028F8                     
  3552                           ; BSR set to: 13
  3553                           ;CAN.c: 52:     RXB0CON = 0x00;
  3554   0028F8  6A60               	clrf	96,c	;volatile
  3555   0028FA                     
  3556                           ; BSR set to: 13
  3557                           ;CAN.c: 53:     RXB0CONbits.RXM0 = 1;
  3558   0028FA  8A60               	bsf	96,5,c	;volatile
  3559   0028FC                     
  3560                           ; BSR set to: 13
  3561                           ;CAN.c: 54:      RXB0CONbits.RXM1 = 1;
  3562   0028FC  8C60               	bsf	96,6,c	;volatile
  3563   0028FE                     
  3564                           ; BSR set to: 13
  3565   0028FE  0012               	return		;funcret
  3566   002900                     __end_of_init_can:
  3567                           	callstack 0
  3568                           
  3569                           	psect	rparam
  3570   000001                     ___rparam_used  equ	1
  3571   000000                     ___param_bank   equ	0
  3572   000000                     __Lparam        equ	__Lrparam
  3573   000000                     __Hparam        equ	__Hrparam
  3574                           
  3575                           	psect	idloc
  3576                           
  3577                           ;Config register IDLOC0 @ 0x200000
  3578                           ;	unspecified, using default values
  3579   200000                     	org	2097152
  3580   200000  FF                 	db	255
  3581                           
  3582                           ;Config register IDLOC1 @ 0x200001
  3583                           ;	unspecified, using default values
  3584   200001                     	org	2097153
  3585   200001  FF                 	db	255
  3586                           
  3587                           ;Config register IDLOC2 @ 0x200002
  3588                           ;	unspecified, using default values
  3589   200002                     	org	2097154
  3590   200002  FF                 	db	255
  3591                           
  3592                           ;Config register IDLOC3 @ 0x200003
  3593                           ;	unspecified, using default values
  3594   200003                     	org	2097155
  3595   200003  FF                 	db	255
  3596                           
  3597                           ;Config register IDLOC4 @ 0x200004
  3598                           ;	unspecified, using default values
  3599   200004                     	org	2097156
  3600   200004  FF                 	db	255
  3601                           
  3602                           ;Config register IDLOC5 @ 0x200005
  3603                           ;	unspecified, using default values
  3604   200005                     	org	2097157
  3605   200005  FF                 	db	255
  3606                           
  3607                           ;Config register IDLOC6 @ 0x200006
  3608                           ;	unspecified, using default values
  3609   200006                     	org	2097158
  3610   200006  FF                 	db	255
  3611                           
  3612                           ;Config register IDLOC7 @ 0x200007
  3613                           ;	unspecified, using default values
  3614   200007                     	org	2097159
  3615   200007  FF                 	db	255
  3616                           
  3617                           	psect	config
  3618                           
  3619                           ; Padding undefined space
  3620   300000                     	org	3145728
  3621   300000  FF                 	db	255
  3622                           
  3623                           ;Config register CONFIG1H @ 0x300001
  3624                           ;	unspecified, using default values
  3625                           ;	Oscillator Selection bits
  3626                           ;	OSC = 0x7, unprogrammed default
  3627                           ;	Fail-Safe Clock Monitor Enable bit
  3628                           ;	FCMEN = 0x0, unprogrammed default
  3629                           ;	Internal/External Oscillator Switchover bit
  3630                           ;	IESO = 0x0, unprogrammed default
  3631   300001                     	org	3145729
  3632   300001  07                 	db	7
  3633                           
  3634                           ;Config register CONFIG2L @ 0x300002
  3635                           ;	unspecified, using default values
  3636                           ;	Power-up Timer Enable bit
  3637                           ;	PWRT = 0x1, unprogrammed default
  3638                           ;	Brown-out Reset Enable bits
  3639                           ;	BOREN = 0x3, unprogrammed default
  3640                           ;	Brown-out Reset Voltage bits
  3641                           ;	BORV = 0x3, unprogrammed default
  3642   300002                     	org	3145730
  3643   300002  1F                 	db	31
  3644                           
  3645                           ;Config register CONFIG2H @ 0x300003
  3646                           ;	unspecified, using default values
  3647                           ;	Watchdog Timer Enable bit
  3648                           ;	WDT = 0x1, unprogrammed default
  3649                           ;	Watchdog Timer Postscale Select bits
  3650                           ;	WDTPS = 0xF, unprogrammed default
  3651   300003                     	org	3145731
  3652   300003  1F                 	db	31
  3653                           
  3654                           ; Padding undefined space
  3655   300004                     	org	3145732
  3656   300004  FF                 	db	255
  3657                           
  3658                           ;Config register CONFIG3H @ 0x300005
  3659                           ;	unspecified, using default values
  3660                           ;	PORTB A/D Enable bit
  3661                           ;	PBADEN = 0x1, unprogrammed default
  3662                           ;	Low-Power Timer 1 Oscillator Enable bit
  3663                           ;	LPT1OSC = 0x0, unprogrammed default
  3664                           ;	MCLR Pin Enable bit
  3665                           ;	MCLRE = 0x1, unprogrammed default
  3666   300005                     	org	3145733
  3667   300005  82                 	db	130
  3668                           
  3669                           ;Config register CONFIG4L @ 0x300006
  3670                           ;	unspecified, using default values
  3671                           ;	Stack Full/Underflow Reset Enable bit
  3672                           ;	STVREN = 0x1, unprogrammed default
  3673                           ;	Single-Supply ICSP Enable bit
  3674                           ;	LVP = 0x1, unprogrammed default
  3675                           ;	Boot Block Size Select bit
  3676                           ;	BBSIZ = 0x0, unprogrammed default
  3677                           ;	Extended Instruction Set Enable bit
  3678                           ;	XINST = 0x0, unprogrammed default
  3679                           ;	Background Debugger Enable bit
  3680                           ;	DEBUG = 0x1, unprogrammed default
  3681   300006                     	org	3145734
  3682   300006  85                 	db	133
  3683                           
  3684                           ; Padding undefined space
  3685   300007                     	org	3145735
  3686   300007  FF                 	db	255
  3687                           
  3688                           ;Config register CONFIG5L @ 0x300008
  3689                           ;	unspecified, using default values
  3690                           ;	Code Protection bit
  3691                           ;	CP0 = 0x1, unprogrammed default
  3692                           ;	Code Protection bit
  3693                           ;	CP1 = 0x1, unprogrammed default
  3694                           ;	Code Protection bit
  3695                           ;	CP2 = 0x1, unprogrammed default
  3696                           ;	Code Protection bit
  3697                           ;	CP3 = 0x1, unprogrammed default
  3698   300008                     	org	3145736
  3699   300008  0F                 	db	15
  3700                           
  3701                           ;Config register CONFIG5H @ 0x300009
  3702                           ;	unspecified, using default values
  3703                           ;	Boot Block Code Protection bit
  3704                           ;	CPB = 0x1, unprogrammed default
  3705                           ;	Data EEPROM Code Protection bit
  3706                           ;	CPD = 0x1, unprogrammed default
  3707   300009                     	org	3145737
  3708   300009  C0                 	db	192
  3709                           
  3710                           ;Config register CONFIG6L @ 0x30000A
  3711                           ;	unspecified, using default values
  3712                           ;	Write Protection bit
  3713                           ;	WRT0 = 0x1, unprogrammed default
  3714                           ;	Write Protection bit
  3715                           ;	WRT1 = 0x1, unprogrammed default
  3716                           ;	Write Protection bit
  3717                           ;	WRT2 = 0x1, unprogrammed default
  3718                           ;	Write Protection bit
  3719                           ;	WRT3 = 0x1, unprogrammed default
  3720   30000A                     	org	3145738
  3721   30000A  0F                 	db	15
  3722                           
  3723                           ;Config register CONFIG6H @ 0x30000B
  3724                           ;	unspecified, using default values
  3725                           ;	Configuration Register Write Protection bit
  3726                           ;	WRTC = 0x1, unprogrammed default
  3727                           ;	Boot Block Write Protection bit
  3728                           ;	WRTB = 0x1, unprogrammed default
  3729                           ;	Data EEPROM Write Protection bit
  3730                           ;	WRTD = 0x1, unprogrammed default
  3731   30000B                     	org	3145739
  3732   30000B  E0                 	db	224
  3733                           
  3734                           ;Config register CONFIG7L @ 0x30000C
  3735                           ;	unspecified, using default values
  3736                           ;	Table Read Protection bit
  3737                           ;	EBTR0 = 0x1, unprogrammed default
  3738                           ;	Table Read Protection bit
  3739                           ;	EBTR1 = 0x1, unprogrammed default
  3740                           ;	Table Read Protection bit
  3741                           ;	EBTR2 = 0x1, unprogrammed default
  3742                           ;	Table Read Protection bit
  3743                           ;	EBTR3 = 0x1, unprogrammed default
  3744   30000C                     	org	3145740
  3745   30000C  0F                 	db	15
  3746                           
  3747                           ;Config register CONFIG7H @ 0x30000D
  3748                           ;	unspecified, using default values
  3749                           ;	Boot Block Table Read Protection bit
  3750                           ;	EBTRB = 0x1, unprogrammed default
  3751   30000D                     	org	3145741
  3752   30000D  40                 	db	64
  3753                           tosu	equ	0xFFF
  3754                           tosh	equ	0xFFE
  3755                           tosl	equ	0xFFD
  3756                           stkptr	equ	0xFFC
  3757                           pclatu	equ	0xFFB
  3758                           pclath	equ	0xFFA
  3759                           pcl	equ	0xFF9
  3760                           tblptru	equ	0xFF8
  3761                           tblptrh	equ	0xFF7
  3762                           tblptrl	equ	0xFF6
  3763                           tablat	equ	0xFF5
  3764                           prodh	equ	0xFF4
  3765                           prodl	equ	0xFF3
  3766                           indf0	equ	0xFEF
  3767                           postinc0	equ	0xFEE
  3768                           postdec0	equ	0xFED
  3769                           preinc0	equ	0xFEC
  3770                           plusw0	equ	0xFEB
  3771                           fsr0h	equ	0xFEA
  3772                           fsr0l	equ	0xFE9
  3773                           wreg	equ	0xFE8
  3774                           indf1	equ	0xFE7
  3775                           postinc1	equ	0xFE6
  3776                           postdec1	equ	0xFE5
  3777                           preinc1	equ	0xFE4
  3778                           plusw1	equ	0xFE3
  3779                           fsr1h	equ	0xFE2
  3780                           fsr1l	equ	0xFE1
  3781                           bsr	equ	0xFE0
  3782                           indf2	equ	0xFDF
  3783                           postinc2	equ	0xFDE
  3784                           postdec2	equ	0xFDD
  3785                           preinc2	equ	0xFDC
  3786                           plusw2	equ	0xFDB
  3787                           fsr2h	equ	0xFDA
  3788                           fsr2l	equ	0xFD9
  3789                           status	equ	0xFD8

Data Sizes:
    Strings     31
    Constant    0
    Data        0
    BSS         0
    Persistent  0
    Stack       0

Auto Spaces:
    Space          Size  Autos    Used
    COMRAM           95     28      28
    BANK0           160      0       0
    BANK1           256      0       0
    BANK2           256      0       0
    BANK3           256      0       0
    BANK4           256      0       0
    BANK5           256      0       0

Pointer List with Targets:

    can_receive@data	PTR unsigned char  size(1) Largest target is 1
		 -> process_canbus_data@data(COMRAM[1]), 

    can_receive@len	PTR unsigned char  size(1) Largest target is 1
		 -> process_canbus_data@len(COMRAM[1]), 

    can_receive@msg_id	PTR unsigned short  size(1) Largest target is 2
		 -> process_canbus_data@msg_id(COMRAM[2]), 

    can_receive@ptr	PTR unsigned char  size(2) Largest target is 1
		 -> RXB0D0(SFR_3[1]), 

    clcd_print@data	PTR const unsigned char  size(2) Largest target is 17
		 -> handle_rpm_data@arr(COMRAM[5]), handle_speed_data@arr(COMRAM[4]), STR_1(CODE[4]), STR_2(CODE[2]), 
		 -> STR_3(CODE[4]), STR_4(CODE[2]), STR_5(CODE[5]), STR_6(CODE[5]), 
		 -> STR_7(CODE[17]), 

    handle_gear_data@data	PTR unsigned char  size(1) Largest target is 1
		 -> process_canbus_data@data(COMRAM[1]), 

    handle_indicator_data@data	PTR unsigned char  size(1) Largest target is 1
		 -> process_canbus_data@data(COMRAM[1]), 

    handle_rpm_data@data	PTR unsigned char  size(1) Largest target is 1
		 -> process_canbus_data@data(COMRAM[1]), 

    handle_speed_data@data	PTR unsigned char  size(1) Largest target is 1
		 -> process_canbus_data@data(COMRAM[1]), 


Critical Paths under _main in COMRAM

    _main->_process_canbus_data
    _process_canbus_data->_handle_rpm_data
    _handle_speed_data->___awmod
    ___awmod->___awdiv
    _handle_rpm_data->___lwmod
    ___lwmod->___lwdiv
    _handle_indicator_data->_clcd_print
    _clcd_print->_clcd_write
    _handle_gear_data->_clcd_putch
    _clcd_putch->_clcd_write
    _can_receive->_get_msg_id_std
    _init_clcd->_clcd_write

Critical Paths under _main in BANK0

    None.

Critical Paths under _main in BANK1

    None.

Critical Paths under _main in BANK2

    None.

Critical Paths under _main in BANK3

    None.

Critical Paths under _main in BANK4

    None.

Critical Paths under _main in BANK5

    None.

Call Graph Tables:

 ---------------------------------------------------------------------------------
 (Depth) Function   	        Calls       Base Space   Used Autos Params    Refs
 ---------------------------------------------------------------------------------
 (0) _main                                                 0     0      0    2824
                         _clcd_print
                           _init_can
                          _init_clcd
                _process_canbus_data
 ---------------------------------------------------------------------------------
 (1) _process_canbus_data                                  6     6      0    2615
                                             22 COMRAM     6     6      0
                        _can_receive
                   _handle_gear_data
              _handle_indicator_data
                    _handle_rpm_data
                  _handle_speed_data
 ---------------------------------------------------------------------------------
 (2) _handle_speed_data                                    7     5      2     941
                                             14 COMRAM     7     5      2
                            ___awdiv
                            ___awmod
                         _clcd_print
 ---------------------------------------------------------------------------------
 (3) ___awmod                                              6     2      4     302
                                              8 COMRAM     6     2      4
                            ___awdiv (ARG)
 ---------------------------------------------------------------------------------
 (3) ___awdiv                                              8     4      4     304
                                              0 COMRAM     8     4      4
 ---------------------------------------------------------------------------------
 (2) _handle_rpm_data                                     10     8      2     714
                                             12 COMRAM    10     8      2
                            ___lwdiv
                            ___lwmod
                         _clcd_print
 ---------------------------------------------------------------------------------
 (3) ___lwmod                                              5     1      4     165
                                              7 COMRAM     5     1      4
                            ___lwdiv (ARG)
 ---------------------------------------------------------------------------------
 (3) ___lwdiv                                              7     3      4     168
                                              0 COMRAM     7     3      4
 ---------------------------------------------------------------------------------
 (2) _handle_indicator_data                                3     1      2     224
                                              5 COMRAM     3     1      2
                        _blink_delay
                         _clcd_print
 ---------------------------------------------------------------------------------
 (3) _clcd_print                                           3     0      3     147
                                              2 COMRAM     3     0      3
                         _clcd_write
 ---------------------------------------------------------------------------------
 (3) _blink_delay                                          4     4      0      30
                                              0 COMRAM     4     4      0
 ---------------------------------------------------------------------------------
 (2) _handle_gear_data                                     3     1      2     231
                                              4 COMRAM     3     1      2
                         _clcd_putch
 ---------------------------------------------------------------------------------
 (3) _clcd_putch                                           2     1      1     118
                                              2 COMRAM     2     1      1
                         _clcd_write
 ---------------------------------------------------------------------------------
 (2) _can_receive                                         10     7      3     228
                                              8 COMRAM    10     7      3
                     _get_msg_id_std
 ---------------------------------------------------------------------------------
 (3) _get_msg_id_std                                       8     6      2      24
                                              0 COMRAM     8     6      2
 ---------------------------------------------------------------------------------
 (1) _init_clcd                                            1     1      0      62
                                              2 COMRAM     1     1      0
                         _clcd_write
 ---------------------------------------------------------------------------------
 (4) _clcd_write                                           2     1      1      62
                                              0 COMRAM     2     1      1
 ---------------------------------------------------------------------------------
 (1) _init_can                                             0     0      0       0
 ---------------------------------------------------------------------------------
 Estimated maximum stack depth 4
 ---------------------------------------------------------------------------------

 Call Graph Graphs:

 _main (ROOT)
   _clcd_print
     _clcd_write
   _init_can
   _init_clcd
     _clcd_write
   _process_canbus_data
     _can_receive
       _get_msg_id_std
     _handle_gear_data
       _clcd_putch
         _clcd_write
     _handle_indicator_data
       _blink_delay
       _clcd_print
     _handle_rpm_data
       ___lwdiv
       ___lwmod
         ___lwdiv (ARG)
       _clcd_print
     _handle_speed_data
       ___awdiv
       ___awmod
         ___awdiv (ARG)
       _clcd_print

Address spaces:
Name               Size   Autos  Total    Usage
BITCOMRAM           95      0       0      0.0%
BITBANK0           160      0       0      0.0%
BITBANK1           256      0       0      0.0%
BITBANK2           256      0       0      0.0%
BITBANK3           256      0       0      0.0%
BITBANK4           256      0       0      0.0%
BITBANK5           256      0       0      0.0%
BITBIGSFRlh        410      0       0      0.0%
BITBIGSFRll        212      0       0      0.0%
BITBIGSFRh         144      0       0      0.0%
COMRAM              95     28      28     29.5%
BANK0              160      0       0      0.0%
BANK1              256      0       0      0.0%
BANK2              256      0       0      0.0%
BANK3              256      0       0      0.0%
BANK4              256      0       0      0.0%
BANK5              256      0       0      0.0%
BIGRAM            1535      0       0      0.0%
STACK                0      0       0      0.0%
DATA                 0      0      28      0.0%


Microchip Technology PIC18 Macro Assembler V3.10 build 20250813170317 
Symbol Table                                                                                   Mon Dec  8 12:47:37 2025

               clcd_print@addr 0005                 clcd_print@data 0003                             l53 28E0  
                           l54 28FE                             l72 2BC6                             l57 2888  
                           l73 2BD2                             l95 284A                             l96 284E  
                           l99 2D0A                             u70 28C2                             u71 28BE  
                 ___awdiv@sign 0006                ?_get_msg_id_std 0001                            l105 29CE  
                          l131 28C2                            l108 27EA                            l150 2E76  
                          l134 2DB8                            l152 2EA2                            l153 2ECA  
                          l137 2B42                            l146 2AC0                            l154 2EE2  
                          l155 2F18                            l165 2C64                            l530 2E66  
                          l517 2FD8                            l784 2A40                            l777 2A38  
                          l794 2962                            l787 295A                            l997 288A  
                          _RB0 7C08                            _RC0 7C10                            _RC1 7C11  
                          _RC2 7C12                            _RB7 7C0F                            _RD7 7C1F  
                          u310 28E0                            u311 28DC                            u400 2F2A  
                          u401 2F26                            u410 2F44                            u411 2F40  
                          u340 2828                            u420 2F68                            u500 2E32  
                          u341 2822                            u421 2F64                            u501 2E2E  
                          u430 2F86                            u510 2E56                            u431 2F82  
                          u511 2E52                            u360 284A                            u600 2A5C  
                          u520 29E8                            u440 2FA2                            u361 2846  
                          u601 2A58                            u521 29E4                            u441 2F9E  
                          u610 2A86                            u370 2996                            u530 2A06  
                          u450 2FC8                            u355 282A                            u611 2A82  
                          u531 2A02                            u451 2FC4                            u620 2AA6  
                          u380 29BE                            u540 2A22                            u460 2DCA  
                          u621 2AA2                            u541 2A1E                            u461 2DC6  
                          u390 29CE                            u550 2912                            u470 2DE4  
                          u391 29CA                            u551 290E                            u471 2DE0  
                          u560 2930                            u480 2DFE                            u377 298C  
                          u561 292C                            u481 2DFA                            u570 2946  
                          u490 2E1C                            u387 29B4                            u571 2942  
                          u491 2E18                            u580 2B52                            u637 2C76  
                          u581 2B4E                            u590 2BC6                            u647 2C90  
                          u591 2BC2                            u657 2CA6                            u667 2CC8  
                          u677 2CDA                            u687 2CF0                            u697 2D04  
        ??_process_canbus_data 0017                 clcd_putch@addr 0003                 clcd_putch@data 0004  
                 ___awmod@sign 000E              can_receive@msg_id 0009                            wreg 0FE8  
                         l1003 289A                           l1211 28E2                           l1203 28C4  
                         l1221 28FA                           l1213 28EE                           l1205 28C8  
                         l1223 28FC                           l1215 28F2                           l1207 28CC  
                         l1217 28F6                           l1209 28CE                           l1401 2FC8  
                         l1219 28F8                           l1331 2830                           l1403 2FD0  
                         l1411 2DCA                           l1341 283A                           l1333 2832  
                         l1325 2818                           l1501 2D22                           l1421 2DFE  
                         l1413 2DD2                           l1343 283C                           l1335 2834  
                         l1327 282A                           l1511 2DAA                           l1503 2D3C  
                         l1431 2E3A                           l1423 2E06                           l1415 2DD6  
                         l1407 2DBA                           l1337 2836                           l1329 282E  
                         l1345 2850                           l1361 27D6                           l1353 2964  
                         l1505 2D66                           l1433 2E40                           l1425 2E0E  
                         l1417 2DE4                           l1409 2DBC                           l1521 2B32  
                         l1513 2AC2                           l1601 2BF8                           l1339 2838  
                         l1347 2850                           l1531 2A74                           l1355 2972  
                         l1451 29F8                           l1443 29D0                           l1507 2D90  
                         l1371 2F36                           l1363 2F1A                           l1427 2E1C  
                         l1435 2E46                           l1419 2DEC                           l1523 2B34  
                         l1515 2ACC                           l1603 2C08                           l1349 2880  
                         l1533 2A86                           l1525 2A42                           l1357 299A  
                         l1541 2E68                           l1461 2A2C                           l1453 2A06  
                         l1445 29D6                           l1509 2DA8                           l1381 2F68  
                         l1373 2F44                           l1365 2F1C                           l1437 2E56  
                         l1429 2E32                           l1517 2AF4                           l1605 2C18  
                         l1621 280A                           l1535 2A94                           l1527 2A4C  
                         l1359 299E                           l1551 2ECE                           l1543 2E7A  
                         l1463 2A32                           l1455 2A0C                           l1447 29E8  
                         l1471 2922                           l1391 2FA2                           l1383 2F70  
                         l1375 2F4C                           l1367 2F2A                           l1439 2E5E  
                         l1519 2B1C                           l1615 27EC                           l1561 2C66  
                         l1481 2B44                           l1537 2AA6                           l1529 2A5C  
                         l1545 2E9A                           l1457 2A22                           l1449 29F0  
                         l1473 2930                           l1465 2900                           l1393 2FAA  
                         l1385 2F78                           l1377 2F50                           l1369 2F32  
                         l1609 2C28                           l1617 27F2                           l1571 2C8A  
                         l1563 2C68                           l1491 2B80                           l1483 2B52  
                         l1539 2AB4                           l1555 2EE6                           l1547 2EA6  
                         l1459 2A2A                           l1475 2946                           l1467 2912  
                         l1395 2FAC                           l1387 2F86                           l1379 2F56  
                         l1643 2C3E                           l1619 27FA                           l1581 2CBC  
                         l1573 2C9A                           l1565 2C6E                           l1493 2B98  
                         l1485 2B64                           l1477 294E                           l1469 291A  
                         l1397 2FB2                           l1389 2F8C                           l1591 2CEA  
                         l1583 2CC6                           l1575 2CA4                           l1567 2C70  
                         l1495 2B9C                           l1487 2B6E                           l1559 2EFA  
                         l1479 2954                           l1399 2FB8                           l1593 2CF8  
                         l1585 2CCE                           l1577 2CAC                           l1569 2C80  
                         l1489 2B76                           l1497 2BCA                           l1595 2D02  
                         l1587 2CD8                           l1579 2CB6                           l1499 2D0C  
                         l1589 2CE0                           l1597 2BD4                           l1599 2BE8  
                         STR_1 2FF6                           STR_2 2FEF                           STR_3 2FF2  
                         STR_4 2FEF                           STR_5 2FF1                           STR_6 2FEC  
                         STR_7 2FDB                           _LATB 0F8A                           _main 27EC  
                         fsr0h 0FEA                           fsr1h 0FE2                           indf0 0FEF  
                         fsr2h 0FDA                           fsr0l 0FE9                           indf1 0FE7  
                         indf2 0FDF                           fsr1l 0FE1                           fsr2l 0FD9  
           handle_rpm_data@arr 0010             handle_rpm_data@len 000E                           prodh 0FF4  
                         prodl 0FF3                           start 2FFC                   ___param_bank 0000  
               clcd_write@byte 0002                          ?_main 0001                __end_of___awdiv 2FDA  
              __end_of___awmod 2E68                ___awdiv@divisor 0003                __end_of___lwdiv 2A42  
              __end_of___lwmod 2964                ___awdiv@counter 0005                          _PORTD 0F83  
                        _TRISC 0F94                          _TRISD 0F95            handle_rpm_data@data 000D  
                        tablat 0FF5                          status 0FD8                __initialization 27CA  
                 __end_of_main 2816                _handle_rpm_data 2D0C         process_canbus_data@len 001B  
                       ??_main 001D                  __activetblptr 0002           handle_speed_data@arr 0011  
         handle_speed_data@len 0010                         _CANCON 0F6F               ___awdiv@dividend 0001  
     handle_indicator_data@ind 0008       handle_indicator_data@len 0007                         _RXB0D0 0F66  
                       _RXB0IF 7D20                         _TXB0D0 0F46                         _TRISB2 7C9A  
                       _TRISB3 7C9B                         _TRISD7 7CAF          _handle_indicator_data 2E68  
                    ??___awdiv 0005                      ??___awmod 000D                      ??___lwdiv 0005  
                    ??___lwmod 000C               __end_of_init_can 2900               ___awdiv@quotient 0007  
              ___awmod@divisor 000B                         isa$std 0001                ___awmod@counter 000D  
             _handle_gear_data 2A42                   __mediumconst 2FDA                         tblptrh 0FF7  
                       tblptrl 0FF6                         tblptru 0FF8                     __accesstop 0060  
      __end_of__initialization 27CA                 can_receive@len 000B                 can_receive@ptr 000F  
                ___rparam_used 0001               ??_get_msg_id_std 0003        __end_of_handle_rpm_data 2DBA  
               __pcstackCOMRAM 0001               get_msg_id_std@id 0007        process_canbus_data@data 001C  
       ?_handle_indicator_data 0006                     _clcd_print 2964                     _clcd_putch 27D4  
                   _clcd_write 2816          handle_speed_data@data 000F    __end_of_process_canbus_data 2C66  
                      _ECANCON 0F77                        _CANSTAT 0F6E                        _BRGCON1 0F70  
                      _BRGCON2 0F71                        _BRGCON3 0F72                        _RXB0DLC 0F65  
                      _RXB0CON 0F60                        _RXB0FUL 7B07                        _TXB0DLC 0F45  
                      _TXB0REQ 7A03                        _RXFCON0 0DD4                      ?_init_can 0001  
                      __Hparam 0000                        __Lparam 0000               ?_handle_rpm_data 000D  
                ??_can_receive 000C                        ___awdiv 2F1A                        ___awmod 2DBA  
                      ___lwdiv 29D0                        ___lwmod 2900                        __pcinit 27CA  
                      __ramtop 0600                        __ptext0 27EC                        __ptext1 2BD4  
                      __ptext2 2AC2                        __ptext3 2DBA                        __ptext4 2F1A  
                      __ptext5 2D0C                        __ptext6 2900                        __ptext7 29D0  
                      __ptext8 2E68                        __ptext9 2964              __end_of_init_clcd 2D0C  
             ___awmod@dividend 0009           end_of_initialization 27CA                     ??_init_can 0001  
                __Lmediumconst 2FDA                    ?_clcd_print 0003                    ?_clcd_putch 0003  
                  ?_clcd_write 0001       __end_of_handle_gear_data 2AC2                        postdec2 0FDD  
                      postinc2 0FDE                  ??_blink_delay 0001            __end_of_can_receive 2BD4  
                    _TRISBbits 0F93                can_receive@data 000A            start_initialization 27CA  
                 can_receive@i 0011            __end_of_blink_delay 28C4        ??_handle_indicator_data 0008  
            _handle_speed_data 2AC2                    _can_receive 2B44             ?_handle_speed_data 000F  
          ??_handle_speed_data 0011      __end_of_handle_speed_data 2B44               ___lwdiv@dividend 0001  
       handle_speed_data@speed 0015                  __pmediumconst 2FDA                       ?___awdiv 0001  
                     ?___awmod 0009                       ?___lwdiv 0001                       ?___lwmod 0008  
                  _blink_delay 288A                    __smallconst 2FDA               ___lwdiv@quotient 0005  
                    _init_clcd 2C66                   ??_clcd_print 0006                   ??_clcd_putch 0004  
                 ??_clcd_write 0002              ?_handle_gear_data 0005                       _RXB0SIDH 0F61  
                     _RXB0SIDL 0F62                       _TXB0EIDH 0F43                       _TXB0EIDL 0F44  
           ??_handle_gear_data 0007                       _TXB0SIDH 0F41                       _TXB0SIDL 0F42  
        clcd_write@control_bit 0001             __end_of_clcd_print 29D0             __end_of_clcd_putch 27EC  
           __end_of_clcd_write 2850                     ?_init_clcd 0001                       __Hrparam 0000  
                     __Lrparam 0000      process_canbus_data@msg_id 0019                ___lwdiv@divisor 0003  
              ___lwdiv@counter 0007                       __ptext10 288A                       __ptext11 2A42  
                     __ptext12 27D4                       __ptext13 2B44                       __ptext14 2850  
                     __ptext15 2C66                       __ptext16 2816                       __ptext17 28C4  
__end_of_handle_indicator_data 2F1A                       _init_can 28C4           handle_gear_data@data 0005  
         handle_gear_data@gear 0007                   blink_delay@i 0001                       isa$xinst 0000  
                 ?_can_receive 0009                 _get_msg_id_std 2850                    _RXB0CONbits 0F60  
       handle_rpm_data@rpm_set 0015                    ??_init_clcd 0003              ??_handle_rpm_data 000F  
             ___lwmod@dividend 0008            _process_canbus_data 2BD4            handle_gear_data@len 0006  
    handle_indicator_data@data 0006         __end_of_get_msg_id_std 288A                   ?_blink_delay 0001  
              ___lwmod@divisor 000A           ?_process_canbus_data 0001                ___lwmod@counter 000C  
