

Microchip MPLAB XC8 Assembler V3.10 build 20250813170317 
                                                                                               Mon Dec  8 12:39:44 2025

Microchip MPLAB XC8 C Compiler v3.10 (Free license) build 20250813170317 Og1 
     1                           	processor	18F4580
     2                           	fnconf	rparam,??,?,0
     3                           	pagewidth 120
     4                           	opt	flic
     5                           	psect	idataCOMRAM,global,class=CODE,space=0,delta=1,noexec
     6                           	psect	cinit,global,reloc=2,class=CODE,space=0,delta=1
     7                           	psect	bssCOMRAM,global,class=COMRAM,space=1,delta=1,lowdata,noexec
     8                           	psect	dataCOMRAM,global,class=COMRAM,space=1,delta=1,lowdata,noexec
     9                           	psect	cstackCOMRAM,global,class=COMRAM,space=1,delta=1,lowdata,noexec
    10                           	psect	text0,global,reloc=2,class=CODE,space=0,delta=1
    11                           	psect	text1,global,reloc=2,class=CODE,space=0,delta=1
    12                           	psect	text2,global,reloc=2,class=CODE,space=0,delta=1
    13                           	psect	text3,global,reloc=2,class=CODE,space=0,delta=1
    14                           	psect	text4,global,reloc=2,class=CODE,space=0,delta=1,group=1
    15                           	psect	text5,global,reloc=2,class=CODE,space=0,delta=1,group=1
    16                           	psect	text6,global,reloc=2,class=CODE,space=0,delta=1,group=1
    17                           	psect	text7,global,reloc=2,class=CODE,space=0,delta=1
    18                           	psect	text8,global,reloc=2,class=CODE,space=0,delta=1
    19                           	psect	text9,global,reloc=2,class=CODE,space=0,delta=1
    20                           	psect	text10,global,reloc=2,class=CODE,space=0,delta=1
    21                           	psect	text11,global,reloc=2,class=CODE,space=0,delta=1
    22                           	psect	text12,global,reloc=2,class=CODE,space=0,delta=1
    23                           	psect	smallconst,global,reloc=2,class=SMALLCONST,space=0,delta=1,noexec
    24                           	psect	intsave_regs,global,class=BIGRAM,space=1,delta=1,noexec
    25                           	psect	rparam,global,class=COMRAM,space=1,delta=1,noexec
    26                           	psect	idloc,global,abs,ovrld,class=IDLOC,space=5,delta=1,noexec
    27                           	psect	config,global,abs,ovrld,class=CONFIG,space=4,delta=1,noexec
    28   000000                     
    29                           ; Version 2.40
    30                           ; Generated 17/11/2021 GMT
    31                           ; 
    32                           ; Copyright © 2021, Microchip Technology Inc. and its subsidiaries ("Microchip")
    33                           ; All rights reserved.
    34                           ; 
    35                           ; This software is developed by Microchip Technology Inc. and its subsidiaries ("Microch
      +                          ip").
    36                           ; 
    37                           ; Redistribution and use in source and binary forms, with or without modification, are
    38                           ; permitted provided that the following conditions are met:
    39                           ; 
    40                           ;     1. Redistributions of source code must retain the above copyright notice, this lis
      +                          t of
    41                           ;        conditions and the following disclaimer.
    42                           ; 
    43                           ;     2. Redistributions in binary form must reproduce the above copyright notice, this 
      +                          list
    44                           ;        of conditions and the following disclaimer in the documentation and/or other
    45                           ;        materials provided with the distribution. Publication is not required when
    46                           ;        this file is used in an embedded application.
    47                           ; 
    48                           ;     3. Microchip's name may not be used to endorse or promote products derived from th
      +                          is
    49                           ;        software without specific prior written permission.
    50                           ; 
    51                           ; THIS SOFTWARE IS PROVIDED BY MICROCHIP "AS IS" AND ANY EXPRESS OR IMPLIED WARRANTIES,
    52                           ; INCLUDING, BUT NOT LIMITED TO, THE IMPLIED WARRANTIES OF MERCHANTABILITY AND FITNESS F
      +                          OR
    53                           ; PURPOSE ARE DISCLAIMED.  IN NO EVENT SHALL MICROCHIP BE LIABLE FOR ANY DIRECT, INDIREC
      +                          T,
    54                           ; INCIDENTAL, SPECIAL, EXEMPLARY, OR CONSEQUENTIAL DAMAGES (INCLUDING BUT NOT LIMITED TO
    55                           ; PROCUREMENT OF SUBSTITUTE GOODS OR SERVICES; LOSS OF USE, DATA OR PROFITS; OR BUSINESS
    56                           ; INTERRUPTION) HOWSOEVER CAUSED AND ON ANY THEORY OF LIABILITY, WHETHER IN CONTRACT, ST
      +                          RICT
    57                           ; LIABILITY, OR TORT (INCLUDING NEGLIGENCE OR OTHERWISE) ARISING IN ANY WAY OUT OF THE U
      +                          SE OF
    58                           ; THIS SOFTWARE, EVEN IF ADVISED OF THE POSSIBILITY OF SUCH DAMAGE.
    59                           ; 
    60                           ; 
    61                           ; Code-generator required, PIC18F4580 Definitions
    62                           ; 
    63                           ; SFR Addresses
    64   000FE0                     bsr             equ	4064
    65   000FE9                     fsr0            equ	4073
    66   000FEA                     fsr0h           equ	4074
    67   000FE9                     fsr0l           equ	4073
    68   000FE1                     fsr1            equ	4065
    69   000FE2                     fsr1h           equ	4066
    70   000FE1                     fsr1l           equ	4065
    71   000FD9                     fsr2            equ	4057
    72   000FDA                     fsr2h           equ	4058
    73   000FD9                     fsr2l           equ	4057
    74   000FEF                     indf0           equ	4079
    75   000FE7                     indf1           equ	4071
    76   000FDF                     indf2           equ	4063
    77   000FF2                     intcon          equ	4082
    78   000000                     nvmcon          equ	0
    79   000FF9                     pcl             equ	4089
    80   000FFA                     pclath          equ	4090
    81   000FFB                     pclatu          equ	4091
    82   000FEB                     plusw0          equ	4075
    83   000FE3                     plusw1          equ	4067
    84   000FDB                     plusw2          equ	4059
    85   000FED                     postdec0        equ	4077
    86   000FE5                     postdec1        equ	4069
    87   000FDD                     postdec2        equ	4061
    88   000FEE                     postinc0        equ	4078
    89   000FE6                     postinc1        equ	4070
    90   000FDE                     postinc2        equ	4062
    91   000FEC                     preinc0         equ	4076
    92   000FE4                     preinc1         equ	4068
    93   000FDC                     preinc2         equ	4060
    94   000FF3                     prod            equ	4083
    95   000FF4                     prodh           equ	4084
    96   000FF3                     prodl           equ	4083
    97   000FD8                     status          equ	4056
    98   000FF5                     tablat          equ	4085
    99   000FF6                     tblptr          equ	4086
   100   000FF7                     tblptrh         equ	4087
   101   000FF6                     tblptrl         equ	4086
   102   000FF8                     tblptru         equ	4088
   103   000FFD                     tosl            equ	4093
   104   000FE8                     wreg            equ	4072
   105   000D60                     RXF6SIDH        equ	3424	;# 
   106   000D61                     RXF6SIDL        equ	3425	;# 
   107   000D62                     RXF6EIDH        equ	3426	;# 
   108   000D63                     RXF6EIDL        equ	3427	;# 
   109   000D64                     RXF7SIDH        equ	3428	;# 
   110   000D65                     RXF7SIDL        equ	3429	;# 
   111   000D66                     RXF7EIDH        equ	3430	;# 
   112   000D67                     RXF7EIDL        equ	3431	;# 
   113   000D68                     RXF8SIDH        equ	3432	;# 
   114   000D69                     RXF8SIDL        equ	3433	;# 
   115   000D6A                     RXF8EIDH        equ	3434	;# 
   116   000D6B                     RXF8EIDL        equ	3435	;# 
   117   000D70                     RXF9SIDH        equ	3440	;# 
   118   000D71                     RXF9SIDL        equ	3441	;# 
   119   000D72                     RXF9EIDH        equ	3442	;# 
   120   000D73                     RXF9EIDL        equ	3443	;# 
   121   000D74                     RXF10SIDH       equ	3444	;# 
   122   000D75                     RXF10SIDL       equ	3445	;# 
   123   000D76                     RXF10EIDH       equ	3446	;# 
   124   000D77                     RXF10EIDL       equ	3447	;# 
   125   000D78                     RXF11SIDH       equ	3448	;# 
   126   000D79                     RXF11SIDL       equ	3449	;# 
   127   000D7A                     RXF11EIDH       equ	3450	;# 
   128   000D7B                     RXF11EIDL       equ	3451	;# 
   129   000D80                     RXF12SIDH       equ	3456	;# 
   130   000D81                     RXF12SIDL       equ	3457	;# 
   131   000D82                     RXF12EIDH       equ	3458	;# 
   132   000D83                     RXF12EIDL       equ	3459	;# 
   133   000D84                     RXF13SIDH       equ	3460	;# 
   134   000D85                     RXF13SIDL       equ	3461	;# 
   135   000D86                     RXF13EIDH       equ	3462	;# 
   136   000D87                     RXF13EIDL       equ	3463	;# 
   137   000D88                     RXF14SIDH       equ	3464	;# 
   138   000D89                     RXF14SIDL       equ	3465	;# 
   139   000D8A                     RXF14EIDH       equ	3466	;# 
   140   000D8B                     RXF14EIDL       equ	3467	;# 
   141   000D90                     RXF15SIDH       equ	3472	;# 
   142   000D91                     RXF15SIDL       equ	3473	;# 
   143   000D92                     RXF15EIDH       equ	3474	;# 
   144   000D93                     RXF15EIDL       equ	3475	;# 
   145   000DD4                     RXFCON0         equ	3540	;# 
   146   000DD5                     RXFCON1         equ	3541	;# 
   147   000DD8                     SDFLC           equ	3544	;# 
   148   000DE0                     RXFBCON0        equ	3552	;# 
   149   000DE1                     RXFBCON1        equ	3553	;# 
   150   000DE2                     RXFBCON2        equ	3554	;# 
   151   000DE3                     RXFBCON3        equ	3555	;# 
   152   000DE4                     RXFBCON4        equ	3556	;# 
   153   000DE5                     RXFBCON5        equ	3557	;# 
   154   000DE6                     RXFBCON6        equ	3558	;# 
   155   000DE7                     RXFBCON7        equ	3559	;# 
   156   000DF0                     MSEL0           equ	3568	;# 
   157   000DF1                     MSEL1           equ	3569	;# 
   158   000DF2                     MSEL2           equ	3570	;# 
   159   000DF3                     MSEL3           equ	3571	;# 
   160   000DF8                     BSEL0           equ	3576	;# 
   161   000DFA                     BIE0            equ	3578	;# 
   162   000DFC                     TXBIE           equ	3580	;# 
   163   000E20                     B0CON           equ	3616	;# 
   164   000E21                     B0SIDH          equ	3617	;# 
   165   000E22                     B0SIDL          equ	3618	;# 
   166   000E23                     B0EIDH          equ	3619	;# 
   167   000E24                     B0EIDL          equ	3620	;# 
   168   000E25                     B0DLC           equ	3621	;# 
   169   000E26                     B0D0            equ	3622	;# 
   170   000E27                     B0D1            equ	3623	;# 
   171   000E28                     B0D2            equ	3624	;# 
   172   000E29                     B0D3            equ	3625	;# 
   173   000E2A                     B0D4            equ	3626	;# 
   174   000E2B                     B0D5            equ	3627	;# 
   175   000E2C                     B0D6            equ	3628	;# 
   176   000E2D                     B0D7            equ	3629	;# 
   177   000E2E                     CANSTAT_RO9     equ	3630	;# 
   178   000E2F                     CANCON_RO9      equ	3631	;# 
   179   000E30                     B1CON           equ	3632	;# 
   180   000E31                     B1SIDH          equ	3633	;# 
   181   000E32                     B1SIDL          equ	3634	;# 
   182   000E33                     B1EIDH          equ	3635	;# 
   183   000E34                     B1EIDL          equ	3636	;# 
   184   000E35                     B1DLC           equ	3637	;# 
   185   000E36                     B1D0            equ	3638	;# 
   186   000E37                     B1D1            equ	3639	;# 
   187   000E38                     B1D2            equ	3640	;# 
   188   000E39                     B1D3            equ	3641	;# 
   189   000E3A                     B1D4            equ	3642	;# 
   190   000E3B                     B1D5            equ	3643	;# 
   191   000E3C                     B1D6            equ	3644	;# 
   192   000E3D                     B1D7            equ	3645	;# 
   193   000E3E                     CANSTAT_RO8     equ	3646	;# 
   194   000E3F                     CANCON_RO8      equ	3647	;# 
   195   000E40                     B2CON           equ	3648	;# 
   196   000E41                     B2SIDH          equ	3649	;# 
   197   000E42                     B2SIDL          equ	3650	;# 
   198   000E43                     B2EIDH          equ	3651	;# 
   199   000E44                     B2EIDL          equ	3652	;# 
   200   000E45                     B2DLC           equ	3653	;# 
   201   000E46                     B2D0            equ	3654	;# 
   202   000E47                     B2D1            equ	3655	;# 
   203   000E48                     B2D2            equ	3656	;# 
   204   000E49                     B2D3            equ	3657	;# 
   205   000E4A                     B2D4            equ	3658	;# 
   206   000E4B                     B2D5            equ	3659	;# 
   207   000E4C                     B2D6            equ	3660	;# 
   208   000E4D                     B2D7            equ	3661	;# 
   209   000E4E                     CANSTAT_RO7     equ	3662	;# 
   210   000E4F                     CANCON_RO7      equ	3663	;# 
   211   000E50                     B3CON           equ	3664	;# 
   212   000E51                     B3SIDH          equ	3665	;# 
   213   000E52                     B3SIDL          equ	3666	;# 
   214   000E53                     B3EIDH          equ	3667	;# 
   215   000E54                     B3EIDL          equ	3668	;# 
   216   000E55                     B3DLC           equ	3669	;# 
   217   000E56                     B3D0            equ	3670	;# 
   218   000E57                     B3D1            equ	3671	;# 
   219   000E58                     B3D2            equ	3672	;# 
   220   000E59                     B3D3            equ	3673	;# 
   221   000E5A                     B3D4            equ	3674	;# 
   222   000E5B                     B3D5            equ	3675	;# 
   223   000E5C                     B3D6            equ	3676	;# 
   224   000E5D                     B3D7            equ	3677	;# 
   225   000E5E                     CANSTAT_RO6     equ	3678	;# 
   226   000E5F                     CANCON_RO6      equ	3679	;# 
   227   000E60                     B4CON           equ	3680	;# 
   228   000E61                     B4SIDH          equ	3681	;# 
   229   000E62                     B4SIDL          equ	3682	;# 
   230   000E63                     B4EIDH          equ	3683	;# 
   231   000E64                     B4EIDL          equ	3684	;# 
   232   000E65                     B4DLC           equ	3685	;# 
   233   000E66                     B4D0            equ	3686	;# 
   234   000E67                     B4D1            equ	3687	;# 
   235   000E68                     B4D2            equ	3688	;# 
   236   000E69                     B4D3            equ	3689	;# 
   237   000E6A                     B4D4            equ	3690	;# 
   238   000E6B                     B4D5            equ	3691	;# 
   239   000E6C                     B4D6            equ	3692	;# 
   240   000E6D                     B4D7            equ	3693	;# 
   241   000E6E                     CANSTAT_RO5     equ	3694	;# 
   242   000E6F                     CANCON_RO5      equ	3695	;# 
   243   000E70                     B5CON           equ	3696	;# 
   244   000E71                     B5SIDH          equ	3697	;# 
   245   000E72                     B5SIDL          equ	3698	;# 
   246   000E73                     B5EIDH          equ	3699	;# 
   247   000E74                     B5EIDL          equ	3700	;# 
   248   000E75                     B5DLC           equ	3701	;# 
   249   000E76                     B5D0            equ	3702	;# 
   250   000E77                     B5D1            equ	3703	;# 
   251   000E78                     B5D2            equ	3704	;# 
   252   000E79                     B5D3            equ	3705	;# 
   253   000E7A                     B5D4            equ	3706	;# 
   254   000E7B                     B5D5            equ	3707	;# 
   255   000E7C                     B5D6            equ	3708	;# 
   256   000E7D                     B5D7            equ	3709	;# 
   257   000E7E                     CANSTAT_RO4     equ	3710	;# 
   258   000E7F                     CANCON_RO4      equ	3711	;# 
   259   000F00                     RXF0SIDH        equ	3840	;# 
   260   000F01                     RXF0SIDL        equ	3841	;# 
   261   000F02                     RXF0EIDH        equ	3842	;# 
   262   000F03                     RXF0EIDL        equ	3843	;# 
   263   000F04                     RXF1SIDH        equ	3844	;# 
   264   000F05                     RXF1SIDL        equ	3845	;# 
   265   000F06                     RXF1EIDH        equ	3846	;# 
   266   000F07                     RXF1EIDL        equ	3847	;# 
   267   000F08                     RXF2SIDH        equ	3848	;# 
   268   000F09                     RXF2SIDL        equ	3849	;# 
   269   000F0A                     RXF2EIDH        equ	3850	;# 
   270   000F0B                     RXF2EIDL        equ	3851	;# 
   271   000F0C                     RXF3SIDH        equ	3852	;# 
   272   000F0D                     RXF3SIDL        equ	3853	;# 
   273   000F0E                     RXF3EIDH        equ	3854	;# 
   274   000F0F                     RXF3EIDL        equ	3855	;# 
   275   000F10                     RXF4SIDH        equ	3856	;# 
   276   000F11                     RXF4SIDL        equ	3857	;# 
   277   000F12                     RXF4EIDH        equ	3858	;# 
   278   000F13                     RXF4EIDL        equ	3859	;# 
   279   000F14                     RXF5SIDH        equ	3860	;# 
   280   000F15                     RXF5SIDL        equ	3861	;# 
   281   000F16                     RXF5EIDH        equ	3862	;# 
   282   000F17                     RXF5EIDL        equ	3863	;# 
   283   000F18                     RXM0SIDH        equ	3864	;# 
   284   000F19                     RXM0SIDL        equ	3865	;# 
   285   000F1A                     RXM0EIDH        equ	3866	;# 
   286   000F1B                     RXM0EIDL        equ	3867	;# 
   287   000F1C                     RXM1SIDH        equ	3868	;# 
   288   000F1D                     RXM1SIDL        equ	3869	;# 
   289   000F1E                     RXM1EIDH        equ	3870	;# 
   290   000F1F                     RXM1EIDL        equ	3871	;# 
   291   000F20                     TXB2CON         equ	3872	;# 
   292   000F21                     TXB2SIDH        equ	3873	;# 
   293   000F22                     TXB2SIDL        equ	3874	;# 
   294   000F23                     TXB2EIDH        equ	3875	;# 
   295   000F24                     TXB2EIDL        equ	3876	;# 
   296   000F25                     TXB2DLC         equ	3877	;# 
   297   000F26                     TXB2D0          equ	3878	;# 
   298   000F27                     TXB2D1          equ	3879	;# 
   299   000F28                     TXB2D2          equ	3880	;# 
   300   000F29                     TXB2D3          equ	3881	;# 
   301   000F2A                     TXB2D4          equ	3882	;# 
   302   000F2B                     TXB2D5          equ	3883	;# 
   303   000F2C                     TXB2D6          equ	3884	;# 
   304   000F2D                     TXB2D7          equ	3885	;# 
   305   000F2E                     CANSTAT_RO3     equ	3886	;# 
   306   000F2F                     CANCON_RO3      equ	3887	;# 
   307   000F30                     TXB1CON         equ	3888	;# 
   308   000F31                     TXB1SIDH        equ	3889	;# 
   309   000F32                     TXB1SIDL        equ	3890	;# 
   310   000F33                     TXB1EIDH        equ	3891	;# 
   311   000F34                     TXB1EIDL        equ	3892	;# 
   312   000F35                     TXB1DLC         equ	3893	;# 
   313   000F36                     TXB1D0          equ	3894	;# 
   314   000F37                     TXB1D1          equ	3895	;# 
   315   000F38                     TXB1D2          equ	3896	;# 
   316   000F39                     TXB1D3          equ	3897	;# 
   317   000F3A                     TXB1D4          equ	3898	;# 
   318   000F3B                     TXB1D5          equ	3899	;# 
   319   000F3C                     TXB1D6          equ	3900	;# 
   320   000F3D                     TXB1D7          equ	3901	;# 
   321   000F3E                     CANSTAT_RO2     equ	3902	;# 
   322   000F3F                     CANCON_RO2      equ	3903	;# 
   323   000F40                     TXB0CON         equ	3904	;# 
   324   000F41                     TXB0SIDH        equ	3905	;# 
   325   000F42                     TXB0SIDL        equ	3906	;# 
   326   000F43                     TXB0EIDH        equ	3907	;# 
   327   000F44                     TXB0EIDL        equ	3908	;# 
   328   000F45                     TXB0DLC         equ	3909	;# 
   329   000F46                     TXB0D0          equ	3910	;# 
   330   000F47                     TXB0D1          equ	3911	;# 
   331   000F48                     TXB0D2          equ	3912	;# 
   332   000F49                     TXB0D3          equ	3913	;# 
   333   000F4A                     TXB0D4          equ	3914	;# 
   334   000F4B                     TXB0D5          equ	3915	;# 
   335   000F4C                     TXB0D6          equ	3916	;# 
   336   000F4D                     TXB0D7          equ	3917	;# 
   337   000F4E                     CANSTAT_RO1     equ	3918	;# 
   338   000F4F                     CANCON_RO1      equ	3919	;# 
   339   000F50                     RXB1CON         equ	3920	;# 
   340   000F51                     RXB1SIDH        equ	3921	;# 
   341   000F52                     RXB1SIDL        equ	3922	;# 
   342   000F53                     RXB1EIDH        equ	3923	;# 
   343   000F54                     RXB1EIDL        equ	3924	;# 
   344   000F55                     RXB1DLC         equ	3925	;# 
   345   000F56                     RXB1D0          equ	3926	;# 
   346   000F57                     RXB1D1          equ	3927	;# 
   347   000F58                     RXB1D2          equ	3928	;# 
   348   000F59                     RXB1D3          equ	3929	;# 
   349   000F5A                     RXB1D4          equ	3930	;# 
   350   000F5B                     RXB1D5          equ	3931	;# 
   351   000F5C                     RXB1D6          equ	3932	;# 
   352   000F5D                     RXB1D7          equ	3933	;# 
   353   000F5E                     CANSTAT_RO0     equ	3934	;# 
   354   000F5F                     CANCON_RO0      equ	3935	;# 
   355   000F60                     RXB0CON         equ	3936	;# 
   356   000F61                     RXB0SIDH        equ	3937	;# 
   357   000F62                     RXB0SIDL        equ	3938	;# 
   358   000F63                     RXB0EIDH        equ	3939	;# 
   359   000F64                     RXB0EIDL        equ	3940	;# 
   360   000F65                     RXB0DLC         equ	3941	;# 
   361   000F66                     RXB0D0          equ	3942	;# 
   362   000F67                     RXB0D1          equ	3943	;# 
   363   000F68                     RXB0D2          equ	3944	;# 
   364   000F69                     RXB0D3          equ	3945	;# 
   365   000F6A                     RXB0D4          equ	3946	;# 
   366   000F6B                     RXB0D5          equ	3947	;# 
   367   000F6C                     RXB0D6          equ	3948	;# 
   368   000F6D                     RXB0D7          equ	3949	;# 
   369   000F6E                     CANSTAT         equ	3950	;# 
   370   000F6F                     CANCON          equ	3951	;# 
   371   000F70                     BRGCON1         equ	3952	;# 
   372   000F71                     BRGCON2         equ	3953	;# 
   373   000F72                     BRGCON3         equ	3954	;# 
   374   000F73                     CIOCON          equ	3955	;# 
   375   000F74                     COMSTAT         equ	3956	;# 
   376   000F75                     RXERRCNT        equ	3957	;# 
   377   000F76                     TXERRCNT        equ	3958	;# 
   378   000F77                     ECANCON         equ	3959	;# 
   379   000F80                     PORTA           equ	3968	;# 
   380   000F81                     PORTB           equ	3969	;# 
   381   000F82                     PORTC           equ	3970	;# 
   382   000F83                     PORTD           equ	3971	;# 
   383   000F84                     PORTE           equ	3972	;# 
   384   000F89                     LATA            equ	3977	;# 
   385   000F8A                     LATB            equ	3978	;# 
   386   000F8B                     LATC            equ	3979	;# 
   387   000F8C                     LATD            equ	3980	;# 
   388   000F8D                     LATE            equ	3981	;# 
   389   000F92                     TRISA           equ	3986	;# 
   390   000F92                     DDRA            equ	3986	;# 
   391   000F93                     TRISB           equ	3987	;# 
   392   000F93                     DDRB            equ	3987	;# 
   393   000F94                     TRISC           equ	3988	;# 
   394   000F94                     DDRC            equ	3988	;# 
   395   000F95                     TRISD           equ	3989	;# 
   396   000F95                     DDRD            equ	3989	;# 
   397   000F96                     TRISE           equ	3990	;# 
   398   000F96                     DDRE            equ	3990	;# 
   399   000F9B                     OSCTUNE         equ	3995	;# 
   400   000F9D                     PIE1            equ	3997	;# 
   401   000F9E                     PIR1            equ	3998	;# 
   402   000F9F                     IPR1            equ	3999	;# 
   403   000FA0                     PIE2            equ	4000	;# 
   404   000FA1                     PIR2            equ	4001	;# 
   405   000FA2                     IPR2            equ	4002	;# 
   406   000FA3                     PIE3            equ	4003	;# 
   407   000FA4                     PIR3            equ	4004	;# 
   408   000FA5                     IPR3            equ	4005	;# 
   409   000FA6                     EECON1          equ	4006	;# 
   410   000FA7                     EECON2          equ	4007	;# 
   411   000FA8                     EEDATA          equ	4008	;# 
   412   000FA9                     EEADR           equ	4009	;# 
   413   000FAB                     RCSTA           equ	4011	;# 
   414   000FAB                     RCSTA1          equ	4011	;# 
   415   000FAC                     TXSTA           equ	4012	;# 
   416   000FAC                     TXSTA1          equ	4012	;# 
   417   000FAD                     TXREG           equ	4013	;# 
   418   000FAD                     TXREG1          equ	4013	;# 
   419   000FAE                     RCREG           equ	4014	;# 
   420   000FAE                     RCREG1          equ	4014	;# 
   421   000FAF                     SPBRG           equ	4015	;# 
   422   000FAF                     SPBRG1          equ	4015	;# 
   423   000FB0                     SPBRGH          equ	4016	;# 
   424   000FB1                     T3CON           equ	4017	;# 
   425   000FB2                     TMR3            equ	4018	;# 
   426   000FB2                     TMR3L           equ	4018	;# 
   427   000FB3                     TMR3H           equ	4019	;# 
   428   000FB4                     CMCON           equ	4020	;# 
   429   000FB5                     CVRCON          equ	4021	;# 
   430   000FB6                     ECCP1AS         equ	4022	;# 
   431   000FB7                     ECCP1DEL        equ	4023	;# 
   432   000FB8                     BAUDCON         equ	4024	;# 
   433   000FB8                     BAUDCTL         equ	4024	;# 
   434   000FBA                     ECCP1CON        equ	4026	;# 
   435   000FBB                     ECCPR1          equ	4027	;# 
   436   000FBB                     ECCPR1L         equ	4027	;# 
   437   000FBC                     ECCPR1H         equ	4028	;# 
   438   000FBD                     CCP1CON         equ	4029	;# 
   439   000FBE                     CCPR1           equ	4030	;# 
   440   000FBE                     CCPR1L          equ	4030	;# 
   441   000FBF                     CCPR1H          equ	4031	;# 
   442   000FC0                     ADCON2          equ	4032	;# 
   443   000FC1                     ADCON1          equ	4033	;# 
   444   000FC2                     ADCON0          equ	4034	;# 
   445   000FC3                     ADRES           equ	4035	;# 
   446   000FC3                     ADRESL          equ	4035	;# 
   447   000FC4                     ADRESH          equ	4036	;# 
   448   000FC5                     SSPCON2         equ	4037	;# 
   449   000FC6                     SSPCON1         equ	4038	;# 
   450   000FC7                     SSPSTAT         equ	4039	;# 
   451   000FC8                     SSPADD          equ	4040	;# 
   452   000FC9                     SSPBUF          equ	4041	;# 
   453   000FCA                     T2CON           equ	4042	;# 
   454   000FCB                     PR2             equ	4043	;# 
   455   000FCB                     MEMCON          equ	4043	;# 
   456   000FCC                     TMR2            equ	4044	;# 
   457   000FCD                     T1CON           equ	4045	;# 
   458   000FCE                     TMR1            equ	4046	;# 
   459   000FCE                     TMR1L           equ	4046	;# 
   460   000FCF                     TMR1H           equ	4047	;# 
   461   000FD0                     RCON            equ	4048	;# 
   462   000FD1                     WDTCON          equ	4049	;# 
   463   000FD2                     HLVDCON         equ	4050	;# 
   464   000FD2                     LVDCON          equ	4050	;# 
   465   000FD3                     OSCCON          equ	4051	;# 
   466   000FD5                     T0CON           equ	4053	;# 
   467   000FD6                     TMR0            equ	4054	;# 
   468   000FD6                     TMR0L           equ	4054	;# 
   469   000FD7                     TMR0H           equ	4055	;# 
   470   000FD8                     STATUS          equ	4056	;# 
   471   000FD9                     FSR2            equ	4057	;# 
   472   000FD9                     FSR2L           equ	4057	;# 
   473   000FDA                     FSR2H           equ	4058	;# 
   474   000FDB                     PLUSW2          equ	4059	;# 
   475   000FDC                     PREINC2         equ	4060	;# 
   476   000FDD                     POSTDEC2        equ	4061	;# 
   477   000FDE                     POSTINC2        equ	4062	;# 
   478   000FDF                     INDF2           equ	4063	;# 
   479   000FE0                     BSR             equ	4064	;# 
   480   000FE1                     FSR1            equ	4065	;# 
   481   000FE1                     FSR1L           equ	4065	;# 
   482   000FE2                     FSR1H           equ	4066	;# 
   483   000FE3                     PLUSW1          equ	4067	;# 
   484   000FE4                     PREINC1         equ	4068	;# 
   485   000FE5                     POSTDEC1        equ	4069	;# 
   486   000FE6                     POSTINC1        equ	4070	;# 
   487   000FE7                     INDF1           equ	4071	;# 
   488   000FE8                     WREG            equ	4072	;# 
   489   000FE9                     FSR0            equ	4073	;# 
   490   000FE9                     FSR0L           equ	4073	;# 
   491   000FEA                     FSR0H           equ	4074	;# 
   492   000FEB                     PLUSW0          equ	4075	;# 
   493   000FEC                     PREINC0         equ	4076	;# 
   494   000FED                     POSTDEC0        equ	4077	;# 
   495   000FEE                     POSTINC0        equ	4078	;# 
   496   000FEF                     INDF0           equ	4079	;# 
   497   000FF0                     INTCON3         equ	4080	;# 
   498   000FF1                     INTCON2         equ	4081	;# 
   499   000FF2                     INTCON          equ	4082	;# 
   500   000FF3                     PROD            equ	4083	;# 
   501   000FF3                     PRODL           equ	4083	;# 
   502   000FF4                     PRODH           equ	4084	;# 
   503   000FF5                     TABLAT          equ	4085	;# 
   504   000FF6                     TBLPTR          equ	4086	;# 
   505   000FF6                     TBLPTRL         equ	4086	;# 
   506   000FF7                     TBLPTRH         equ	4087	;# 
   507   000FF8                     TBLPTRU         equ	4088	;# 
   508   000FF9                     PCLAT           equ	4089	;# 
   509   000FF9                     PC              equ	4089	;# 
   510   000FF9                     PCL             equ	4089	;# 
   511   000FFA                     PCLATH          equ	4090	;# 
   512   000FFB                     PCLATU          equ	4091	;# 
   513   000FFC                     STKPTR          equ	4092	;# 
   514   000FFD                     TOS             equ	4093	;# 
   515   000FFD                     TOSL            equ	4093	;# 
   516   000FFE                     TOSH            equ	4094	;# 
   517   000FFF                     TOSU            equ	4095	;# 
   518   000D60                     RXF6SIDH        equ	3424	;# 
   519   000D61                     RXF6SIDL        equ	3425	;# 
   520   000D62                     RXF6EIDH        equ	3426	;# 
   521   000D63                     RXF6EIDL        equ	3427	;# 
   522   000D64                     RXF7SIDH        equ	3428	;# 
   523   000D65                     RXF7SIDL        equ	3429	;# 
   524   000D66                     RXF7EIDH        equ	3430	;# 
   525   000D67                     RXF7EIDL        equ	3431	;# 
   526   000D68                     RXF8SIDH        equ	3432	;# 
   527   000D69                     RXF8SIDL        equ	3433	;# 
   528   000D6A                     RXF8EIDH        equ	3434	;# 
   529   000D6B                     RXF8EIDL        equ	3435	;# 
   530   000D70                     RXF9SIDH        equ	3440	;# 
   531   000D71                     RXF9SIDL        equ	3441	;# 
   532   000D72                     RXF9EIDH        equ	3442	;# 
   533   000D73                     RXF9EIDL        equ	3443	;# 
   534   000D74                     RXF10SIDH       equ	3444	;# 
   535   000D75                     RXF10SIDL       equ	3445	;# 
   536   000D76                     RXF10EIDH       equ	3446	;# 
   537   000D77                     RXF10EIDL       equ	3447	;# 
   538   000D78                     RXF11SIDH       equ	3448	;# 
   539   000D79                     RXF11SIDL       equ	3449	;# 
   540   000D7A                     RXF11EIDH       equ	3450	;# 
   541   000D7B                     RXF11EIDL       equ	3451	;# 
   542   000D80                     RXF12SIDH       equ	3456	;# 
   543   000D81                     RXF12SIDL       equ	3457	;# 
   544   000D82                     RXF12EIDH       equ	3458	;# 
   545   000D83                     RXF12EIDL       equ	3459	;# 
   546   000D84                     RXF13SIDH       equ	3460	;# 
   547   000D85                     RXF13SIDL       equ	3461	;# 
   548   000D86                     RXF13EIDH       equ	3462	;# 
   549   000D87                     RXF13EIDL       equ	3463	;# 
   550   000D88                     RXF14SIDH       equ	3464	;# 
   551   000D89                     RXF14SIDL       equ	3465	;# 
   552   000D8A                     RXF14EIDH       equ	3466	;# 
   553   000D8B                     RXF14EIDL       equ	3467	;# 
   554   000D90                     RXF15SIDH       equ	3472	;# 
   555   000D91                     RXF15SIDL       equ	3473	;# 
   556   000D92                     RXF15EIDH       equ	3474	;# 
   557   000D93                     RXF15EIDL       equ	3475	;# 
   558   000DD4                     RXFCON0         equ	3540	;# 
   559   000DD5                     RXFCON1         equ	3541	;# 
   560   000DD8                     SDFLC           equ	3544	;# 
   561   000DE0                     RXFBCON0        equ	3552	;# 
   562   000DE1                     RXFBCON1        equ	3553	;# 
   563   000DE2                     RXFBCON2        equ	3554	;# 
   564   000DE3                     RXFBCON3        equ	3555	;# 
   565   000DE4                     RXFBCON4        equ	3556	;# 
   566   000DE5                     RXFBCON5        equ	3557	;# 
   567   000DE6                     RXFBCON6        equ	3558	;# 
   568   000DE7                     RXFBCON7        equ	3559	;# 
   569   000DF0                     MSEL0           equ	3568	;# 
   570   000DF1                     MSEL1           equ	3569	;# 
   571   000DF2                     MSEL2           equ	3570	;# 
   572   000DF3                     MSEL3           equ	3571	;# 
   573   000DF8                     BSEL0           equ	3576	;# 
   574   000DFA                     BIE0            equ	3578	;# 
   575   000DFC                     TXBIE           equ	3580	;# 
   576   000E20                     B0CON           equ	3616	;# 
   577   000E21                     B0SIDH          equ	3617	;# 
   578   000E22                     B0SIDL          equ	3618	;# 
   579   000E23                     B0EIDH          equ	3619	;# 
   580   000E24                     B0EIDL          equ	3620	;# 
   581   000E25                     B0DLC           equ	3621	;# 
   582   000E26                     B0D0            equ	3622	;# 
   583   000E27                     B0D1            equ	3623	;# 
   584   000E28                     B0D2            equ	3624	;# 
   585   000E29                     B0D3            equ	3625	;# 
   586   000E2A                     B0D4            equ	3626	;# 
   587   000E2B                     B0D5            equ	3627	;# 
   588   000E2C                     B0D6            equ	3628	;# 
   589   000E2D                     B0D7            equ	3629	;# 
   590   000E2E                     CANSTAT_RO9     equ	3630	;# 
   591   000E2F                     CANCON_RO9      equ	3631	;# 
   592   000E30                     B1CON           equ	3632	;# 
   593   000E31                     B1SIDH          equ	3633	;# 
   594   000E32                     B1SIDL          equ	3634	;# 
   595   000E33                     B1EIDH          equ	3635	;# 
   596   000E34                     B1EIDL          equ	3636	;# 
   597   000E35                     B1DLC           equ	3637	;# 
   598   000E36                     B1D0            equ	3638	;# 
   599   000E37                     B1D1            equ	3639	;# 
   600   000E38                     B1D2            equ	3640	;# 
   601   000E39                     B1D3            equ	3641	;# 
   602   000E3A                     B1D4            equ	3642	;# 
   603   000E3B                     B1D5            equ	3643	;# 
   604   000E3C                     B1D6            equ	3644	;# 
   605   000E3D                     B1D7            equ	3645	;# 
   606   000E3E                     CANSTAT_RO8     equ	3646	;# 
   607   000E3F                     CANCON_RO8      equ	3647	;# 
   608   000E40                     B2CON           equ	3648	;# 
   609   000E41                     B2SIDH          equ	3649	;# 
   610   000E42                     B2SIDL          equ	3650	;# 
   611   000E43                     B2EIDH          equ	3651	;# 
   612   000E44                     B2EIDL          equ	3652	;# 
   613   000E45                     B2DLC           equ	3653	;# 
   614   000E46                     B2D0            equ	3654	;# 
   615   000E47                     B2D1            equ	3655	;# 
   616   000E48                     B2D2            equ	3656	;# 
   617   000E49                     B2D3            equ	3657	;# 
   618   000E4A                     B2D4            equ	3658	;# 
   619   000E4B                     B2D5            equ	3659	;# 
   620   000E4C                     B2D6            equ	3660	;# 
   621   000E4D                     B2D7            equ	3661	;# 
   622   000E4E                     CANSTAT_RO7     equ	3662	;# 
   623   000E4F                     CANCON_RO7      equ	3663	;# 
   624   000E50                     B3CON           equ	3664	;# 
   625   000E51                     B3SIDH          equ	3665	;# 
   626   000E52                     B3SIDL          equ	3666	;# 
   627   000E53                     B3EIDH          equ	3667	;# 
   628   000E54                     B3EIDL          equ	3668	;# 
   629   000E55                     B3DLC           equ	3669	;# 
   630   000E56                     B3D0            equ	3670	;# 
   631   000E57                     B3D1            equ	3671	;# 
   632   000E58                     B3D2            equ	3672	;# 
   633   000E59                     B3D3            equ	3673	;# 
   634   000E5A                     B3D4            equ	3674	;# 
   635   000E5B                     B3D5            equ	3675	;# 
   636   000E5C                     B3D6            equ	3676	;# 
   637   000E5D                     B3D7            equ	3677	;# 
   638   000E5E                     CANSTAT_RO6     equ	3678	;# 
   639   000E5F                     CANCON_RO6      equ	3679	;# 
   640   000E60                     B4CON           equ	3680	;# 
   641   000E61                     B4SIDH          equ	3681	;# 
   642   000E62                     B4SIDL          equ	3682	;# 
   643   000E63                     B4EIDH          equ	3683	;# 
   644   000E64                     B4EIDL          equ	3684	;# 
   645   000E65                     B4DLC           equ	3685	;# 
   646   000E66                     B4D0            equ	3686	;# 
   647   000E67                     B4D1            equ	3687	;# 
   648   000E68                     B4D2            equ	3688	;# 
   649   000E69                     B4D3            equ	3689	;# 
   650   000E6A                     B4D4            equ	3690	;# 
   651   000E6B                     B4D5            equ	3691	;# 
   652   000E6C                     B4D6            equ	3692	;# 
   653   000E6D                     B4D7            equ	3693	;# 
   654   000E6E                     CANSTAT_RO5     equ	3694	;# 
   655   000E6F                     CANCON_RO5      equ	3695	;# 
   656   000E70                     B5CON           equ	3696	;# 
   657   000E71                     B5SIDH          equ	3697	;# 
   658   000E72                     B5SIDL          equ	3698	;# 
   659   000E73                     B5EIDH          equ	3699	;# 
   660   000E74                     B5EIDL          equ	3700	;# 
   661   000E75                     B5DLC           equ	3701	;# 
   662   000E76                     B5D0            equ	3702	;# 
   663   000E77                     B5D1            equ	3703	;# 
   664   000E78                     B5D2            equ	3704	;# 
   665   000E79                     B5D3            equ	3705	;# 
   666   000E7A                     B5D4            equ	3706	;# 
   667   000E7B                     B5D5            equ	3707	;# 
   668   000E7C                     B5D6            equ	3708	;# 
   669   000E7D                     B5D7            equ	3709	;# 
   670   000E7E                     CANSTAT_RO4     equ	3710	;# 
   671   000E7F                     CANCON_RO4      equ	3711	;# 
   672   000F00                     RXF0SIDH        equ	3840	;# 
   673   000F01                     RXF0SIDL        equ	3841	;# 
   674   000F02                     RXF0EIDH        equ	3842	;# 
   675   000F03                     RXF0EIDL        equ	3843	;# 
   676   000F04                     RXF1SIDH        equ	3844	;# 
   677   000F05                     RXF1SIDL        equ	3845	;# 
   678   000F06                     RXF1EIDH        equ	3846	;# 
   679   000F07                     RXF1EIDL        equ	3847	;# 
   680   000F08                     RXF2SIDH        equ	3848	;# 
   681   000F09                     RXF2SIDL        equ	3849	;# 
   682   000F0A                     RXF2EIDH        equ	3850	;# 
   683   000F0B                     RXF2EIDL        equ	3851	;# 
   684   000F0C                     RXF3SIDH        equ	3852	;# 
   685   000F0D                     RXF3SIDL        equ	3853	;# 
   686   000F0E                     RXF3EIDH        equ	3854	;# 
   687   000F0F                     RXF3EIDL        equ	3855	;# 
   688   000F10                     RXF4SIDH        equ	3856	;# 
   689   000F11                     RXF4SIDL        equ	3857	;# 
   690   000F12                     RXF4EIDH        equ	3858	;# 
   691   000F13                     RXF4EIDL        equ	3859	;# 
   692   000F14                     RXF5SIDH        equ	3860	;# 
   693   000F15                     RXF5SIDL        equ	3861	;# 
   694   000F16                     RXF5EIDH        equ	3862	;# 
   695   000F17                     RXF5EIDL        equ	3863	;# 
   696   000F18                     RXM0SIDH        equ	3864	;# 
   697   000F19                     RXM0SIDL        equ	3865	;# 
   698   000F1A                     RXM0EIDH        equ	3866	;# 
   699   000F1B                     RXM0EIDL        equ	3867	;# 
   700   000F1C                     RXM1SIDH        equ	3868	;# 
   701   000F1D                     RXM1SIDL        equ	3869	;# 
   702   000F1E                     RXM1EIDH        equ	3870	;# 
   703   000F1F                     RXM1EIDL        equ	3871	;# 
   704   000F20                     TXB2CON         equ	3872	;# 
   705   000F21                     TXB2SIDH        equ	3873	;# 
   706   000F22                     TXB2SIDL        equ	3874	;# 
   707   000F23                     TXB2EIDH        equ	3875	;# 
   708   000F24                     TXB2EIDL        equ	3876	;# 
   709   000F25                     TXB2DLC         equ	3877	;# 
   710   000F26                     TXB2D0          equ	3878	;# 
   711   000F27                     TXB2D1          equ	3879	;# 
   712   000F28                     TXB2D2          equ	3880	;# 
   713   000F29                     TXB2D3          equ	3881	;# 
   714   000F2A                     TXB2D4          equ	3882	;# 
   715   000F2B                     TXB2D5          equ	3883	;# 
   716   000F2C                     TXB2D6          equ	3884	;# 
   717   000F2D                     TXB2D7          equ	3885	;# 
   718   000F2E                     CANSTAT_RO3     equ	3886	;# 
   719   000F2F                     CANCON_RO3      equ	3887	;# 
   720   000F30                     TXB1CON         equ	3888	;# 
   721   000F31                     TXB1SIDH        equ	3889	;# 
   722   000F32                     TXB1SIDL        equ	3890	;# 
   723   000F33                     TXB1EIDH        equ	3891	;# 
   724   000F34                     TXB1EIDL        equ	3892	;# 
   725   000F35                     TXB1DLC         equ	3893	;# 
   726   000F36                     TXB1D0          equ	3894	;# 
   727   000F37                     TXB1D1          equ	3895	;# 
   728   000F38                     TXB1D2          equ	3896	;# 
   729   000F39                     TXB1D3          equ	3897	;# 
   730   000F3A                     TXB1D4          equ	3898	;# 
   731   000F3B                     TXB1D5          equ	3899	;# 
   732   000F3C                     TXB1D6          equ	3900	;# 
   733   000F3D                     TXB1D7          equ	3901	;# 
   734   000F3E                     CANSTAT_RO2     equ	3902	;# 
   735   000F3F                     CANCON_RO2      equ	3903	;# 
   736   000F40                     TXB0CON         equ	3904	;# 
   737   000F41                     TXB0SIDH        equ	3905	;# 
   738   000F42                     TXB0SIDL        equ	3906	;# 
   739   000F43                     TXB0EIDH        equ	3907	;# 
   740   000F44                     TXB0EIDL        equ	3908	;# 
   741   000F45                     TXB0DLC         equ	3909	;# 
   742   000F46                     TXB0D0          equ	3910	;# 
   743   000F47                     TXB0D1          equ	3911	;# 
   744   000F48                     TXB0D2          equ	3912	;# 
   745   000F49                     TXB0D3          equ	3913	;# 
   746   000F4A                     TXB0D4          equ	3914	;# 
   747   000F4B                     TXB0D5          equ	3915	;# 
   748   000F4C                     TXB0D6          equ	3916	;# 
   749   000F4D                     TXB0D7          equ	3917	;# 
   750   000F4E                     CANSTAT_RO1     equ	3918	;# 
   751   000F4F                     CANCON_RO1      equ	3919	;# 
   752   000F50                     RXB1CON         equ	3920	;# 
   753   000F51                     RXB1SIDH        equ	3921	;# 
   754   000F52                     RXB1SIDL        equ	3922	;# 
   755   000F53                     RXB1EIDH        equ	3923	;# 
   756   000F54                     RXB1EIDL        equ	3924	;# 
   757   000F55                     RXB1DLC         equ	3925	;# 
   758   000F56                     RXB1D0          equ	3926	;# 
   759   000F57                     RXB1D1          equ	3927	;# 
   760   000F58                     RXB1D2          equ	3928	;# 
   761   000F59                     RXB1D3          equ	3929	;# 
   762   000F5A                     RXB1D4          equ	3930	;# 
   763   000F5B                     RXB1D5          equ	3931	;# 
   764   000F5C                     RXB1D6          equ	3932	;# 
   765   000F5D                     RXB1D7          equ	3933	;# 
   766   000F5E                     CANSTAT_RO0     equ	3934	;# 
   767   000F5F                     CANCON_RO0      equ	3935	;# 
   768   000F60                     RXB0CON         equ	3936	;# 
   769   000F61                     RXB0SIDH        equ	3937	;# 
   770   000F62                     RXB0SIDL        equ	3938	;# 
   771   000F63                     RXB0EIDH        equ	3939	;# 
   772   000F64                     RXB0EIDL        equ	3940	;# 
   773   000F65                     RXB0DLC         equ	3941	;# 
   774   000F66                     RXB0D0          equ	3942	;# 
   775   000F67                     RXB0D1          equ	3943	;# 
   776   000F68                     RXB0D2          equ	3944	;# 
   777   000F69                     RXB0D3          equ	3945	;# 
   778   000F6A                     RXB0D4          equ	3946	;# 
   779   000F6B                     RXB0D5          equ	3947	;# 
   780   000F6C                     RXB0D6          equ	3948	;# 
   781   000F6D                     RXB0D7          equ	3949	;# 
   782   000F6E                     CANSTAT         equ	3950	;# 
   783   000F6F                     CANCON          equ	3951	;# 
   784   000F70                     BRGCON1         equ	3952	;# 
   785   000F71                     BRGCON2         equ	3953	;# 
   786   000F72                     BRGCON3         equ	3954	;# 
   787   000F73                     CIOCON          equ	3955	;# 
   788   000F74                     COMSTAT         equ	3956	;# 
   789   000F75                     RXERRCNT        equ	3957	;# 
   790   000F76                     TXERRCNT        equ	3958	;# 
   791   000F77                     ECANCON         equ	3959	;# 
   792   000F80                     PORTA           equ	3968	;# 
   793   000F81                     PORTB           equ	3969	;# 
   794   000F82                     PORTC           equ	3970	;# 
   795   000F83                     PORTD           equ	3971	;# 
   796   000F84                     PORTE           equ	3972	;# 
   797   000F89                     LATA            equ	3977	;# 
   798   000F8A                     LATB            equ	3978	;# 
   799   000F8B                     LATC            equ	3979	;# 
   800   000F8C                     LATD            equ	3980	;# 
   801   000F8D                     LATE            equ	3981	;# 
   802   000F92                     TRISA           equ	3986	;# 
   803   000F92                     DDRA            equ	3986	;# 
   804   000F93                     TRISB           equ	3987	;# 
   805   000F93                     DDRB            equ	3987	;# 
   806   000F94                     TRISC           equ	3988	;# 
   807   000F94                     DDRC            equ	3988	;# 
   808   000F95                     TRISD           equ	3989	;# 
   809   000F95                     DDRD            equ	3989	;# 
   810   000F96                     TRISE           equ	3990	;# 
   811   000F96                     DDRE            equ	3990	;# 
   812   000F9B                     OSCTUNE         equ	3995	;# 
   813   000F9D                     PIE1            equ	3997	;# 
   814   000F9E                     PIR1            equ	3998	;# 
   815   000F9F                     IPR1            equ	3999	;# 
   816   000FA0                     PIE2            equ	4000	;# 
   817   000FA1                     PIR2            equ	4001	;# 
   818   000FA2                     IPR2            equ	4002	;# 
   819   000FA3                     PIE3            equ	4003	;# 
   820   000FA4                     PIR3            equ	4004	;# 
   821   000FA5                     IPR3            equ	4005	;# 
   822   000FA6                     EECON1          equ	4006	;# 
   823   000FA7                     EECON2          equ	4007	;# 
   824   000FA8                     EEDATA          equ	4008	;# 
   825   000FA9                     EEADR           equ	4009	;# 
   826   000FAB                     RCSTA           equ	4011	;# 
   827   000FAB                     RCSTA1          equ	4011	;# 
   828   000FAC                     TXSTA           equ	4012	;# 
   829   000FAC                     TXSTA1          equ	4012	;# 
   830   000FAD                     TXREG           equ	4013	;# 
   831   000FAD                     TXREG1          equ	4013	;# 
   832   000FAE                     RCREG           equ	4014	;# 
   833   000FAE                     RCREG1          equ	4014	;# 
   834   000FAF                     SPBRG           equ	4015	;# 
   835   000FAF                     SPBRG1          equ	4015	;# 
   836   000FB0                     SPBRGH          equ	4016	;# 
   837   000FB1                     T3CON           equ	4017	;# 
   838   000FB2                     TMR3            equ	4018	;# 
   839   000FB2                     TMR3L           equ	4018	;# 
   840   000FB3                     TMR3H           equ	4019	;# 
   841   000FB4                     CMCON           equ	4020	;# 
   842   000FB5                     CVRCON          equ	4021	;# 
   843   000FB6                     ECCP1AS         equ	4022	;# 
   844   000FB7                     ECCP1DEL        equ	4023	;# 
   845   000FB8                     BAUDCON         equ	4024	;# 
   846   000FB8                     BAUDCTL         equ	4024	;# 
   847   000FBA                     ECCP1CON        equ	4026	;# 
   848   000FBB                     ECCPR1          equ	4027	;# 
   849   000FBB                     ECCPR1L         equ	4027	;# 
   850   000FBC                     ECCPR1H         equ	4028	;# 
   851   000FBD                     CCP1CON         equ	4029	;# 
   852   000FBE                     CCPR1           equ	4030	;# 
   853   000FBE                     CCPR1L          equ	4030	;# 
   854   000FBF                     CCPR1H          equ	4031	;# 
   855   000FC0                     ADCON2          equ	4032	;# 
   856   000FC1                     ADCON1          equ	4033	;# 
   857   000FC2                     ADCON0          equ	4034	;# 
   858   000FC3                     ADRES           equ	4035	;# 
   859   000FC3                     ADRESL          equ	4035	;# 
   860   000FC4                     ADRESH          equ	4036	;# 
   861   000FC5                     SSPCON2         equ	4037	;# 
   862   000FC6                     SSPCON1         equ	4038	;# 
   863   000FC7                     SSPSTAT         equ	4039	;# 
   864   000FC8                     SSPADD          equ	4040	;# 
   865   000FC9                     SSPBUF          equ	4041	;# 
   866   000FCA                     T2CON           equ	4042	;# 
   867   000FCB                     PR2             equ	4043	;# 
   868   000FCB                     MEMCON          equ	4043	;# 
   869   000FCC                     TMR2            equ	4044	;# 
   870   000FCD                     T1CON           equ	4045	;# 
   871   000FCE                     TMR1            equ	4046	;# 
   872   000FCE                     TMR1L           equ	4046	;# 
   873   000FCF                     TMR1H           equ	4047	;# 
   874   000FD0                     RCON            equ	4048	;# 
   875   000FD1                     WDTCON          equ	4049	;# 
   876   000FD2                     HLVDCON         equ	4050	;# 
   877   000FD2                     LVDCON          equ	4050	;# 
   878   000FD3                     OSCCON          equ	4051	;# 
   879   000FD5                     T0CON           equ	4053	;# 
   880   000FD6                     TMR0            equ	4054	;# 
   881   000FD6                     TMR0L           equ	4054	;# 
   882   000FD7                     TMR0H           equ	4055	;# 
   883   000FD8                     STATUS          equ	4056	;# 
   884   000FD9                     FSR2            equ	4057	;# 
   885   000FD9                     FSR2L           equ	4057	;# 
   886   000FDA                     FSR2H           equ	4058	;# 
   887   000FDB                     PLUSW2          equ	4059	;# 
   888   000FDC                     PREINC2         equ	4060	;# 
   889   000FDD                     POSTDEC2        equ	4061	;# 
   890   000FDE                     POSTINC2        equ	4062	;# 
   891   000FDF                     INDF2           equ	4063	;# 
   892   000FE0                     BSR             equ	4064	;# 
   893   000FE1                     FSR1            equ	4065	;# 
   894   000FE1                     FSR1L           equ	4065	;# 
   895   000FE2                     FSR1H           equ	4066	;# 
   896   000FE3                     PLUSW1          equ	4067	;# 
   897   000FE4                     PREINC1         equ	4068	;# 
   898   000FE5                     POSTDEC1        equ	4069	;# 
   899   000FE6                     POSTINC1        equ	4070	;# 
   900   000FE7                     INDF1           equ	4071	;# 
   901   000FE8                     WREG            equ	4072	;# 
   902   000FE9                     FSR0            equ	4073	;# 
   903   000FE9                     FSR0L           equ	4073	;# 
   904   000FEA                     FSR0H           equ	4074	;# 
   905   000FEB                     PLUSW0          equ	4075	;# 
   906   000FEC                     PREINC0         equ	4076	;# 
   907   000FED                     POSTDEC0        equ	4077	;# 
   908   000FEE                     POSTINC0        equ	4078	;# 
   909   000FEF                     INDF0           equ	4079	;# 
   910   000FF0                     INTCON3         equ	4080	;# 
   911   000FF1                     INTCON2         equ	4081	;# 
   912   000FF2                     INTCON          equ	4082	;# 
   913   000FF3                     PROD            equ	4083	;# 
   914   000FF3                     PRODL           equ	4083	;# 
   915   000FF4                     PRODH           equ	4084	;# 
   916   000FF5                     TABLAT          equ	4085	;# 
   917   000FF6                     TBLPTR          equ	4086	;# 
   918   000FF6                     TBLPTRL         equ	4086	;# 
   919   000FF7                     TBLPTRH         equ	4087	;# 
   920   000FF8                     TBLPTRU         equ	4088	;# 
   921   000FF9                     PCLAT           equ	4089	;# 
   922   000FF9                     PC              equ	4089	;# 
   923   000FF9                     PCL             equ	4089	;# 
   924   000FFA                     PCLATH          equ	4090	;# 
   925   000FFB                     PCLATU          equ	4091	;# 
   926   000FFC                     STKPTR          equ	4092	;# 
   927   000FFD                     TOS             equ	4093	;# 
   928   000FFD                     TOSL            equ	4093	;# 
   929   000FFE                     TOSH            equ	4094	;# 
   930   000FFF                     TOSU            equ	4095	;# 
   931   000D60                     RXF6SIDH        equ	3424	;# 
   932   000D61                     RXF6SIDL        equ	3425	;# 
   933   000D62                     RXF6EIDH        equ	3426	;# 
   934   000D63                     RXF6EIDL        equ	3427	;# 
   935   000D64                     RXF7SIDH        equ	3428	;# 
   936   000D65                     RXF7SIDL        equ	3429	;# 
   937   000D66                     RXF7EIDH        equ	3430	;# 
   938   000D67                     RXF7EIDL        equ	3431	;# 
   939   000D68                     RXF8SIDH        equ	3432	;# 
   940   000D69                     RXF8SIDL        equ	3433	;# 
   941   000D6A                     RXF8EIDH        equ	3434	;# 
   942   000D6B                     RXF8EIDL        equ	3435	;# 
   943   000D70                     RXF9SIDH        equ	3440	;# 
   944   000D71                     RXF9SIDL        equ	3441	;# 
   945   000D72                     RXF9EIDH        equ	3442	;# 
   946   000D73                     RXF9EIDL        equ	3443	;# 
   947   000D74                     RXF10SIDH       equ	3444	;# 
   948   000D75                     RXF10SIDL       equ	3445	;# 
   949   000D76                     RXF10EIDH       equ	3446	;# 
   950   000D77                     RXF10EIDL       equ	3447	;# 
   951   000D78                     RXF11SIDH       equ	3448	;# 
   952   000D79                     RXF11SIDL       equ	3449	;# 
   953   000D7A                     RXF11EIDH       equ	3450	;# 
   954   000D7B                     RXF11EIDL       equ	3451	;# 
   955   000D80                     RXF12SIDH       equ	3456	;# 
   956   000D81                     RXF12SIDL       equ	3457	;# 
   957   000D82                     RXF12EIDH       equ	3458	;# 
   958   000D83                     RXF12EIDL       equ	3459	;# 
   959   000D84                     RXF13SIDH       equ	3460	;# 
   960   000D85                     RXF13SIDL       equ	3461	;# 
   961   000D86                     RXF13EIDH       equ	3462	;# 
   962   000D87                     RXF13EIDL       equ	3463	;# 
   963   000D88                     RXF14SIDH       equ	3464	;# 
   964   000D89                     RXF14SIDL       equ	3465	;# 
   965   000D8A                     RXF14EIDH       equ	3466	;# 
   966   000D8B                     RXF14EIDL       equ	3467	;# 
   967   000D90                     RXF15SIDH       equ	3472	;# 
   968   000D91                     RXF15SIDL       equ	3473	;# 
   969   000D92                     RXF15EIDH       equ	3474	;# 
   970   000D93                     RXF15EIDL       equ	3475	;# 
   971   000DD4                     RXFCON0         equ	3540	;# 
   972   000DD5                     RXFCON1         equ	3541	;# 
   973   000DD8                     SDFLC           equ	3544	;# 
   974   000DE0                     RXFBCON0        equ	3552	;# 
   975   000DE1                     RXFBCON1        equ	3553	;# 
   976   000DE2                     RXFBCON2        equ	3554	;# 
   977   000DE3                     RXFBCON3        equ	3555	;# 
   978   000DE4                     RXFBCON4        equ	3556	;# 
   979   000DE5                     RXFBCON5        equ	3557	;# 
   980   000DE6                     RXFBCON6        equ	3558	;# 
   981   000DE7                     RXFBCON7        equ	3559	;# 
   982   000DF0                     MSEL0           equ	3568	;# 
   983   000DF1                     MSEL1           equ	3569	;# 
   984   000DF2                     MSEL2           equ	3570	;# 
   985   000DF3                     MSEL3           equ	3571	;# 
   986   000DF8                     BSEL0           equ	3576	;# 
   987   000DFA                     BIE0            equ	3578	;# 
   988   000DFC                     TXBIE           equ	3580	;# 
   989   000E20                     B0CON           equ	3616	;# 
   990   000E21                     B0SIDH          equ	3617	;# 
   991   000E22                     B0SIDL          equ	3618	;# 
   992   000E23                     B0EIDH          equ	3619	;# 
   993   000E24                     B0EIDL          equ	3620	;# 
   994   000E25                     B0DLC           equ	3621	;# 
   995   000E26                     B0D0            equ	3622	;# 
   996   000E27                     B0D1            equ	3623	;# 
   997   000E28                     B0D2            equ	3624	;# 
   998   000E29                     B0D3            equ	3625	;# 
   999   000E2A                     B0D4            equ	3626	;# 
  1000   000E2B                     B0D5            equ	3627	;# 
  1001   000E2C                     B0D6            equ	3628	;# 
  1002   000E2D                     B0D7            equ	3629	;# 
  1003   000E2E                     CANSTAT_RO9     equ	3630	;# 
  1004   000E2F                     CANCON_RO9      equ	3631	;# 
  1005   000E30                     B1CON           equ	3632	;# 
  1006   000E31                     B1SIDH          equ	3633	;# 
  1007   000E32                     B1SIDL          equ	3634	;# 
  1008   000E33                     B1EIDH          equ	3635	;# 
  1009   000E34                     B1EIDL          equ	3636	;# 
  1010   000E35                     B1DLC           equ	3637	;# 
  1011   000E36                     B1D0            equ	3638	;# 
  1012   000E37                     B1D1            equ	3639	;# 
  1013   000E38                     B1D2            equ	3640	;# 
  1014   000E39                     B1D3            equ	3641	;# 
  1015   000E3A                     B1D4            equ	3642	;# 
  1016   000E3B                     B1D5            equ	3643	;# 
  1017   000E3C                     B1D6            equ	3644	;# 
  1018   000E3D                     B1D7            equ	3645	;# 
  1019   000E3E                     CANSTAT_RO8     equ	3646	;# 
  1020   000E3F                     CANCON_RO8      equ	3647	;# 
  1021   000E40                     B2CON           equ	3648	;# 
  1022   000E41                     B2SIDH          equ	3649	;# 
  1023   000E42                     B2SIDL          equ	3650	;# 
  1024   000E43                     B2EIDH          equ	3651	;# 
  1025   000E44                     B2EIDL          equ	3652	;# 
  1026   000E45                     B2DLC           equ	3653	;# 
  1027   000E46                     B2D0            equ	3654	;# 
  1028   000E47                     B2D1            equ	3655	;# 
  1029   000E48                     B2D2            equ	3656	;# 
  1030   000E49                     B2D3            equ	3657	;# 
  1031   000E4A                     B2D4            equ	3658	;# 
  1032   000E4B                     B2D5            equ	3659	;# 
  1033   000E4C                     B2D6            equ	3660	;# 
  1034   000E4D                     B2D7            equ	3661	;# 
  1035   000E4E                     CANSTAT_RO7     equ	3662	;# 
  1036   000E4F                     CANCON_RO7      equ	3663	;# 
  1037   000E50                     B3CON           equ	3664	;# 
  1038   000E51                     B3SIDH          equ	3665	;# 
  1039   000E52                     B3SIDL          equ	3666	;# 
  1040   000E53                     B3EIDH          equ	3667	;# 
  1041   000E54                     B3EIDL          equ	3668	;# 
  1042   000E55                     B3DLC           equ	3669	;# 
  1043   000E56                     B3D0            equ	3670	;# 
  1044   000E57                     B3D1            equ	3671	;# 
  1045   000E58                     B3D2            equ	3672	;# 
  1046   000E59                     B3D3            equ	3673	;# 
  1047   000E5A                     B3D4            equ	3674	;# 
  1048   000E5B                     B3D5            equ	3675	;# 
  1049   000E5C                     B3D6            equ	3676	;# 
  1050   000E5D                     B3D7            equ	3677	;# 
  1051   000E5E                     CANSTAT_RO6     equ	3678	;# 
  1052   000E5F                     CANCON_RO6      equ	3679	;# 
  1053   000E60                     B4CON           equ	3680	;# 
  1054   000E61                     B4SIDH          equ	3681	;# 
  1055   000E62                     B4SIDL          equ	3682	;# 
  1056   000E63                     B4EIDH          equ	3683	;# 
  1057   000E64                     B4EIDL          equ	3684	;# 
  1058   000E65                     B4DLC           equ	3685	;# 
  1059   000E66                     B4D0            equ	3686	;# 
  1060   000E67                     B4D1            equ	3687	;# 
  1061   000E68                     B4D2            equ	3688	;# 
  1062   000E69                     B4D3            equ	3689	;# 
  1063   000E6A                     B4D4            equ	3690	;# 
  1064   000E6B                     B4D5            equ	3691	;# 
  1065   000E6C                     B4D6            equ	3692	;# 
  1066   000E6D                     B4D7            equ	3693	;# 
  1067   000E6E                     CANSTAT_RO5     equ	3694	;# 
  1068   000E6F                     CANCON_RO5      equ	3695	;# 
  1069   000E70                     B5CON           equ	3696	;# 
  1070   000E71                     B5SIDH          equ	3697	;# 
  1071   000E72                     B5SIDL          equ	3698	;# 
  1072   000E73                     B5EIDH          equ	3699	;# 
  1073   000E74                     B5EIDL          equ	3700	;# 
  1074   000E75                     B5DLC           equ	3701	;# 
  1075   000E76                     B5D0            equ	3702	;# 
  1076   000E77                     B5D1            equ	3703	;# 
  1077   000E78                     B5D2            equ	3704	;# 
  1078   000E79                     B5D3            equ	3705	;# 
  1079   000E7A                     B5D4            equ	3706	;# 
  1080   000E7B                     B5D5            equ	3707	;# 
  1081   000E7C                     B5D6            equ	3708	;# 
  1082   000E7D                     B5D7            equ	3709	;# 
  1083   000E7E                     CANSTAT_RO4     equ	3710	;# 
  1084   000E7F                     CANCON_RO4      equ	3711	;# 
  1085   000F00                     RXF0SIDH        equ	3840	;# 
  1086   000F01                     RXF0SIDL        equ	3841	;# 
  1087   000F02                     RXF0EIDH        equ	3842	;# 
  1088   000F03                     RXF0EIDL        equ	3843	;# 
  1089   000F04                     RXF1SIDH        equ	3844	;# 
  1090   000F05                     RXF1SIDL        equ	3845	;# 
  1091   000F06                     RXF1EIDH        equ	3846	;# 
  1092   000F07                     RXF1EIDL        equ	3847	;# 
  1093   000F08                     RXF2SIDH        equ	3848	;# 
  1094   000F09                     RXF2SIDL        equ	3849	;# 
  1095   000F0A                     RXF2EIDH        equ	3850	;# 
  1096   000F0B                     RXF2EIDL        equ	3851	;# 
  1097   000F0C                     RXF3SIDH        equ	3852	;# 
  1098   000F0D                     RXF3SIDL        equ	3853	;# 
  1099   000F0E                     RXF3EIDH        equ	3854	;# 
  1100   000F0F                     RXF3EIDL        equ	3855	;# 
  1101   000F10                     RXF4SIDH        equ	3856	;# 
  1102   000F11                     RXF4SIDL        equ	3857	;# 
  1103   000F12                     RXF4EIDH        equ	3858	;# 
  1104   000F13                     RXF4EIDL        equ	3859	;# 
  1105   000F14                     RXF5SIDH        equ	3860	;# 
  1106   000F15                     RXF5SIDL        equ	3861	;# 
  1107   000F16                     RXF5EIDH        equ	3862	;# 
  1108   000F17                     RXF5EIDL        equ	3863	;# 
  1109   000F18                     RXM0SIDH        equ	3864	;# 
  1110   000F19                     RXM0SIDL        equ	3865	;# 
  1111   000F1A                     RXM0EIDH        equ	3866	;# 
  1112   000F1B                     RXM0EIDL        equ	3867	;# 
  1113   000F1C                     RXM1SIDH        equ	3868	;# 
  1114   000F1D                     RXM1SIDL        equ	3869	;# 
  1115   000F1E                     RXM1EIDH        equ	3870	;# 
  1116   000F1F                     RXM1EIDL        equ	3871	;# 
  1117   000F20                     TXB2CON         equ	3872	;# 
  1118   000F21                     TXB2SIDH        equ	3873	;# 
  1119   000F22                     TXB2SIDL        equ	3874	;# 
  1120   000F23                     TXB2EIDH        equ	3875	;# 
  1121   000F24                     TXB2EIDL        equ	3876	;# 
  1122   000F25                     TXB2DLC         equ	3877	;# 
  1123   000F26                     TXB2D0          equ	3878	;# 
  1124   000F27                     TXB2D1          equ	3879	;# 
  1125   000F28                     TXB2D2          equ	3880	;# 
  1126   000F29                     TXB2D3          equ	3881	;# 
  1127   000F2A                     TXB2D4          equ	3882	;# 
  1128   000F2B                     TXB2D5          equ	3883	;# 
  1129   000F2C                     TXB2D6          equ	3884	;# 
  1130   000F2D                     TXB2D7          equ	3885	;# 
  1131   000F2E                     CANSTAT_RO3     equ	3886	;# 
  1132   000F2F                     CANCON_RO3      equ	3887	;# 
  1133   000F30                     TXB1CON         equ	3888	;# 
  1134   000F31                     TXB1SIDH        equ	3889	;# 
  1135   000F32                     TXB1SIDL        equ	3890	;# 
  1136   000F33                     TXB1EIDH        equ	3891	;# 
  1137   000F34                     TXB1EIDL        equ	3892	;# 
  1138   000F35                     TXB1DLC         equ	3893	;# 
  1139   000F36                     TXB1D0          equ	3894	;# 
  1140   000F37                     TXB1D1          equ	3895	;# 
  1141   000F38                     TXB1D2          equ	3896	;# 
  1142   000F39                     TXB1D3          equ	3897	;# 
  1143   000F3A                     TXB1D4          equ	3898	;# 
  1144   000F3B                     TXB1D5          equ	3899	;# 
  1145   000F3C                     TXB1D6          equ	3900	;# 
  1146   000F3D                     TXB1D7          equ	3901	;# 
  1147   000F3E                     CANSTAT_RO2     equ	3902	;# 
  1148   000F3F                     CANCON_RO2      equ	3903	;# 
  1149   000F40                     TXB0CON         equ	3904	;# 
  1150   000F41                     TXB0SIDH        equ	3905	;# 
  1151   000F42                     TXB0SIDL        equ	3906	;# 
  1152   000F43                     TXB0EIDH        equ	3907	;# 
  1153   000F44                     TXB0EIDL        equ	3908	;# 
  1154   000F45                     TXB0DLC         equ	3909	;# 
  1155   000F46                     TXB0D0          equ	3910	;# 
  1156   000F47                     TXB0D1          equ	3911	;# 
  1157   000F48                     TXB0D2          equ	3912	;# 
  1158   000F49                     TXB0D3          equ	3913	;# 
  1159   000F4A                     TXB0D4          equ	3914	;# 
  1160   000F4B                     TXB0D5          equ	3915	;# 
  1161   000F4C                     TXB0D6          equ	3916	;# 
  1162   000F4D                     TXB0D7          equ	3917	;# 
  1163   000F4E                     CANSTAT_RO1     equ	3918	;# 
  1164   000F4F                     CANCON_RO1      equ	3919	;# 
  1165   000F50                     RXB1CON         equ	3920	;# 
  1166   000F51                     RXB1SIDH        equ	3921	;# 
  1167   000F52                     RXB1SIDL        equ	3922	;# 
  1168   000F53                     RXB1EIDH        equ	3923	;# 
  1169   000F54                     RXB1EIDL        equ	3924	;# 
  1170   000F55                     RXB1DLC         equ	3925	;# 
  1171   000F56                     RXB1D0          equ	3926	;# 
  1172   000F57                     RXB1D1          equ	3927	;# 
  1173   000F58                     RXB1D2          equ	3928	;# 
  1174   000F59                     RXB1D3          equ	3929	;# 
  1175   000F5A                     RXB1D4          equ	3930	;# 
  1176   000F5B                     RXB1D5          equ	3931	;# 
  1177   000F5C                     RXB1D6          equ	3932	;# 
  1178   000F5D                     RXB1D7          equ	3933	;# 
  1179   000F5E                     CANSTAT_RO0     equ	3934	;# 
  1180   000F5F                     CANCON_RO0      equ	3935	;# 
  1181   000F60                     RXB0CON         equ	3936	;# 
  1182   000F61                     RXB0SIDH        equ	3937	;# 
  1183   000F62                     RXB0SIDL        equ	3938	;# 
  1184   000F63                     RXB0EIDH        equ	3939	;# 
  1185   000F64                     RXB0EIDL        equ	3940	;# 
  1186   000F65                     RXB0DLC         equ	3941	;# 
  1187   000F66                     RXB0D0          equ	3942	;# 
  1188   000F67                     RXB0D1          equ	3943	;# 
  1189   000F68                     RXB0D2          equ	3944	;# 
  1190   000F69                     RXB0D3          equ	3945	;# 
  1191   000F6A                     RXB0D4          equ	3946	;# 
  1192   000F6B                     RXB0D5          equ	3947	;# 
  1193   000F6C                     RXB0D6          equ	3948	;# 
  1194   000F6D                     RXB0D7          equ	3949	;# 
  1195   000F6E                     CANSTAT         equ	3950	;# 
  1196   000F6F                     CANCON          equ	3951	;# 
  1197   000F70                     BRGCON1         equ	3952	;# 
  1198   000F71                     BRGCON2         equ	3953	;# 
  1199   000F72                     BRGCON3         equ	3954	;# 
  1200   000F73                     CIOCON          equ	3955	;# 
  1201   000F74                     COMSTAT         equ	3956	;# 
  1202   000F75                     RXERRCNT        equ	3957	;# 
  1203   000F76                     TXERRCNT        equ	3958	;# 
  1204   000F77                     ECANCON         equ	3959	;# 
  1205   000F80                     PORTA           equ	3968	;# 
  1206   000F81                     PORTB           equ	3969	;# 
  1207   000F82                     PORTC           equ	3970	;# 
  1208   000F83                     PORTD           equ	3971	;# 
  1209   000F84                     PORTE           equ	3972	;# 
  1210   000F89                     LATA            equ	3977	;# 
  1211   000F8A                     LATB            equ	3978	;# 
  1212   000F8B                     LATC            equ	3979	;# 
  1213   000F8C                     LATD            equ	3980	;# 
  1214   000F8D                     LATE            equ	3981	;# 
  1215   000F92                     TRISA           equ	3986	;# 
  1216   000F92                     DDRA            equ	3986	;# 
  1217   000F93                     TRISB           equ	3987	;# 
  1218   000F93                     DDRB            equ	3987	;# 
  1219   000F94                     TRISC           equ	3988	;# 
  1220   000F94                     DDRC            equ	3988	;# 
  1221   000F95                     TRISD           equ	3989	;# 
  1222   000F95                     DDRD            equ	3989	;# 
  1223   000F96                     TRISE           equ	3990	;# 
  1224   000F96                     DDRE            equ	3990	;# 
  1225   000F9B                     OSCTUNE         equ	3995	;# 
  1226   000F9D                     PIE1            equ	3997	;# 
  1227   000F9E                     PIR1            equ	3998	;# 
  1228   000F9F                     IPR1            equ	3999	;# 
  1229   000FA0                     PIE2            equ	4000	;# 
  1230   000FA1                     PIR2            equ	4001	;# 
  1231   000FA2                     IPR2            equ	4002	;# 
  1232   000FA3                     PIE3            equ	4003	;# 
  1233   000FA4                     PIR3            equ	4004	;# 
  1234   000FA5                     IPR3            equ	4005	;# 
  1235   000FA6                     EECON1          equ	4006	;# 
  1236   000FA7                     EECON2          equ	4007	;# 
  1237   000FA8                     EEDATA          equ	4008	;# 
  1238   000FA9                     EEADR           equ	4009	;# 
  1239   000FAB                     RCSTA           equ	4011	;# 
  1240   000FAB                     RCSTA1          equ	4011	;# 
  1241   000FAC                     TXSTA           equ	4012	;# 
  1242   000FAC                     TXSTA1          equ	4012	;# 
  1243   000FAD                     TXREG           equ	4013	;# 
  1244   000FAD                     TXREG1          equ	4013	;# 
  1245   000FAE                     RCREG           equ	4014	;# 
  1246   000FAE                     RCREG1          equ	4014	;# 
  1247   000FAF                     SPBRG           equ	4015	;# 
  1248   000FAF                     SPBRG1          equ	4015	;# 
  1249   000FB0                     SPBRGH          equ	4016	;# 
  1250   000FB1                     T3CON           equ	4017	;# 
  1251   000FB2                     TMR3            equ	4018	;# 
  1252   000FB2                     TMR3L           equ	4018	;# 
  1253   000FB3                     TMR3H           equ	4019	;# 
  1254   000FB4                     CMCON           equ	4020	;# 
  1255   000FB5                     CVRCON          equ	4021	;# 
  1256   000FB6                     ECCP1AS         equ	4022	;# 
  1257   000FB7                     ECCP1DEL        equ	4023	;# 
  1258   000FB8                     BAUDCON         equ	4024	;# 
  1259   000FB8                     BAUDCTL         equ	4024	;# 
  1260   000FBA                     ECCP1CON        equ	4026	;# 
  1261   000FBB                     ECCPR1          equ	4027	;# 
  1262   000FBB                     ECCPR1L         equ	4027	;# 
  1263   000FBC                     ECCPR1H         equ	4028	;# 
  1264   000FBD                     CCP1CON         equ	4029	;# 
  1265   000FBE                     CCPR1           equ	4030	;# 
  1266   000FBE                     CCPR1L          equ	4030	;# 
  1267   000FBF                     CCPR1H          equ	4031	;# 
  1268   000FC0                     ADCON2          equ	4032	;# 
  1269   000FC1                     ADCON1          equ	4033	;# 
  1270   000FC2                     ADCON0          equ	4034	;# 
  1271   000FC3                     ADRES           equ	4035	;# 
  1272   000FC3                     ADRESL          equ	4035	;# 
  1273   000FC4                     ADRESH          equ	4036	;# 
  1274   000FC5                     SSPCON2         equ	4037	;# 
  1275   000FC6                     SSPCON1         equ	4038	;# 
  1276   000FC7                     SSPSTAT         equ	4039	;# 
  1277   000FC8                     SSPADD          equ	4040	;# 
  1278   000FC9                     SSPBUF          equ	4041	;# 
  1279   000FCA                     T2CON           equ	4042	;# 
  1280   000FCB                     PR2             equ	4043	;# 
  1281   000FCB                     MEMCON          equ	4043	;# 
  1282   000FCC                     TMR2            equ	4044	;# 
  1283   000FCD                     T1CON           equ	4045	;# 
  1284   000FCE                     TMR1            equ	4046	;# 
  1285   000FCE                     TMR1L           equ	4046	;# 
  1286   000FCF                     TMR1H           equ	4047	;# 
  1287   000FD0                     RCON            equ	4048	;# 
  1288   000FD1                     WDTCON          equ	4049	;# 
  1289   000FD2                     HLVDCON         equ	4050	;# 
  1290   000FD2                     LVDCON          equ	4050	;# 
  1291   000FD3                     OSCCON          equ	4051	;# 
  1292   000FD5                     T0CON           equ	4053	;# 
  1293   000FD6                     TMR0            equ	4054	;# 
  1294   000FD6                     TMR0L           equ	4054	;# 
  1295   000FD7                     TMR0H           equ	4055	;# 
  1296   000FD8                     STATUS          equ	4056	;# 
  1297   000FD9                     FSR2            equ	4057	;# 
  1298   000FD9                     FSR2L           equ	4057	;# 
  1299   000FDA                     FSR2H           equ	4058	;# 
  1300   000FDB                     PLUSW2          equ	4059	;# 
  1301   000FDC                     PREINC2         equ	4060	;# 
  1302   000FDD                     POSTDEC2        equ	4061	;# 
  1303   000FDE                     POSTINC2        equ	4062	;# 
  1304   000FDF                     INDF2           equ	4063	;# 
  1305   000FE0                     BSR             equ	4064	;# 
  1306   000FE1                     FSR1            equ	4065	;# 
  1307   000FE1                     FSR1L           equ	4065	;# 
  1308   000FE2                     FSR1H           equ	4066	;# 
  1309   000FE3                     PLUSW1          equ	4067	;# 
  1310   000FE4                     PREINC1         equ	4068	;# 
  1311   000FE5                     POSTDEC1        equ	4069	;# 
  1312   000FE6                     POSTINC1        equ	4070	;# 
  1313   000FE7                     INDF1           equ	4071	;# 
  1314   000FE8                     WREG            equ	4072	;# 
  1315   000FE9                     FSR0            equ	4073	;# 
  1316   000FE9                     FSR0L           equ	4073	;# 
  1317   000FEA                     FSR0H           equ	4074	;# 
  1318   000FEB                     PLUSW0          equ	4075	;# 
  1319   000FEC                     PREINC0         equ	4076	;# 
  1320   000FED                     POSTDEC0        equ	4077	;# 
  1321   000FEE                     POSTINC0        equ	4078	;# 
  1322   000FEF                     INDF0           equ	4079	;# 
  1323   000FF0                     INTCON3         equ	4080	;# 
  1324   000FF1                     INTCON2         equ	4081	;# 
  1325   000FF2                     INTCON          equ	4082	;# 
  1326   000FF3                     PROD            equ	4083	;# 
  1327   000FF3                     PRODL           equ	4083	;# 
  1328   000FF4                     PRODH           equ	4084	;# 
  1329   000FF5                     TABLAT          equ	4085	;# 
  1330   000FF6                     TBLPTR          equ	4086	;# 
  1331   000FF6                     TBLPTRL         equ	4086	;# 
  1332   000FF7                     TBLPTRH         equ	4087	;# 
  1333   000FF8                     TBLPTRU         equ	4088	;# 
  1334   000FF9                     PCLAT           equ	4089	;# 
  1335   000FF9                     PC              equ	4089	;# 
  1336   000FF9                     PCL             equ	4089	;# 
  1337   000FFA                     PCLATH          equ	4090	;# 
  1338   000FFB                     PCLATU          equ	4091	;# 
  1339   000FFC                     STKPTR          equ	4092	;# 
  1340   000FFD                     TOS             equ	4093	;# 
  1341   000FFD                     TOSL            equ	4093	;# 
  1342   000FFE                     TOSH            equ	4094	;# 
  1343   000FFF                     TOSU            equ	4095	;# 
  1344   000D60                     RXF6SIDH        equ	3424	;# 
  1345   000D61                     RXF6SIDL        equ	3425	;# 
  1346   000D62                     RXF6EIDH        equ	3426	;# 
  1347   000D63                     RXF6EIDL        equ	3427	;# 
  1348   000D64                     RXF7SIDH        equ	3428	;# 
  1349   000D65                     RXF7SIDL        equ	3429	;# 
  1350   000D66                     RXF7EIDH        equ	3430	;# 
  1351   000D67                     RXF7EIDL        equ	3431	;# 
  1352   000D68                     RXF8SIDH        equ	3432	;# 
  1353   000D69                     RXF8SIDL        equ	3433	;# 
  1354   000D6A                     RXF8EIDH        equ	3434	;# 
  1355   000D6B                     RXF8EIDL        equ	3435	;# 
  1356   000D70                     RXF9SIDH        equ	3440	;# 
  1357   000D71                     RXF9SIDL        equ	3441	;# 
  1358   000D72                     RXF9EIDH        equ	3442	;# 
  1359   000D73                     RXF9EIDL        equ	3443	;# 
  1360   000D74                     RXF10SIDH       equ	3444	;# 
  1361   000D75                     RXF10SIDL       equ	3445	;# 
  1362   000D76                     RXF10EIDH       equ	3446	;# 
  1363   000D77                     RXF10EIDL       equ	3447	;# 
  1364   000D78                     RXF11SIDH       equ	3448	;# 
  1365   000D79                     RXF11SIDL       equ	3449	;# 
  1366   000D7A                     RXF11EIDH       equ	3450	;# 
  1367   000D7B                     RXF11EIDL       equ	3451	;# 
  1368   000D80                     RXF12SIDH       equ	3456	;# 
  1369   000D81                     RXF12SIDL       equ	3457	;# 
  1370   000D82                     RXF12EIDH       equ	3458	;# 
  1371   000D83                     RXF12EIDL       equ	3459	;# 
  1372   000D84                     RXF13SIDH       equ	3460	;# 
  1373   000D85                     RXF13SIDL       equ	3461	;# 
  1374   000D86                     RXF13EIDH       equ	3462	;# 
  1375   000D87                     RXF13EIDL       equ	3463	;# 
  1376   000D88                     RXF14SIDH       equ	3464	;# 
  1377   000D89                     RXF14SIDL       equ	3465	;# 
  1378   000D8A                     RXF14EIDH       equ	3466	;# 
  1379   000D8B                     RXF14EIDL       equ	3467	;# 
  1380   000D90                     RXF15SIDH       equ	3472	;# 
  1381   000D91                     RXF15SIDL       equ	3473	;# 
  1382   000D92                     RXF15EIDH       equ	3474	;# 
  1383   000D93                     RXF15EIDL       equ	3475	;# 
  1384   000DD4                     RXFCON0         equ	3540	;# 
  1385   000DD5                     RXFCON1         equ	3541	;# 
  1386   000DD8                     SDFLC           equ	3544	;# 
  1387   000DE0                     RXFBCON0        equ	3552	;# 
  1388   000DE1                     RXFBCON1        equ	3553	;# 
  1389   000DE2                     RXFBCON2        equ	3554	;# 
  1390   000DE3                     RXFBCON3        equ	3555	;# 
  1391   000DE4                     RXFBCON4        equ	3556	;# 
  1392   000DE5                     RXFBCON5        equ	3557	;# 
  1393   000DE6                     RXFBCON6        equ	3558	;# 
  1394   000DE7                     RXFBCON7        equ	3559	;# 
  1395   000DF0                     MSEL0           equ	3568	;# 
  1396   000DF1                     MSEL1           equ	3569	;# 
  1397   000DF2                     MSEL2           equ	3570	;# 
  1398   000DF3                     MSEL3           equ	3571	;# 
  1399   000DF8                     BSEL0           equ	3576	;# 
  1400   000DFA                     BIE0            equ	3578	;# 
  1401   000DFC                     TXBIE           equ	3580	;# 
  1402   000E20                     B0CON           equ	3616	;# 
  1403   000E21                     B0SIDH          equ	3617	;# 
  1404   000E22                     B0SIDL          equ	3618	;# 
  1405   000E23                     B0EIDH          equ	3619	;# 
  1406   000E24                     B0EIDL          equ	3620	;# 
  1407   000E25                     B0DLC           equ	3621	;# 
  1408   000E26                     B0D0            equ	3622	;# 
  1409   000E27                     B0D1            equ	3623	;# 
  1410   000E28                     B0D2            equ	3624	;# 
  1411   000E29                     B0D3            equ	3625	;# 
  1412   000E2A                     B0D4            equ	3626	;# 
  1413   000E2B                     B0D5            equ	3627	;# 
  1414   000E2C                     B0D6            equ	3628	;# 
  1415   000E2D                     B0D7            equ	3629	;# 
  1416   000E2E                     CANSTAT_RO9     equ	3630	;# 
  1417   000E2F                     CANCON_RO9      equ	3631	;# 
  1418   000E30                     B1CON           equ	3632	;# 
  1419   000E31                     B1SIDH          equ	3633	;# 
  1420   000E32                     B1SIDL          equ	3634	;# 
  1421   000E33                     B1EIDH          equ	3635	;# 
  1422   000E34                     B1EIDL          equ	3636	;# 
  1423   000E35                     B1DLC           equ	3637	;# 
  1424   000E36                     B1D0            equ	3638	;# 
  1425   000E37                     B1D1            equ	3639	;# 
  1426   000E38                     B1D2            equ	3640	;# 
  1427   000E39                     B1D3            equ	3641	;# 
  1428   000E3A                     B1D4            equ	3642	;# 
  1429   000E3B                     B1D5            equ	3643	;# 
  1430   000E3C                     B1D6            equ	3644	;# 
  1431   000E3D                     B1D7            equ	3645	;# 
  1432   000E3E                     CANSTAT_RO8     equ	3646	;# 
  1433   000E3F                     CANCON_RO8      equ	3647	;# 
  1434   000E40                     B2CON           equ	3648	;# 
  1435   000E41                     B2SIDH          equ	3649	;# 
  1436   000E42                     B2SIDL          equ	3650	;# 
  1437   000E43                     B2EIDH          equ	3651	;# 
  1438   000E44                     B2EIDL          equ	3652	;# 
  1439   000E45                     B2DLC           equ	3653	;# 
  1440   000E46                     B2D0            equ	3654	;# 
  1441   000E47                     B2D1            equ	3655	;# 
  1442   000E48                     B2D2            equ	3656	;# 
  1443   000E49                     B2D3            equ	3657	;# 
  1444   000E4A                     B2D4            equ	3658	;# 
  1445   000E4B                     B2D5            equ	3659	;# 
  1446   000E4C                     B2D6            equ	3660	;# 
  1447   000E4D                     B2D7            equ	3661	;# 
  1448   000E4E                     CANSTAT_RO7     equ	3662	;# 
  1449   000E4F                     CANCON_RO7      equ	3663	;# 
  1450   000E50                     B3CON           equ	3664	;# 
  1451   000E51                     B3SIDH          equ	3665	;# 
  1452   000E52                     B3SIDL          equ	3666	;# 
  1453   000E53                     B3EIDH          equ	3667	;# 
  1454   000E54                     B3EIDL          equ	3668	;# 
  1455   000E55                     B3DLC           equ	3669	;# 
  1456   000E56                     B3D0            equ	3670	;# 
  1457   000E57                     B3D1            equ	3671	;# 
  1458   000E58                     B3D2            equ	3672	;# 
  1459   000E59                     B3D3            equ	3673	;# 
  1460   000E5A                     B3D4            equ	3674	;# 
  1461   000E5B                     B3D5            equ	3675	;# 
  1462   000E5C                     B3D6            equ	3676	;# 
  1463   000E5D                     B3D7            equ	3677	;# 
  1464   000E5E                     CANSTAT_RO6     equ	3678	;# 
  1465   000E5F                     CANCON_RO6      equ	3679	;# 
  1466   000E60                     B4CON           equ	3680	;# 
  1467   000E61                     B4SIDH          equ	3681	;# 
  1468   000E62                     B4SIDL          equ	3682	;# 
  1469   000E63                     B4EIDH          equ	3683	;# 
  1470   000E64                     B4EIDL          equ	3684	;# 
  1471   000E65                     B4DLC           equ	3685	;# 
  1472   000E66                     B4D0            equ	3686	;# 
  1473   000E67                     B4D1            equ	3687	;# 
  1474   000E68                     B4D2            equ	3688	;# 
  1475   000E69                     B4D3            equ	3689	;# 
  1476   000E6A                     B4D4            equ	3690	;# 
  1477   000E6B                     B4D5            equ	3691	;# 
  1478   000E6C                     B4D6            equ	3692	;# 
  1479   000E6D                     B4D7            equ	3693	;# 
  1480   000E6E                     CANSTAT_RO5     equ	3694	;# 
  1481   000E6F                     CANCON_RO5      equ	3695	;# 
  1482   000E70                     B5CON           equ	3696	;# 
  1483   000E71                     B5SIDH          equ	3697	;# 
  1484   000E72                     B5SIDL          equ	3698	;# 
  1485   000E73                     B5EIDH          equ	3699	;# 
  1486   000E74                     B5EIDL          equ	3700	;# 
  1487   000E75                     B5DLC           equ	3701	;# 
  1488   000E76                     B5D0            equ	3702	;# 
  1489   000E77                     B5D1            equ	3703	;# 
  1490   000E78                     B5D2            equ	3704	;# 
  1491   000E79                     B5D3            equ	3705	;# 
  1492   000E7A                     B5D4            equ	3706	;# 
  1493   000E7B                     B5D5            equ	3707	;# 
  1494   000E7C                     B5D6            equ	3708	;# 
  1495   000E7D                     B5D7            equ	3709	;# 
  1496   000E7E                     CANSTAT_RO4     equ	3710	;# 
  1497   000E7F                     CANCON_RO4      equ	3711	;# 
  1498   000F00                     RXF0SIDH        equ	3840	;# 
  1499   000F01                     RXF0SIDL        equ	3841	;# 
  1500   000F02                     RXF0EIDH        equ	3842	;# 
  1501   000F03                     RXF0EIDL        equ	3843	;# 
  1502   000F04                     RXF1SIDH        equ	3844	;# 
  1503   000F05                     RXF1SIDL        equ	3845	;# 
  1504   000F06                     RXF1EIDH        equ	3846	;# 
  1505   000F07                     RXF1EIDL        equ	3847	;# 
  1506   000F08                     RXF2SIDH        equ	3848	;# 
  1507   000F09                     RXF2SIDL        equ	3849	;# 
  1508   000F0A                     RXF2EIDH        equ	3850	;# 
  1509   000F0B                     RXF2EIDL        equ	3851	;# 
  1510   000F0C                     RXF3SIDH        equ	3852	;# 
  1511   000F0D                     RXF3SIDL        equ	3853	;# 
  1512   000F0E                     RXF3EIDH        equ	3854	;# 
  1513   000F0F                     RXF3EIDL        equ	3855	;# 
  1514   000F10                     RXF4SIDH        equ	3856	;# 
  1515   000F11                     RXF4SIDL        equ	3857	;# 
  1516   000F12                     RXF4EIDH        equ	3858	;# 
  1517   000F13                     RXF4EIDL        equ	3859	;# 
  1518   000F14                     RXF5SIDH        equ	3860	;# 
  1519   000F15                     RXF5SIDL        equ	3861	;# 
  1520   000F16                     RXF5EIDH        equ	3862	;# 
  1521   000F17                     RXF5EIDL        equ	3863	;# 
  1522   000F18                     RXM0SIDH        equ	3864	;# 
  1523   000F19                     RXM0SIDL        equ	3865	;# 
  1524   000F1A                     RXM0EIDH        equ	3866	;# 
  1525   000F1B                     RXM0EIDL        equ	3867	;# 
  1526   000F1C                     RXM1SIDH        equ	3868	;# 
  1527   000F1D                     RXM1SIDL        equ	3869	;# 
  1528   000F1E                     RXM1EIDH        equ	3870	;# 
  1529   000F1F                     RXM1EIDL        equ	3871	;# 
  1530   000F20                     TXB2CON         equ	3872	;# 
  1531   000F21                     TXB2SIDH        equ	3873	;# 
  1532   000F22                     TXB2SIDL        equ	3874	;# 
  1533   000F23                     TXB2EIDH        equ	3875	;# 
  1534   000F24                     TXB2EIDL        equ	3876	;# 
  1535   000F25                     TXB2DLC         equ	3877	;# 
  1536   000F26                     TXB2D0          equ	3878	;# 
  1537   000F27                     TXB2D1          equ	3879	;# 
  1538   000F28                     TXB2D2          equ	3880	;# 
  1539   000F29                     TXB2D3          equ	3881	;# 
  1540   000F2A                     TXB2D4          equ	3882	;# 
  1541   000F2B                     TXB2D5          equ	3883	;# 
  1542   000F2C                     TXB2D6          equ	3884	;# 
  1543   000F2D                     TXB2D7          equ	3885	;# 
  1544   000F2E                     CANSTAT_RO3     equ	3886	;# 
  1545   000F2F                     CANCON_RO3      equ	3887	;# 
  1546   000F30                     TXB1CON         equ	3888	;# 
  1547   000F31                     TXB1SIDH        equ	3889	;# 
  1548   000F32                     TXB1SIDL        equ	3890	;# 
  1549   000F33                     TXB1EIDH        equ	3891	;# 
  1550   000F34                     TXB1EIDL        equ	3892	;# 
  1551   000F35                     TXB1DLC         equ	3893	;# 
  1552   000F36                     TXB1D0          equ	3894	;# 
  1553   000F37                     TXB1D1          equ	3895	;# 
  1554   000F38                     TXB1D2          equ	3896	;# 
  1555   000F39                     TXB1D3          equ	3897	;# 
  1556   000F3A                     TXB1D4          equ	3898	;# 
  1557   000F3B                     TXB1D5          equ	3899	;# 
  1558   000F3C                     TXB1D6          equ	3900	;# 
  1559   000F3D                     TXB1D7          equ	3901	;# 
  1560   000F3E                     CANSTAT_RO2     equ	3902	;# 
  1561   000F3F                     CANCON_RO2      equ	3903	;# 
  1562   000F40                     TXB0CON         equ	3904	;# 
  1563   000F41                     TXB0SIDH        equ	3905	;# 
  1564   000F42                     TXB0SIDL        equ	3906	;# 
  1565   000F43                     TXB0EIDH        equ	3907	;# 
  1566   000F44                     TXB0EIDL        equ	3908	;# 
  1567   000F45                     TXB0DLC         equ	3909	;# 
  1568   000F46                     TXB0D0          equ	3910	;# 
  1569   000F47                     TXB0D1          equ	3911	;# 
  1570   000F48                     TXB0D2          equ	3912	;# 
  1571   000F49                     TXB0D3          equ	3913	;# 
  1572   000F4A                     TXB0D4          equ	3914	;# 
  1573   000F4B                     TXB0D5          equ	3915	;# 
  1574   000F4C                     TXB0D6          equ	3916	;# 
  1575   000F4D                     TXB0D7          equ	3917	;# 
  1576   000F4E                     CANSTAT_RO1     equ	3918	;# 
  1577   000F4F                     CANCON_RO1      equ	3919	;# 
  1578   000F50                     RXB1CON         equ	3920	;# 
  1579   000F51                     RXB1SIDH        equ	3921	;# 
  1580   000F52                     RXB1SIDL        equ	3922	;# 
  1581   000F53                     RXB1EIDH        equ	3923	;# 
  1582   000F54                     RXB1EIDL        equ	3924	;# 
  1583   000F55                     RXB1DLC         equ	3925	;# 
  1584   000F56                     RXB1D0          equ	3926	;# 
  1585   000F57                     RXB1D1          equ	3927	;# 
  1586   000F58                     RXB1D2          equ	3928	;# 
  1587   000F59                     RXB1D3          equ	3929	;# 
  1588   000F5A                     RXB1D4          equ	3930	;# 
  1589   000F5B                     RXB1D5          equ	3931	;# 
  1590   000F5C                     RXB1D6          equ	3932	;# 
  1591   000F5D                     RXB1D7          equ	3933	;# 
  1592   000F5E                     CANSTAT_RO0     equ	3934	;# 
  1593   000F5F                     CANCON_RO0      equ	3935	;# 
  1594   000F60                     RXB0CON         equ	3936	;# 
  1595   000F61                     RXB0SIDH        equ	3937	;# 
  1596   000F62                     RXB0SIDL        equ	3938	;# 
  1597   000F63                     RXB0EIDH        equ	3939	;# 
  1598   000F64                     RXB0EIDL        equ	3940	;# 
  1599   000F65                     RXB0DLC         equ	3941	;# 
  1600   000F66                     RXB0D0          equ	3942	;# 
  1601   000F67                     RXB0D1          equ	3943	;# 
  1602   000F68                     RXB0D2          equ	3944	;# 
  1603   000F69                     RXB0D3          equ	3945	;# 
  1604   000F6A                     RXB0D4          equ	3946	;# 
  1605   000F6B                     RXB0D5          equ	3947	;# 
  1606   000F6C                     RXB0D6          equ	3948	;# 
  1607   000F6D                     RXB0D7          equ	3949	;# 
  1608   000F6E                     CANSTAT         equ	3950	;# 
  1609   000F6F                     CANCON          equ	3951	;# 
  1610   000F70                     BRGCON1         equ	3952	;# 
  1611   000F71                     BRGCON2         equ	3953	;# 
  1612   000F72                     BRGCON3         equ	3954	;# 
  1613   000F73                     CIOCON          equ	3955	;# 
  1614   000F74                     COMSTAT         equ	3956	;# 
  1615   000F75                     RXERRCNT        equ	3957	;# 
  1616   000F76                     TXERRCNT        equ	3958	;# 
  1617   000F77                     ECANCON         equ	3959	;# 
  1618   000F80                     PORTA           equ	3968	;# 
  1619   000F81                     PORTB           equ	3969	;# 
  1620   000F82                     PORTC           equ	3970	;# 
  1621   000F83                     PORTD           equ	3971	;# 
  1622   000F84                     PORTE           equ	3972	;# 
  1623   000F89                     LATA            equ	3977	;# 
  1624   000F8A                     LATB            equ	3978	;# 
  1625   000F8B                     LATC            equ	3979	;# 
  1626   000F8C                     LATD            equ	3980	;# 
  1627   000F8D                     LATE            equ	3981	;# 
  1628   000F92                     TRISA           equ	3986	;# 
  1629   000F92                     DDRA            equ	3986	;# 
  1630   000F93                     TRISB           equ	3987	;# 
  1631   000F93                     DDRB            equ	3987	;# 
  1632   000F94                     TRISC           equ	3988	;# 
  1633   000F94                     DDRC            equ	3988	;# 
  1634   000F95                     TRISD           equ	3989	;# 
  1635   000F95                     DDRD            equ	3989	;# 
  1636   000F96                     TRISE           equ	3990	;# 
  1637   000F96                     DDRE            equ	3990	;# 
  1638   000F9B                     OSCTUNE         equ	3995	;# 
  1639   000F9D                     PIE1            equ	3997	;# 
  1640   000F9E                     PIR1            equ	3998	;# 
  1641   000F9F                     IPR1            equ	3999	;# 
  1642   000FA0                     PIE2            equ	4000	;# 
  1643   000FA1                     PIR2            equ	4001	;# 
  1644   000FA2                     IPR2            equ	4002	;# 
  1645   000FA3                     PIE3            equ	4003	;# 
  1646   000FA4                     PIR3            equ	4004	;# 
  1647   000FA5                     IPR3            equ	4005	;# 
  1648   000FA6                     EECON1          equ	4006	;# 
  1649   000FA7                     EECON2          equ	4007	;# 
  1650   000FA8                     EEDATA          equ	4008	;# 
  1651   000FA9                     EEADR           equ	4009	;# 
  1652   000FAB                     RCSTA           equ	4011	;# 
  1653   000FAB                     RCSTA1          equ	4011	;# 
  1654   000FAC                     TXSTA           equ	4012	;# 
  1655   000FAC                     TXSTA1          equ	4012	;# 
  1656   000FAD                     TXREG           equ	4013	;# 
  1657   000FAD                     TXREG1          equ	4013	;# 
  1658   000FAE                     RCREG           equ	4014	;# 
  1659   000FAE                     RCREG1          equ	4014	;# 
  1660   000FAF                     SPBRG           equ	4015	;# 
  1661   000FAF                     SPBRG1          equ	4015	;# 
  1662   000FB0                     SPBRGH          equ	4016	;# 
  1663   000FB1                     T3CON           equ	4017	;# 
  1664   000FB2                     TMR3            equ	4018	;# 
  1665   000FB2                     TMR3L           equ	4018	;# 
  1666   000FB3                     TMR3H           equ	4019	;# 
  1667   000FB4                     CMCON           equ	4020	;# 
  1668   000FB5                     CVRCON          equ	4021	;# 
  1669   000FB6                     ECCP1AS         equ	4022	;# 
  1670   000FB7                     ECCP1DEL        equ	4023	;# 
  1671   000FB8                     BAUDCON         equ	4024	;# 
  1672   000FB8                     BAUDCTL         equ	4024	;# 
  1673   000FBA                     ECCP1CON        equ	4026	;# 
  1674   000FBB                     ECCPR1          equ	4027	;# 
  1675   000FBB                     ECCPR1L         equ	4027	;# 
  1676   000FBC                     ECCPR1H         equ	4028	;# 
  1677   000FBD                     CCP1CON         equ	4029	;# 
  1678   000FBE                     CCPR1           equ	4030	;# 
  1679   000FBE                     CCPR1L          equ	4030	;# 
  1680   000FBF                     CCPR1H          equ	4031	;# 
  1681   000FC0                     ADCON2          equ	4032	;# 
  1682   000FC1                     ADCON1          equ	4033	;# 
  1683   000FC2                     ADCON0          equ	4034	;# 
  1684   000FC3                     ADRES           equ	4035	;# 
  1685   000FC3                     ADRESL          equ	4035	;# 
  1686   000FC4                     ADRESH          equ	4036	;# 
  1687   000FC5                     SSPCON2         equ	4037	;# 
  1688   000FC6                     SSPCON1         equ	4038	;# 
  1689   000FC7                     SSPSTAT         equ	4039	;# 
  1690   000FC8                     SSPADD          equ	4040	;# 
  1691   000FC9                     SSPBUF          equ	4041	;# 
  1692   000FCA                     T2CON           equ	4042	;# 
  1693   000FCB                     PR2             equ	4043	;# 
  1694   000FCB                     MEMCON          equ	4043	;# 
  1695   000FCC                     TMR2            equ	4044	;# 
  1696   000FCD                     T1CON           equ	4045	;# 
  1697   000FCE                     TMR1            equ	4046	;# 
  1698   000FCE                     TMR1L           equ	4046	;# 
  1699   000FCF                     TMR1H           equ	4047	;# 
  1700   000FD0                     RCON            equ	4048	;# 
  1701   000FD1                     WDTCON          equ	4049	;# 
  1702   000FD2                     HLVDCON         equ	4050	;# 
  1703   000FD2                     LVDCON          equ	4050	;# 
  1704   000FD3                     OSCCON          equ	4051	;# 
  1705   000FD5                     T0CON           equ	4053	;# 
  1706   000FD6                     TMR0            equ	4054	;# 
  1707   000FD6                     TMR0L           equ	4054	;# 
  1708   000FD7                     TMR0H           equ	4055	;# 
  1709   000FD8                     STATUS          equ	4056	;# 
  1710   000FD9                     FSR2            equ	4057	;# 
  1711   000FD9                     FSR2L           equ	4057	;# 
  1712   000FDA                     FSR2H           equ	4058	;# 
  1713   000FDB                     PLUSW2          equ	4059	;# 
  1714   000FDC                     PREINC2         equ	4060	;# 
  1715   000FDD                     POSTDEC2        equ	4061	;# 
  1716   000FDE                     POSTINC2        equ	4062	;# 
  1717   000FDF                     INDF2           equ	4063	;# 
  1718   000FE0                     BSR             equ	4064	;# 
  1719   000FE1                     FSR1            equ	4065	;# 
  1720   000FE1                     FSR1L           equ	4065	;# 
  1721   000FE2                     FSR1H           equ	4066	;# 
  1722   000FE3                     PLUSW1          equ	4067	;# 
  1723   000FE4                     PREINC1         equ	4068	;# 
  1724   000FE5                     POSTDEC1        equ	4069	;# 
  1725   000FE6                     POSTINC1        equ	4070	;# 
  1726   000FE7                     INDF1           equ	4071	;# 
  1727   000FE8                     WREG            equ	4072	;# 
  1728   000FE9                     FSR0            equ	4073	;# 
  1729   000FE9                     FSR0L           equ	4073	;# 
  1730   000FEA                     FSR0H           equ	4074	;# 
  1731   000FEB                     PLUSW0          equ	4075	;# 
  1732   000FEC                     PREINC0         equ	4076	;# 
  1733   000FED                     POSTDEC0        equ	4077	;# 
  1734   000FEE                     POSTINC0        equ	4078	;# 
  1735   000FEF                     INDF0           equ	4079	;# 
  1736   000FF0                     INTCON3         equ	4080	;# 
  1737   000FF1                     INTCON2         equ	4081	;# 
  1738   000FF2                     INTCON          equ	4082	;# 
  1739   000FF3                     PROD            equ	4083	;# 
  1740   000FF3                     PRODL           equ	4083	;# 
  1741   000FF4                     PRODH           equ	4084	;# 
  1742   000FF5                     TABLAT          equ	4085	;# 
  1743   000FF6                     TBLPTR          equ	4086	;# 
  1744   000FF6                     TBLPTRL         equ	4086	;# 
  1745   000FF7                     TBLPTRH         equ	4087	;# 
  1746   000FF8                     TBLPTRU         equ	4088	;# 
  1747   000FF9                     PCLAT           equ	4089	;# 
  1748   000FF9                     PC              equ	4089	;# 
  1749   000FF9                     PCL             equ	4089	;# 
  1750   000FFA                     PCLATH          equ	4090	;# 
  1751   000FFB                     PCLATU          equ	4091	;# 
  1752   000FFC                     STKPTR          equ	4092	;# 
  1753   000FFD                     TOS             equ	4093	;# 
  1754   000FFD                     TOSL            equ	4093	;# 
  1755   000FFE                     TOSH            equ	4094	;# 
  1756   000FFF                     TOSU            equ	4095	;# 
  1757   000D60                     RXF6SIDH        equ	3424	;# 
  1758   000D61                     RXF6SIDL        equ	3425	;# 
  1759   000D62                     RXF6EIDH        equ	3426	;# 
  1760   000D63                     RXF6EIDL        equ	3427	;# 
  1761   000D64                     RXF7SIDH        equ	3428	;# 
  1762   000D65                     RXF7SIDL        equ	3429	;# 
  1763   000D66                     RXF7EIDH        equ	3430	;# 
  1764   000D67                     RXF7EIDL        equ	3431	;# 
  1765   000D68                     RXF8SIDH        equ	3432	;# 
  1766   000D69                     RXF8SIDL        equ	3433	;# 
  1767   000D6A                     RXF8EIDH        equ	3434	;# 
  1768   000D6B                     RXF8EIDL        equ	3435	;# 
  1769   000D70                     RXF9SIDH        equ	3440	;# 
  1770   000D71                     RXF9SIDL        equ	3441	;# 
  1771   000D72                     RXF9EIDH        equ	3442	;# 
  1772   000D73                     RXF9EIDL        equ	3443	;# 
  1773   000D74                     RXF10SIDH       equ	3444	;# 
  1774   000D75                     RXF10SIDL       equ	3445	;# 
  1775   000D76                     RXF10EIDH       equ	3446	;# 
  1776   000D77                     RXF10EIDL       equ	3447	;# 
  1777   000D78                     RXF11SIDH       equ	3448	;# 
  1778   000D79                     RXF11SIDL       equ	3449	;# 
  1779   000D7A                     RXF11EIDH       equ	3450	;# 
  1780   000D7B                     RXF11EIDL       equ	3451	;# 
  1781   000D80                     RXF12SIDH       equ	3456	;# 
  1782   000D81                     RXF12SIDL       equ	3457	;# 
  1783   000D82                     RXF12EIDH       equ	3458	;# 
  1784   000D83                     RXF12EIDL       equ	3459	;# 
  1785   000D84                     RXF13SIDH       equ	3460	;# 
  1786   000D85                     RXF13SIDL       equ	3461	;# 
  1787   000D86                     RXF13EIDH       equ	3462	;# 
  1788   000D87                     RXF13EIDL       equ	3463	;# 
  1789   000D88                     RXF14SIDH       equ	3464	;# 
  1790   000D89                     RXF14SIDL       equ	3465	;# 
  1791   000D8A                     RXF14EIDH       equ	3466	;# 
  1792   000D8B                     RXF14EIDL       equ	3467	;# 
  1793   000D90                     RXF15SIDH       equ	3472	;# 
  1794   000D91                     RXF15SIDL       equ	3473	;# 
  1795   000D92                     RXF15EIDH       equ	3474	;# 
  1796   000D93                     RXF15EIDL       equ	3475	;# 
  1797   000DD4                     RXFCON0         equ	3540	;# 
  1798   000DD5                     RXFCON1         equ	3541	;# 
  1799   000DD8                     SDFLC           equ	3544	;# 
  1800   000DE0                     RXFBCON0        equ	3552	;# 
  1801   000DE1                     RXFBCON1        equ	3553	;# 
  1802   000DE2                     RXFBCON2        equ	3554	;# 
  1803   000DE3                     RXFBCON3        equ	3555	;# 
  1804   000DE4                     RXFBCON4        equ	3556	;# 
  1805   000DE5                     RXFBCON5        equ	3557	;# 
  1806   000DE6                     RXFBCON6        equ	3558	;# 
  1807   000DE7                     RXFBCON7        equ	3559	;# 
  1808   000DF0                     MSEL0           equ	3568	;# 
  1809   000DF1                     MSEL1           equ	3569	;# 
  1810   000DF2                     MSEL2           equ	3570	;# 
  1811   000DF3                     MSEL3           equ	3571	;# 
  1812   000DF8                     BSEL0           equ	3576	;# 
  1813   000DFA                     BIE0            equ	3578	;# 
  1814   000DFC                     TXBIE           equ	3580	;# 
  1815   000E20                     B0CON           equ	3616	;# 
  1816   000E21                     B0SIDH          equ	3617	;# 
  1817   000E22                     B0SIDL          equ	3618	;# 
  1818   000E23                     B0EIDH          equ	3619	;# 
  1819   000E24                     B0EIDL          equ	3620	;# 
  1820   000E25                     B0DLC           equ	3621	;# 
  1821   000E26                     B0D0            equ	3622	;# 
  1822   000E27                     B0D1            equ	3623	;# 
  1823   000E28                     B0D2            equ	3624	;# 
  1824   000E29                     B0D3            equ	3625	;# 
  1825   000E2A                     B0D4            equ	3626	;# 
  1826   000E2B                     B0D5            equ	3627	;# 
  1827   000E2C                     B0D6            equ	3628	;# 
  1828   000E2D                     B0D7            equ	3629	;# 
  1829   000E2E                     CANSTAT_RO9     equ	3630	;# 
  1830   000E2F                     CANCON_RO9      equ	3631	;# 
  1831   000E30                     B1CON           equ	3632	;# 
  1832   000E31                     B1SIDH          equ	3633	;# 
  1833   000E32                     B1SIDL          equ	3634	;# 
  1834   000E33                     B1EIDH          equ	3635	;# 
  1835   000E34                     B1EIDL          equ	3636	;# 
  1836   000E35                     B1DLC           equ	3637	;# 
  1837   000E36                     B1D0            equ	3638	;# 
  1838   000E37                     B1D1            equ	3639	;# 
  1839   000E38                     B1D2            equ	3640	;# 
  1840   000E39                     B1D3            equ	3641	;# 
  1841   000E3A                     B1D4            equ	3642	;# 
  1842   000E3B                     B1D5            equ	3643	;# 
  1843   000E3C                     B1D6            equ	3644	;# 
  1844   000E3D                     B1D7            equ	3645	;# 
  1845   000E3E                     CANSTAT_RO8     equ	3646	;# 
  1846   000E3F                     CANCON_RO8      equ	3647	;# 
  1847   000E40                     B2CON           equ	3648	;# 
  1848   000E41                     B2SIDH          equ	3649	;# 
  1849   000E42                     B2SIDL          equ	3650	;# 
  1850   000E43                     B2EIDH          equ	3651	;# 
  1851   000E44                     B2EIDL          equ	3652	;# 
  1852   000E45                     B2DLC           equ	3653	;# 
  1853   000E46                     B2D0            equ	3654	;# 
  1854   000E47                     B2D1            equ	3655	;# 
  1855   000E48                     B2D2            equ	3656	;# 
  1856   000E49                     B2D3            equ	3657	;# 
  1857   000E4A                     B2D4            equ	3658	;# 
  1858   000E4B                     B2D5            equ	3659	;# 
  1859   000E4C                     B2D6            equ	3660	;# 
  1860   000E4D                     B2D7            equ	3661	;# 
  1861   000E4E                     CANSTAT_RO7     equ	3662	;# 
  1862   000E4F                     CANCON_RO7      equ	3663	;# 
  1863   000E50                     B3CON           equ	3664	;# 
  1864   000E51                     B3SIDH          equ	3665	;# 
  1865   000E52                     B3SIDL          equ	3666	;# 
  1866   000E53                     B3EIDH          equ	3667	;# 
  1867   000E54                     B3EIDL          equ	3668	;# 
  1868   000E55                     B3DLC           equ	3669	;# 
  1869   000E56                     B3D0            equ	3670	;# 
  1870   000E57                     B3D1            equ	3671	;# 
  1871   000E58                     B3D2            equ	3672	;# 
  1872   000E59                     B3D3            equ	3673	;# 
  1873   000E5A                     B3D4            equ	3674	;# 
  1874   000E5B                     B3D5            equ	3675	;# 
  1875   000E5C                     B3D6            equ	3676	;# 
  1876   000E5D                     B3D7            equ	3677	;# 
  1877   000E5E                     CANSTAT_RO6     equ	3678	;# 
  1878   000E5F                     CANCON_RO6      equ	3679	;# 
  1879   000E60                     B4CON           equ	3680	;# 
  1880   000E61                     B4SIDH          equ	3681	;# 
  1881   000E62                     B4SIDL          equ	3682	;# 
  1882   000E63                     B4EIDH          equ	3683	;# 
  1883   000E64                     B4EIDL          equ	3684	;# 
  1884   000E65                     B4DLC           equ	3685	;# 
  1885   000E66                     B4D0            equ	3686	;# 
  1886   000E67                     B4D1            equ	3687	;# 
  1887   000E68                     B4D2            equ	3688	;# 
  1888   000E69                     B4D3            equ	3689	;# 
  1889   000E6A                     B4D4            equ	3690	;# 
  1890   000E6B                     B4D5            equ	3691	;# 
  1891   000E6C                     B4D6            equ	3692	;# 
  1892   000E6D                     B4D7            equ	3693	;# 
  1893   000E6E                     CANSTAT_RO5     equ	3694	;# 
  1894   000E6F                     CANCON_RO5      equ	3695	;# 
  1895   000E70                     B5CON           equ	3696	;# 
  1896   000E71                     B5SIDH          equ	3697	;# 
  1897   000E72                     B5SIDL          equ	3698	;# 
  1898   000E73                     B5EIDH          equ	3699	;# 
  1899   000E74                     B5EIDL          equ	3700	;# 
  1900   000E75                     B5DLC           equ	3701	;# 
  1901   000E76                     B5D0            equ	3702	;# 
  1902   000E77                     B5D1            equ	3703	;# 
  1903   000E78                     B5D2            equ	3704	;# 
  1904   000E79                     B5D3            equ	3705	;# 
  1905   000E7A                     B5D4            equ	3706	;# 
  1906   000E7B                     B5D5            equ	3707	;# 
  1907   000E7C                     B5D6            equ	3708	;# 
  1908   000E7D                     B5D7            equ	3709	;# 
  1909   000E7E                     CANSTAT_RO4     equ	3710	;# 
  1910   000E7F                     CANCON_RO4      equ	3711	;# 
  1911   000F00                     RXF0SIDH        equ	3840	;# 
  1912   000F01                     RXF0SIDL        equ	3841	;# 
  1913   000F02                     RXF0EIDH        equ	3842	;# 
  1914   000F03                     RXF0EIDL        equ	3843	;# 
  1915   000F04                     RXF1SIDH        equ	3844	;# 
  1916   000F05                     RXF1SIDL        equ	3845	;# 
  1917   000F06                     RXF1EIDH        equ	3846	;# 
  1918   000F07                     RXF1EIDL        equ	3847	;# 
  1919   000F08                     RXF2SIDH        equ	3848	;# 
  1920   000F09                     RXF2SIDL        equ	3849	;# 
  1921   000F0A                     RXF2EIDH        equ	3850	;# 
  1922   000F0B                     RXF2EIDL        equ	3851	;# 
  1923   000F0C                     RXF3SIDH        equ	3852	;# 
  1924   000F0D                     RXF3SIDL        equ	3853	;# 
  1925   000F0E                     RXF3EIDH        equ	3854	;# 
  1926   000F0F                     RXF3EIDL        equ	3855	;# 
  1927   000F10                     RXF4SIDH        equ	3856	;# 
  1928   000F11                     RXF4SIDL        equ	3857	;# 
  1929   000F12                     RXF4EIDH        equ	3858	;# 
  1930   000F13                     RXF4EIDL        equ	3859	;# 
  1931   000F14                     RXF5SIDH        equ	3860	;# 
  1932   000F15                     RXF5SIDL        equ	3861	;# 
  1933   000F16                     RXF5EIDH        equ	3862	;# 
  1934   000F17                     RXF5EIDL        equ	3863	;# 
  1935   000F18                     RXM0SIDH        equ	3864	;# 
  1936   000F19                     RXM0SIDL        equ	3865	;# 
  1937   000F1A                     RXM0EIDH        equ	3866	;# 
  1938   000F1B                     RXM0EIDL        equ	3867	;# 
  1939   000F1C                     RXM1SIDH        equ	3868	;# 
  1940   000F1D                     RXM1SIDL        equ	3869	;# 
  1941   000F1E                     RXM1EIDH        equ	3870	;# 
  1942   000F1F                     RXM1EIDL        equ	3871	;# 
  1943   000F20                     TXB2CON         equ	3872	;# 
  1944   000F21                     TXB2SIDH        equ	3873	;# 
  1945   000F22                     TXB2SIDL        equ	3874	;# 
  1946   000F23                     TXB2EIDH        equ	3875	;# 
  1947   000F24                     TXB2EIDL        equ	3876	;# 
  1948   000F25                     TXB2DLC         equ	3877	;# 
  1949   000F26                     TXB2D0          equ	3878	;# 
  1950   000F27                     TXB2D1          equ	3879	;# 
  1951   000F28                     TXB2D2          equ	3880	;# 
  1952   000F29                     TXB2D3          equ	3881	;# 
  1953   000F2A                     TXB2D4          equ	3882	;# 
  1954   000F2B                     TXB2D5          equ	3883	;# 
  1955   000F2C                     TXB2D6          equ	3884	;# 
  1956   000F2D                     TXB2D7          equ	3885	;# 
  1957   000F2E                     CANSTAT_RO3     equ	3886	;# 
  1958   000F2F                     CANCON_RO3      equ	3887	;# 
  1959   000F30                     TXB1CON         equ	3888	;# 
  1960   000F31                     TXB1SIDH        equ	3889	;# 
  1961   000F32                     TXB1SIDL        equ	3890	;# 
  1962   000F33                     TXB1EIDH        equ	3891	;# 
  1963   000F34                     TXB1EIDL        equ	3892	;# 
  1964   000F35                     TXB1DLC         equ	3893	;# 
  1965   000F36                     TXB1D0          equ	3894	;# 
  1966   000F37                     TXB1D1          equ	3895	;# 
  1967   000F38                     TXB1D2          equ	3896	;# 
  1968   000F39                     TXB1D3          equ	3897	;# 
  1969   000F3A                     TXB1D4          equ	3898	;# 
  1970   000F3B                     TXB1D5          equ	3899	;# 
  1971   000F3C                     TXB1D6          equ	3900	;# 
  1972   000F3D                     TXB1D7          equ	3901	;# 
  1973   000F3E                     CANSTAT_RO2     equ	3902	;# 
  1974   000F3F                     CANCON_RO2      equ	3903	;# 
  1975   000F40                     TXB0CON         equ	3904	;# 
  1976   000F41                     TXB0SIDH        equ	3905	;# 
  1977   000F42                     TXB0SIDL        equ	3906	;# 
  1978   000F43                     TXB0EIDH        equ	3907	;# 
  1979   000F44                     TXB0EIDL        equ	3908	;# 
  1980   000F45                     TXB0DLC         equ	3909	;# 
  1981   000F46                     TXB0D0          equ	3910	;# 
  1982   000F47                     TXB0D1          equ	3911	;# 
  1983   000F48                     TXB0D2          equ	3912	;# 
  1984   000F49                     TXB0D3          equ	3913	;# 
  1985   000F4A                     TXB0D4          equ	3914	;# 
  1986   000F4B                     TXB0D5          equ	3915	;# 
  1987   000F4C                     TXB0D6          equ	3916	;# 
  1988   000F4D                     TXB0D7          equ	3917	;# 
  1989   000F4E                     CANSTAT_RO1     equ	3918	;# 
  1990   000F4F                     CANCON_RO1      equ	3919	;# 
  1991   000F50                     RXB1CON         equ	3920	;# 
  1992   000F51                     RXB1SIDH        equ	3921	;# 
  1993   000F52                     RXB1SIDL        equ	3922	;# 
  1994   000F53                     RXB1EIDH        equ	3923	;# 
  1995   000F54                     RXB1EIDL        equ	3924	;# 
  1996   000F55                     RXB1DLC         equ	3925	;# 
  1997   000F56                     RXB1D0          equ	3926	;# 
  1998   000F57                     RXB1D1          equ	3927	;# 
  1999   000F58                     RXB1D2          equ	3928	;# 
  2000   000F59                     RXB1D3          equ	3929	;# 
  2001   000F5A                     RXB1D4          equ	3930	;# 
  2002   000F5B                     RXB1D5          equ	3931	;# 
  2003   000F5C                     RXB1D6          equ	3932	;# 
  2004   000F5D                     RXB1D7          equ	3933	;# 
  2005   000F5E                     CANSTAT_RO0     equ	3934	;# 
  2006   000F5F                     CANCON_RO0      equ	3935	;# 
  2007   000F60                     RXB0CON         equ	3936	;# 
  2008   000F61                     RXB0SIDH        equ	3937	;# 
  2009   000F62                     RXB0SIDL        equ	3938	;# 
  2010   000F63                     RXB0EIDH        equ	3939	;# 
  2011   000F64                     RXB0EIDL        equ	3940	;# 
  2012   000F65                     RXB0DLC         equ	3941	;# 
  2013   000F66                     RXB0D0          equ	3942	;# 
  2014   000F67                     RXB0D1          equ	3943	;# 
  2015   000F68                     RXB0D2          equ	3944	;# 
  2016   000F69                     RXB0D3          equ	3945	;# 
  2017   000F6A                     RXB0D4          equ	3946	;# 
  2018   000F6B                     RXB0D5          equ	3947	;# 
  2019   000F6C                     RXB0D6          equ	3948	;# 
  2020   000F6D                     RXB0D7          equ	3949	;# 
  2021   000F6E                     CANSTAT         equ	3950	;# 
  2022   000F6F                     CANCON          equ	3951	;# 
  2023   000F70                     BRGCON1         equ	3952	;# 
  2024   000F71                     BRGCON2         equ	3953	;# 
  2025   000F72                     BRGCON3         equ	3954	;# 
  2026   000F73                     CIOCON          equ	3955	;# 
  2027   000F74                     COMSTAT         equ	3956	;# 
  2028   000F75                     RXERRCNT        equ	3957	;# 
  2029   000F76                     TXERRCNT        equ	3958	;# 
  2030   000F77                     ECANCON         equ	3959	;# 
  2031   000F80                     PORTA           equ	3968	;# 
  2032   000F81                     PORTB           equ	3969	;# 
  2033   000F82                     PORTC           equ	3970	;# 
  2034   000F83                     PORTD           equ	3971	;# 
  2035   000F84                     PORTE           equ	3972	;# 
  2036   000F89                     LATA            equ	3977	;# 
  2037   000F8A                     LATB            equ	3978	;# 
  2038   000F8B                     LATC            equ	3979	;# 
  2039   000F8C                     LATD            equ	3980	;# 
  2040   000F8D                     LATE            equ	3981	;# 
  2041   000F92                     TRISA           equ	3986	;# 
  2042   000F92                     DDRA            equ	3986	;# 
  2043   000F93                     TRISB           equ	3987	;# 
  2044   000F93                     DDRB            equ	3987	;# 
  2045   000F94                     TRISC           equ	3988	;# 
  2046   000F94                     DDRC            equ	3988	;# 
  2047   000F95                     TRISD           equ	3989	;# 
  2048   000F95                     DDRD            equ	3989	;# 
  2049   000F96                     TRISE           equ	3990	;# 
  2050   000F96                     DDRE            equ	3990	;# 
  2051   000F9B                     OSCTUNE         equ	3995	;# 
  2052   000F9D                     PIE1            equ	3997	;# 
  2053   000F9E                     PIR1            equ	3998	;# 
  2054   000F9F                     IPR1            equ	3999	;# 
  2055   000FA0                     PIE2            equ	4000	;# 
  2056   000FA1                     PIR2            equ	4001	;# 
  2057   000FA2                     IPR2            equ	4002	;# 
  2058   000FA3                     PIE3            equ	4003	;# 
  2059   000FA4                     PIR3            equ	4004	;# 
  2060   000FA5                     IPR3            equ	4005	;# 
  2061   000FA6                     EECON1          equ	4006	;# 
  2062   000FA7                     EECON2          equ	4007	;# 
  2063   000FA8                     EEDATA          equ	4008	;# 
  2064   000FA9                     EEADR           equ	4009	;# 
  2065   000FAB                     RCSTA           equ	4011	;# 
  2066   000FAB                     RCSTA1          equ	4011	;# 
  2067   000FAC                     TXSTA           equ	4012	;# 
  2068   000FAC                     TXSTA1          equ	4012	;# 
  2069   000FAD                     TXREG           equ	4013	;# 
  2070   000FAD                     TXREG1          equ	4013	;# 
  2071   000FAE                     RCREG           equ	4014	;# 
  2072   000FAE                     RCREG1          equ	4014	;# 
  2073   000FAF                     SPBRG           equ	4015	;# 
  2074   000FAF                     SPBRG1          equ	4015	;# 
  2075   000FB0                     SPBRGH          equ	4016	;# 
  2076   000FB1                     T3CON           equ	4017	;# 
  2077   000FB2                     TMR3            equ	4018	;# 
  2078   000FB2                     TMR3L           equ	4018	;# 
  2079   000FB3                     TMR3H           equ	4019	;# 
  2080   000FB4                     CMCON           equ	4020	;# 
  2081   000FB5                     CVRCON          equ	4021	;# 
  2082   000FB6                     ECCP1AS         equ	4022	;# 
  2083   000FB7                     ECCP1DEL        equ	4023	;# 
  2084   000FB8                     BAUDCON         equ	4024	;# 
  2085   000FB8                     BAUDCTL         equ	4024	;# 
  2086   000FBA                     ECCP1CON        equ	4026	;# 
  2087   000FBB                     ECCPR1          equ	4027	;# 
  2088   000FBB                     ECCPR1L         equ	4027	;# 
  2089   000FBC                     ECCPR1H         equ	4028	;# 
  2090   000FBD                     CCP1CON         equ	4029	;# 
  2091   000FBE                     CCPR1           equ	4030	;# 
  2092   000FBE                     CCPR1L          equ	4030	;# 
  2093   000FBF                     CCPR1H          equ	4031	;# 
  2094   000FC0                     ADCON2          equ	4032	;# 
  2095   000FC1                     ADCON1          equ	4033	;# 
  2096   000FC2                     ADCON0          equ	4034	;# 
  2097   000FC3                     ADRES           equ	4035	;# 
  2098   000FC3                     ADRESL          equ	4035	;# 
  2099   000FC4                     ADRESH          equ	4036	;# 
  2100   000FC5                     SSPCON2         equ	4037	;# 
  2101   000FC6                     SSPCON1         equ	4038	;# 
  2102   000FC7                     SSPSTAT         equ	4039	;# 
  2103   000FC8                     SSPADD          equ	4040	;# 
  2104   000FC9                     SSPBUF          equ	4041	;# 
  2105   000FCA                     T2CON           equ	4042	;# 
  2106   000FCB                     PR2             equ	4043	;# 
  2107   000FCB                     MEMCON          equ	4043	;# 
  2108   000FCC                     TMR2            equ	4044	;# 
  2109   000FCD                     T1CON           equ	4045	;# 
  2110   000FCE                     TMR1            equ	4046	;# 
  2111   000FCE                     TMR1L           equ	4046	;# 
  2112   000FCF                     TMR1H           equ	4047	;# 
  2113   000FD0                     RCON            equ	4048	;# 
  2114   000FD1                     WDTCON          equ	4049	;# 
  2115   000FD2                     HLVDCON         equ	4050	;# 
  2116   000FD2                     LVDCON          equ	4050	;# 
  2117   000FD3                     OSCCON          equ	4051	;# 
  2118   000FD5                     T0CON           equ	4053	;# 
  2119   000FD6                     TMR0            equ	4054	;# 
  2120   000FD6                     TMR0L           equ	4054	;# 
  2121   000FD7                     TMR0H           equ	4055	;# 
  2122   000FD8                     STATUS          equ	4056	;# 
  2123   000FD9                     FSR2            equ	4057	;# 
  2124   000FD9                     FSR2L           equ	4057	;# 
  2125   000FDA                     FSR2H           equ	4058	;# 
  2126   000FDB                     PLUSW2          equ	4059	;# 
  2127   000FDC                     PREINC2         equ	4060	;# 
  2128   000FDD                     POSTDEC2        equ	4061	;# 
  2129   000FDE                     POSTINC2        equ	4062	;# 
  2130   000FDF                     INDF2           equ	4063	;# 
  2131   000FE0                     BSR             equ	4064	;# 
  2132   000FE1                     FSR1            equ	4065	;# 
  2133   000FE1                     FSR1L           equ	4065	;# 
  2134   000FE2                     FSR1H           equ	4066	;# 
  2135   000FE3                     PLUSW1          equ	4067	;# 
  2136   000FE4                     PREINC1         equ	4068	;# 
  2137   000FE5                     POSTDEC1        equ	4069	;# 
  2138   000FE6                     POSTINC1        equ	4070	;# 
  2139   000FE7                     INDF1           equ	4071	;# 
  2140   000FE8                     WREG            equ	4072	;# 
  2141   000FE9                     FSR0            equ	4073	;# 
  2142   000FE9                     FSR0L           equ	4073	;# 
  2143   000FEA                     FSR0H           equ	4074	;# 
  2144   000FEB                     PLUSW0          equ	4075	;# 
  2145   000FEC                     PREINC0         equ	4076	;# 
  2146   000FED                     POSTDEC0        equ	4077	;# 
  2147   000FEE                     POSTINC0        equ	4078	;# 
  2148   000FEF                     INDF0           equ	4079	;# 
  2149   000FF0                     INTCON3         equ	4080	;# 
  2150   000FF1                     INTCON2         equ	4081	;# 
  2151   000FF2                     INTCON          equ	4082	;# 
  2152   000FF3                     PROD            equ	4083	;# 
  2153   000FF3                     PRODL           equ	4083	;# 
  2154   000FF4                     PRODH           equ	4084	;# 
  2155   000FF5                     TABLAT          equ	4085	;# 
  2156   000FF6                     TBLPTR          equ	4086	;# 
  2157   000FF6                     TBLPTRL         equ	4086	;# 
  2158   000FF7                     TBLPTRH         equ	4087	;# 
  2159   000FF8                     TBLPTRU         equ	4088	;# 
  2160   000FF9                     PCLAT           equ	4089	;# 
  2161   000FF9                     PC              equ	4089	;# 
  2162   000FF9                     PCL             equ	4089	;# 
  2163   000FFA                     PCLATH          equ	4090	;# 
  2164   000FFB                     PCLATU          equ	4091	;# 
  2165   000FFC                     STKPTR          equ	4092	;# 
  2166   000FFD                     TOS             equ	4093	;# 
  2167   000FFD                     TOSL            equ	4093	;# 
  2168   000FFE                     TOSH            equ	4094	;# 
  2169   000FFF                     TOSU            equ	4095	;# 
  2170                           
  2171                           	psect	idataCOMRAM
  2172   003000                     __pidataCOMRAM:
  2173                           	callstack 0
  2174                           
  2175                           ;initializer for read_digital_keypad@once
  2176   003000  01                 	db	1
  2177   000DD4                     _RXFCON0        set	3540
  2178   000F45                     _TXB0DLC        set	3909
  2179   000F44                     _TXB0EIDL       set	3908
  2180   000F43                     _TXB0EIDH       set	3907
  2181   000F41                     _TXB0SIDH       set	3905
  2182   000F42                     _TXB0SIDL       set	3906
  2183   000F46                     _TXB0D0         set	3910
  2184   007A03                     _TXB0REQ        set	31235
  2185   000F65                     _RXB0DLC        set	3941
  2186   000F61                     _RXB0SIDH       set	3937
  2187   000F62                     _RXB0SIDL       set	3938
  2188   000F60                     _RXB0CONbits    set	3936
  2189   000F60                     _RXB0CON        set	3936
  2190   000F72                     _BRGCON3        set	3954
  2191   000F71                     _BRGCON2        set	3953
  2192   000F70                     _BRGCON1        set	3952
  2193   000F77                     _ECANCON        set	3959
  2194   000F6E                     _CANSTAT        set	3950
  2195   000F6F                     _CANCON         set	3951
  2196   000F82                     _PORTC          set	3970
  2197   000FC2                     _ADCON0         set	4034
  2198   000FC3                     _ADRESL         set	4035
  2199   000FC4                     _ADRESH         set	4036
  2200   000F94                     _TRISC          set	3988
  2201   000F95                     _TRISD          set	3989
  2202   000F83                     _PORTD          set	3971
  2203   000F81                     _PORTB          set	3969
  2204   000F93                     _TRISB          set	3987
  2205   000F66                     _RXB0D0         set	3942
  2206   007D20                     _RXB0IF         set	32032
  2207   007B07                     _RXB0FUL        set	31495
  2208   007C9B                     _TRISB3         set	31899
  2209   007C9A                     _TRISB2         set	31898
  2210   007E11                     _GO             set	32273
  2211   007E10                     _ADON           set	32272
  2212   007E0C                     _VCFG0          set	32268
  2213   007E0D                     _VCFG1          set	32269
  2214   007E11                     _GODONE         set	32273
  2215   007E02                     _ADCS2          set	32258
  2216   007E01                     _ADCS1          set	32257
  2217   007E00                     _ADCS0          set	32256
  2218   007E03                     _ACQT0          set	32259
  2219   007E04                     _ACQT1          set	32260
  2220   007E05                     _ACQT2          set	32261
  2221   007E07                     _ADFM           set	32263
  2222   007C1F                     _RD7            set	31775
  2223   007C10                     _RC0            set	31760
  2224   007CAF                     _TRISD7         set	31919
  2225   007C12                     _RC2            set	31762
  2226   007C11                     _RC1            set	31761
  2227                           
  2228                           ; #config settings
  2229                           
  2230                           	psect	cinit
  2231   000F38                     __pcinit:
  2232                           	callstack 0
  2233   000F38                     start_initialization:
  2234                           	callstack 0
  2235   000F38                     __initialization:
  2236                           	callstack 0
  2237                           
  2238                           ; Initialize objects allocated to COMRAM (1 bytes)
  2239                           ; load TBLPTR registers with __pidataCOMRAM
  2240   000F38  0E00               	movlw	low __pidataCOMRAM
  2241   000F3A  6EF6               	movwf	tblptrl,c
  2242   000F3C  0E30               	movlw	high __pidataCOMRAM
  2243   000F3E  6EF7               	movwf	tblptrh,c
  2244   000F40  0E00               	movlw	low (__pidataCOMRAM shr (0+16))
  2245   000F42  6EF8               	movwf	tblptru,c
  2246   000F44  0009               	tblrd		*+	;fetch initializer
  2247   000F46  CFF5 F04A          	movff	tablat,__pdataCOMRAM
  2248                           
  2249                           ; Clear objects allocated to COMRAM (9 bytes)
  2250   000F4A  EE00  F041         	lfsr	0,__pbssCOMRAM
  2251   000F4E  0E09               	movlw	9
  2252   000F50                     clear_0:
  2253   000F50  6AEE               	clrf	postinc0,c
  2254   000F52  06E8               	decf	wreg,f,c
  2255   000F54  E1FD               	bnz	clear_0
  2256   000F56                     end_of_initialization:
  2257                           	callstack 0
  2258   000F56                     __end_of__initialization:
  2259                           	callstack 0
  2260   000F56  0100               	movlb	0
  2261   000F58  EF25  F006         	goto	_main	;jump to C main() function
  2262                           
  2263                           	psect	bssCOMRAM
  2264   000041                     __pbssCOMRAM:
  2265                           	callstack 0
  2266   000041                     _rpm_str:
  2267                           	callstack 0
  2268   000041                     	ds	6
  2269   000047                     _rpm_val:
  2270                           	callstack 0
  2271   000047                     	ds	2
  2272   000049                     _indicator_val:
  2273                           	callstack 0
  2274   000049                     	ds	1
  2275                           
  2276                           	psect	dataCOMRAM
  2277   00004A                     __pdataCOMRAM:
  2278                           	callstack 0
  2279   00004A                     read_digital_keypad@once:
  2280                           	callstack 0
  2281   00004A                     	ds	1
  2282                           
  2283                           	psect	cstackCOMRAM
  2284   000001                     __pcstackCOMRAM:
  2285                           	callstack 0
  2286   000001                     ?_read_adc:
  2287                           	callstack 0
  2288   000001                     read_digital_keypad@detection_type:
  2289                           	callstack 0
  2290   000001                     set_msg_id_std@id:
  2291                           	callstack 0
  2292   000001                     
  2293                           ; 1 bytes @ 0x0
  2294   000001                     	ds	1
  2295   000002                     update_indicators@key:
  2296                           	callstack 0
  2297   000002                     
  2298                           ; 1 bytes @ 0x1
  2299   000002                     	ds	1
  2300   000003                     ??_read_adc:
  2301   000003                     ??_set_msg_id_std:
  2302                           
  2303                           ; 1 bytes @ 0x2
  2304   000003                     	ds	2
  2305   000005                     read_adc@reg_val:
  2306                           	callstack 0
  2307   000005                     can_transmit@msg_id:
  2308                           	callstack 0
  2309                           
  2310                           ; 2 bytes @ 0x4
  2311   000005                     	ds	2
  2312   000007                     read_adc@channel:
  2313                           	callstack 0
  2314   000007                     can_transmit@data:
  2315                           	callstack 0
  2316                           
  2317                           ; 1 bytes @ 0x6
  2318   000007                     	ds	1
  2319   000008                     ?___xxtofl:
  2320                           	callstack 0
  2321   000008                     can_transmit@len:
  2322                           	callstack 0
  2323   000008                     ___xxtofl@val:
  2324                           	callstack 0
  2325                           
  2326                           ; 4 bytes @ 0x7
  2327   000008                     	ds	1
  2328   000009                     ??_can_transmit:
  2329                           
  2330                           ; 1 bytes @ 0x8
  2331   000009                     	ds	3
  2332   00000C                     can_transmit@ptr:
  2333                           	callstack 0
  2334   00000C                     ??___xxtofl:
  2335                           
  2336                           ; 1 bytes @ 0xB
  2337   00000C                     	ds	2
  2338   00000E                     can_transmit@i:
  2339                           	callstack 0
  2340                           
  2341                           ; 2 bytes @ 0xD
  2342   00000E                     	ds	2
  2343   000010                     ___xxtofl@sign:
  2344                           	callstack 0
  2345                           
  2346                           ; 1 bytes @ 0xF
  2347   000010                     	ds	1
  2348   000011                     ___xxtofl@exp:
  2349                           	callstack 0
  2350                           
  2351                           ; 1 bytes @ 0x10
  2352   000011                     	ds	1
  2353   000012                     ___xxtofl@arg:
  2354                           	callstack 0
  2355                           
  2356                           ; 4 bytes @ 0x11
  2357   000012                     	ds	4
  2358   000016                     ?___fldiv:
  2359                           	callstack 0
  2360   000016                     ___fldiv@b:
  2361                           	callstack 0
  2362                           
  2363                           ; 4 bytes @ 0x15
  2364   000016                     	ds	4
  2365   00001A                     ___fldiv@a:
  2366                           	callstack 0
  2367                           
  2368                           ; 4 bytes @ 0x19
  2369   00001A                     	ds	4
  2370   00001E                     ??___fldiv:
  2371                           
  2372                           ; 1 bytes @ 0x1D
  2373   00001E                     	ds	4
  2374   000022                     ___fldiv@rem:
  2375                           	callstack 0
  2376                           
  2377                           ; 4 bytes @ 0x21
  2378   000022                     	ds	4
  2379   000026                     ___fldiv@sign:
  2380                           	callstack 0
  2381                           
  2382                           ; 1 bytes @ 0x25
  2383   000026                     	ds	1
  2384   000027                     ___fldiv@new_exp:
  2385                           	callstack 0
  2386                           
  2387                           ; 2 bytes @ 0x26
  2388   000027                     	ds	2
  2389   000029                     ___fldiv@grs:
  2390                           	callstack 0
  2391                           
  2392                           ; 4 bytes @ 0x28
  2393   000029                     	ds	4
  2394   00002D                     ___fldiv@bexp:
  2395                           	callstack 0
  2396                           
  2397                           ; 1 bytes @ 0x2C
  2398   00002D                     	ds	1
  2399   00002E                     ___fldiv@aexp:
  2400                           	callstack 0
  2401                           
  2402                           ; 1 bytes @ 0x2D
  2403   00002E                     	ds	1
  2404   00002F                     ?___fltol:
  2405                           	callstack 0
  2406   00002F                     ___fltol@f1:
  2407                           	callstack 0
  2408                           
  2409                           ; 4 bytes @ 0x2E
  2410   00002F                     	ds	4
  2411   000033                     ??___fltol:
  2412                           
  2413                           ; 1 bytes @ 0x32
  2414   000033                     	ds	4
  2415   000037                     ___fltol@sign1:
  2416                           	callstack 0
  2417                           
  2418                           ; 1 bytes @ 0x36
  2419   000037                     	ds	1
  2420   000038                     ___fltol@exp1:
  2421                           	callstack 0
  2422                           
  2423                           ; 1 bytes @ 0x37
  2424   000038                     	ds	1
  2425   000039                     ?_read_rpm:
  2426                           	callstack 0
  2427                           
  2428                           ; 2 bytes @ 0x38
  2429   000039                     	ds	2
  2430   00003B                     read_rpm@adc_value:
  2431                           	callstack 0
  2432   00003B                     
  2433                           ; 1 bytes @ 0x3A
  2434   00003B                     	ds	2
  2435   00003D                     main@delay:
  2436                           	callstack 0
  2437   00003D                     
  2438                           ; 1 bytes @ 0x3C
  2439   00003D                     	ds	2
  2440   00003F                     main@delay_68:
  2441                           	callstack 0
  2442                           
  2443                           ; 2 bytes @ 0x3E
  2444   00003F                     	ds	2
  2445                           
  2446 ;;
  2447 ;;Main: autosize = 0, tempsize = 0, incstack = 0, save=0
  2448 ;;
  2449 ;; *************** function _main *****************
  2450 ;; Defined at:
  2451 ;;		line 53 in file "main_ecu1.c"
  2452 ;; Parameters:    Size  Location     Type
  2453 ;;		None
  2454 ;; Auto vars:     Size  Location     Type
  2455 ;;  delay           2   62[COMRAM] int 
  2456 ;;  delay           2   60[COMRAM] int 
  2457 ;; Return value:  Size  Location     Type
  2458 ;;                  1    wreg      void 
  2459 ;; Registers used:
  2460 ;;		wreg, fsr1l, fsr1h, fsr2l, fsr2h, status,2, status,0, cstack
  2461 ;; Tracked objects:
  2462 ;;		On entry : 0/0
  2463 ;;		On exit  : 0/0
  2464 ;;		Unchanged: 0/0
  2465 ;; Data sizes:     COMRAM   BANK0   BANK1   BANK2   BANK3   BANK4   BANK5
  2466 ;;      Params:         0       0       0       0       0       0       0
  2467 ;;      Locals:         4       0       0       0       0       0       0
  2468 ;;      Temps:          0       0       0       0       0       0       0
  2469 ;;      Totals:         4       0       0       0       0       0       0
  2470 ;;Total ram usage:        4 bytes
  2471 ;; Hardware stack levels required when called: 2
  2472 ;; This function calls:
  2473 ;;		_can_transmit
  2474 ;;		_init_config
  2475 ;;		_read_rpm
  2476 ;;		_update_indicators
  2477 ;; This function is called by:
  2478 ;;		Startup code after reset
  2479 ;; This function uses a non-reentrant model
  2480 ;;
  2481                           
  2482                           	psect	text0
  2483   000C4A                     __ptext0:
  2484                           	callstack 0
  2485   000C4A                     _main:
  2486                           	callstack 29
  2487   000C4A                     
  2488                           ;main_ecu1.c: 55:     init_config();
  2489   000C4A  ECBC  F007         	call	_init_config	;wreg free
  2490   000C4E                     l41:
  2491                           
  2492                           ;main_ecu1.c: 58:     {;main_ecu1.c: 60:         rpm_val = read_rpm();
  2493   000C4E  EC0C  F007         	call	_read_rpm	;wreg free
  2494   000C52  C039  F047         	movff	?_read_rpm,_rpm_val
  2495   000C56  C03A  F048         	movff	?_read_rpm+1,_rpm_val+1
  2496   000C5A                     
  2497                           ;main_ecu1.c: 63:         can_transmit(0x30, &rpm_val, 1);
  2498   000C5A  6A06               	clrf	(can_transmit@msg_id+1)^0,c
  2499   000C5C  0E30               	movlw	48
  2500   000C5E  6E05               	movwf	can_transmit@msg_id^0,c
  2501   000C60  0E47               	movlw	low _rpm_val
  2502   000C62  6E07               	movwf	can_transmit@data^0,c
  2503   000C64  0E01               	movlw	1
  2504   000C66  6E08               	movwf	can_transmit@len^0,c
  2505   000C68  EC9F  F006         	call	_can_transmit	;wreg free
  2506   000C6C                     
  2507                           ;main_ecu1.c: 65:         for(int delay = 100; delay--;);
  2508   000C6C  6A3E               	clrf	(main@delay+1)^0,c
  2509   000C6E  0E64               	movlw	100
  2510   000C70  6E3D               	movwf	main@delay^0,c
  2511   000C72                     l1708:
  2512   000C72  063D               	decf	main@delay^0,f,c
  2513   000C74  A0D8               	btfss	status,0,c
  2514   000C76  063E               	decf	(main@delay+1)^0,f,c
  2515   000C78  283D               	incf	main@delay^0,w,c
  2516   000C7A  E106               	bnz	u1051
  2517   000C7C  283E               	incf	(main@delay+1)^0,w,c
  2518   000C7E  A4D8               	btfss	status,2,c
  2519   000C80  EF44  F006         	goto	u1051
  2520   000C84  EF46  F006         	goto	u1050
  2521   000C88                     u1051:
  2522   000C88  EF39  F006         	goto	l1708
  2523   000C8C                     u1050:
  2524   000C8C                     
  2525                           ;main_ecu1.c: 68:         update_indicators();
  2526   000C8C  ECD6  F006         	call	_update_indicators	;wreg free
  2527   000C90                     
  2528                           ;main_ecu1.c: 71:         can_transmit(0x40, &indicator_val, 1);
  2529   000C90  6A06               	clrf	(can_transmit@msg_id+1)^0,c
  2530   000C92  0E40               	movlw	64
  2531   000C94  6E05               	movwf	can_transmit@msg_id^0,c
  2532   000C96  0E49               	movlw	low _indicator_val
  2533   000C98  6E07               	movwf	can_transmit@data^0,c
  2534   000C9A  0E01               	movlw	1
  2535   000C9C  6E08               	movwf	can_transmit@len^0,c
  2536   000C9E  EC9F  F006         	call	_can_transmit	;wreg free
  2537   000CA2                     
  2538                           ;main_ecu1.c: 73:         for(int delay = 200; delay--;);
  2539   000CA2  6A40               	clrf	(main@delay_68+1)^0,c
  2540   000CA4  0EC8               	movlw	200
  2541   000CA6  6E3F               	movwf	main@delay_68^0,c
  2542   000CA8                     l1716:
  2543   000CA8  063F               	decf	main@delay_68^0,f,c
  2544   000CAA  A0D8               	btfss	status,0,c
  2545   000CAC  0640               	decf	(main@delay_68+1)^0,f,c
  2546   000CAE  283F               	incf	main@delay_68^0,w,c
  2547   000CB0  E106               	bnz	u1061
  2548   000CB2  2840               	incf	(main@delay_68+1)^0,w,c
  2549   000CB4  A4D8               	btfss	status,2,c
  2550   000CB6  EF5F  F006         	goto	u1061
  2551   000CBA  EF61  F006         	goto	u1060
  2552   000CBE                     u1061:
  2553   000CBE  EF54  F006         	goto	l1716
  2554   000CC2                     u1060:
  2555   000CC2  EF27  F006         	goto	l41
  2556   000CC6  EFFE  F017         	goto	start
  2557   000CCA                     __end_of_main:
  2558                           	callstack 0
  2559                           
  2560 ;; *************** function _update_indicators *****************
  2561 ;; Defined at:
  2562 ;;		line 38 in file "main_ecu1.c"
  2563 ;; Parameters:    Size  Location     Type
  2564 ;;		None
  2565 ;; Auto vars:     Size  Location     Type
  2566 ;;  key             1    1[COMRAM] unsigned char 
  2567 ;; Return value:  Size  Location     Type
  2568 ;;                  1    wreg      void 
  2569 ;; Registers used:
  2570 ;;		wreg, status,2, status,0, cstack
  2571 ;; Tracked objects:
  2572 ;;		On entry : 0/0
  2573 ;;		On exit  : 0/0
  2574 ;;		Unchanged: 0/0
  2575 ;; Data sizes:     COMRAM   BANK0   BANK1   BANK2   BANK3   BANK4   BANK5
  2576 ;;      Params:         0       0       0       0       0       0       0
  2577 ;;      Locals:         1       0       0       0       0       0       0
  2578 ;;      Temps:          0       0       0       0       0       0       0
  2579 ;;      Totals:         1       0       0       0       0       0       0
  2580 ;;Total ram usage:        1 bytes
  2581 ;; Hardware stack levels used: 1
  2582 ;; Hardware stack levels required when called: 1
  2583 ;; This function calls:
  2584 ;;		_read_digital_keypad
  2585 ;; This function is called by:
  2586 ;;		_main
  2587 ;; This function uses a non-reentrant model
  2588 ;;
  2589                           
  2590                           	psect	text1
  2591   000DAC                     __ptext1:
  2592                           	callstack 0
  2593   000DAC                     _update_indicators:
  2594                           	callstack 29
  2595   000DAC                     
  2596                           ;main_ecu1.c: 41:     char key = read_digital_keypad(1);
  2597   000DAC  0E01               	movlw	1
  2598   000DAE  EC65  F006         	call	_read_digital_keypad
  2599   000DB2  6E02               	movwf	update_indicators@key^0,c
  2600   000DB4                     
  2601                           ;main_ecu1.c: 43:     if(key == 0x0E)
  2602   000DB4  0E0E               	movlw	14
  2603   000DB6  1802               	xorwf	update_indicators@key^0,w,c
  2604   000DB8  A4D8               	btfss	status,2,c
  2605   000DBA  EFE1  F006         	goto	u491
  2606   000DBE  EFE3  F006         	goto	u490
  2607   000DC2                     u491:
  2608   000DC2  EFE7  F006         	goto	l1306
  2609   000DC6                     u490:
  2610   000DC6                     
  2611                           ;main_ecu1.c: 44:         indicator_val = 1;
  2612   000DC6  0E01               	movlw	1
  2613   000DC8  6E49               	movwf	_indicator_val^0,c
  2614   000DCA  EF0B  F007         	goto	l36
  2615   000DCE                     l1306:
  2616   000DCE  0E0D               	movlw	13
  2617   000DD0  1802               	xorwf	update_indicators@key^0,w,c
  2618   000DD2  A4D8               	btfss	status,2,c
  2619   000DD4  EFEE  F006         	goto	u501
  2620   000DD8  EFF0  F006         	goto	u500
  2621   000DDC                     u501:
  2622   000DDC  EFF4  F006         	goto	l1310
  2623   000DE0                     u500:
  2624   000DE0                     
  2625                           ;main_ecu1.c: 46:         indicator_val = 2;
  2626   000DE0  0E02               	movlw	2
  2627   000DE2  6E49               	movwf	_indicator_val^0,c
  2628   000DE4  EF0B  F007         	goto	l36
  2629   000DE8                     l1310:
  2630   000DE8  0E0B               	movlw	11
  2631   000DEA  1802               	xorwf	update_indicators@key^0,w,c
  2632   000DEC  A4D8               	btfss	status,2,c
  2633   000DEE  EFFB  F006         	goto	u511
  2634   000DF2  EFFD  F006         	goto	u510
  2635   000DF6                     u511:
  2636   000DF6  EF01  F007         	goto	l1314
  2637   000DFA                     u510:
  2638   000DFA                     
  2639                           ;main_ecu1.c: 48:         indicator_val = 3;
  2640   000DFA  0E03               	movlw	3
  2641   000DFC  6E49               	movwf	_indicator_val^0,c
  2642   000DFE  EF0B  F007         	goto	l36
  2643   000E02                     l1314:
  2644   000E02  0E07               	movlw	7
  2645   000E04  1802               	xorwf	update_indicators@key^0,w,c
  2646   000E06  A4D8               	btfss	status,2,c
  2647   000E08  EF08  F007         	goto	u521
  2648   000E0C  EF0A  F007         	goto	u520
  2649   000E10                     u521:
  2650   000E10  EF0B  F007         	goto	l36
  2651   000E14                     u520:
  2652   000E14                     
  2653                           ;main_ecu1.c: 50:         indicator_val = 0;
  2654   000E14  6A49               	clrf	_indicator_val^0,c
  2655   000E16                     l36:
  2656   000E16  0012               	return		;funcret
  2657   000E18                     __end_of_update_indicators:
  2658                           	callstack 0
  2659                           
  2660 ;; *************** function _read_rpm *****************
  2661 ;; Defined at:
  2662 ;;		line 32 in file "main_ecu1.c"
  2663 ;; Parameters:    Size  Location     Type
  2664 ;;		None
  2665 ;; Auto vars:     Size  Location     Type
  2666 ;;  adc_value       2   58[COMRAM] unsigned int 
  2667 ;; Return value:  Size  Location     Type
  2668 ;;                  2   56[COMRAM] unsigned int 
  2669 ;; Registers used:
  2670 ;;		wreg, status,2, status,0, cstack
  2671 ;; Tracked objects:
  2672 ;;		On entry : 0/0
  2673 ;;		On exit  : 0/0
  2674 ;;		Unchanged: 0/0
  2675 ;; Data sizes:     COMRAM   BANK0   BANK1   BANK2   BANK3   BANK4   BANK5
  2676 ;;      Params:         2       0       0       0       0       0       0
  2677 ;;      Locals:         2       0       0       0       0       0       0
  2678 ;;      Temps:          0       0       0       0       0       0       0
  2679 ;;      Totals:         4       0       0       0       0       0       0
  2680 ;;Total ram usage:        4 bytes
  2681 ;; Hardware stack levels used: 1
  2682 ;; Hardware stack levels required when called: 1
  2683 ;; This function calls:
  2684 ;;		___fldiv
  2685 ;;		___fltol
  2686 ;;		___xxtofl
  2687 ;;		_read_adc
  2688 ;; This function is called by:
  2689 ;;		_main
  2690 ;; This function uses a non-reentrant model
  2691 ;;
  2692                           
  2693                           	psect	text2
  2694   000E18                     __ptext2:
  2695                           	callstack 0
  2696   000E18                     _read_rpm:
  2697                           	callstack 29
  2698   000E18                     
  2699                           ;main_ecu1.c: 34:     unsigned int adc_value = read_adc(0x04)/10.23;
  2700   000E18  0E14               	movlw	20
  2701   000E1A  6E1A               	movwf	___fldiv@a^0,c
  2702   000E1C  0EAE               	movlw	174
  2703   000E1E  6E1B               	movwf	(___fldiv@a+1)^0,c
  2704   000E20  0E23               	movlw	35
  2705   000E22  6E1C               	movwf	(___fldiv@a+2)^0,c
  2706   000E24  0E41               	movlw	65
  2707   000E26  6E1D               	movwf	(___fldiv@a+3)^0,c
  2708   000E28  0E04               	movlw	4
  2709   000E2A  EC3D  F007         	call	_read_adc
  2710   000E2E  C001  F008         	movff	?_read_adc,___xxtofl@val
  2711   000E32  C002  F009         	movff	?_read_adc+1,___xxtofl@val+1
  2712   000E36  6A0A               	clrf	(___xxtofl@val+2)^0,c
  2713   000E38  6A0B               	clrf	(___xxtofl@val+3)^0,c
  2714   000E3A  0E00               	movlw	0
  2715   000E3C  ECC8  F004         	call	___xxtofl
  2716   000E40  C008  F016         	movff	?___xxtofl,___fldiv@b
  2717   000E44  C009  F017         	movff	?___xxtofl+1,___fldiv@b+1
  2718   000E48  C00A  F018         	movff	?___xxtofl+2,___fldiv@b+2
  2719   000E4C  C00B  F019         	movff	?___xxtofl+3,___fldiv@b+3
  2720   000E50  EC01  F003         	call	___fldiv	;wreg free
  2721   000E54  C016  F02F         	movff	?___fldiv,___fltol@f1
  2722   000E58  C017  F030         	movff	?___fldiv+1,___fltol@f1+1
  2723   000E5C  C018  F031         	movff	?___fldiv+2,___fltol@f1+2
  2724   000E60  C019  F032         	movff	?___fldiv+3,___fltol@f1+3
  2725   000E64  ECA2  F005         	call	___fltol	;wreg free
  2726   000E68  C02F  F03B         	movff	?___fltol,read_rpm@adc_value
  2727   000E6C  C030  F03C         	movff	?___fltol+1,read_rpm@adc_value+1
  2728   000E70                     
  2729                           ;main_ecu1.c: 35:     return adc_value ;
  2730   000E70  C03B  F039         	movff	read_rpm@adc_value,?_read_rpm
  2731   000E74  C03C  F03A         	movff	read_rpm@adc_value+1,?_read_rpm+1
  2732   000E78  0012               	return		;funcret
  2733   000E7A                     __end_of_read_rpm:
  2734                           	callstack 0
  2735                           
  2736 ;; *************** function _read_adc *****************
  2737 ;; Defined at:
  2738 ;;		line 44 in file "adc.c"
  2739 ;; Parameters:    Size  Location     Type
  2740 ;;  channel         1    wreg     unsigned char 
  2741 ;; Auto vars:     Size  Location     Type
  2742 ;;  channel         1    6[COMRAM] unsigned char 
  2743 ;;  reg_val         2    4[COMRAM] unsigned short 
  2744 ;; Return value:  Size  Location     Type
  2745 ;;                  2    0[COMRAM] unsigned short 
  2746 ;; Registers used:
  2747 ;;		wreg, status,2, status,0
  2748 ;; Tracked objects:
  2749 ;;		On entry : 0/0
  2750 ;;		On exit  : 0/0
  2751 ;;		Unchanged: 0/0
  2752 ;; Data sizes:     COMRAM   BANK0   BANK1   BANK2   BANK3   BANK4   BANK5
  2753 ;;      Params:         2       0       0       0       0       0       0
  2754 ;;      Locals:         3       0       0       0       0       0       0
  2755 ;;      Temps:          2       0       0       0       0       0       0
  2756 ;;      Totals:         7       0       0       0       0       0       0
  2757 ;;Total ram usage:        7 bytes
  2758 ;; Hardware stack levels used: 1
  2759 ;; This function calls:
  2760 ;;		Nothing
  2761 ;; This function is called by:
  2762 ;;		_read_rpm
  2763 ;; This function uses a non-reentrant model
  2764 ;;
  2765                           
  2766                           	psect	text3
  2767   000E7A                     __ptext3:
  2768                           	callstack 0
  2769   000E7A                     _read_adc:
  2770                           	callstack 29
  2771                           
  2772                           ;incstack = 0
  2773                           ;read_adc@channel stored from wreg
  2774   000E7A  6E07               	movwf	read_adc@channel^0,c
  2775   000E7C                     
  2776                           ;adc.c: 44: unsigned short read_adc(unsigned char channel);adc.c: 45: {;adc.c: 46:  unsi
      +                          gned short reg_val;;adc.c: 49:  ADCON0 = (ADCON0 & 0xC3) | (channel << 2);
  2777   000E7C  C007  F003         	movff	read_adc@channel,??_read_adc
  2778   000E80  90D8               	bcf	status,0,c
  2779   000E82  3603               	rlcf	??_read_adc^0,f,c
  2780   000E84  90D8               	bcf	status,0,c
  2781   000E86  3603               	rlcf	??_read_adc^0,f,c
  2782   000E88  50C2               	movf	194,w,c	;volatile
  2783   000E8A  0BC3               	andlw	195
  2784   000E8C  1003               	iorwf	??_read_adc^0,w,c
  2785   000E8E  6EC2               	movwf	194,c	;volatile
  2786   000E90                     
  2787                           ;adc.c: 52:  GO = 1;
  2788   000E90  82C2               	bsf	4034,1,c	;volatile
  2789   000E92                     l118:
  2790   000E92  B2C2               	btfsc	4034,1,c	;volatile
  2791   000E94  EF4E  F007         	goto	u621
  2792   000E98  EF50  F007         	goto	u620
  2793   000E9C                     u621:
  2794   000E9C  EF49  F007         	goto	l118
  2795   000EA0                     u620:
  2796   000EA0                     
  2797                           ;adc.c: 54:  reg_val = (ADRESH << 8) | ADRESL;
  2798   000EA0  50C3               	movf	195,w,c	;volatile
  2799   000EA2  CFC4 F003          	movff	4036,??_read_adc	;volatile
  2800   000EA6  6A04               	clrf	(??_read_adc+1)^0,c
  2801   000EA8  C003  F004         	movff	??_read_adc,??_read_adc+1
  2802   000EAC  6A03               	clrf	??_read_adc^0,c
  2803   000EAE  1003               	iorwf	??_read_adc^0,w,c
  2804   000EB0  6E05               	movwf	read_adc@reg_val^0,c
  2805   000EB2  5004               	movf	(??_read_adc+1)^0,w,c
  2806   000EB4  6E06               	movwf	(read_adc@reg_val+1)^0,c
  2807   000EB6                     
  2808                           ;adc.c: 56:  return reg_val;
  2809   000EB6  C005  F001         	movff	read_adc@reg_val,?_read_adc
  2810   000EBA  C006  F002         	movff	read_adc@reg_val+1,?_read_adc+1
  2811   000EBE  0012               	return		;funcret
  2812   000EC0                     __end_of_read_adc:
  2813                           	callstack 0
  2814                           
  2815 ;; *************** function ___xxtofl *****************
  2816 ;; Defined at:
  2817 ;;		line 10 in file "C:\Program Files\Microchip\xc8\v3.10\pic\sources\c99\common\xxtofl.c"
  2818 ;; Parameters:    Size  Location     Type
  2819 ;;  sign            1    wreg     unsigned char 
  2820 ;;  val             4    7[COMRAM] long 
  2821 ;; Auto vars:     Size  Location     Type
  2822 ;;  sign            1   15[COMRAM] unsigned char 
  2823 ;;  arg             4   17[COMRAM] unsigned long 
  2824 ;;  exp             1   16[COMRAM] unsigned char 
  2825 ;; Return value:  Size  Location     Type
  2826 ;;                  4    7[COMRAM] unsigned char 
  2827 ;; Registers used:
  2828 ;;		wreg, status,2, status,0
  2829 ;; Tracked objects:
  2830 ;;		On entry : 0/0
  2831 ;;		On exit  : 0/0
  2832 ;;		Unchanged: 0/0
  2833 ;; Data sizes:     COMRAM   BANK0   BANK1   BANK2   BANK3   BANK4   BANK5
  2834 ;;      Params:         4       0       0       0       0       0       0
  2835 ;;      Locals:         6       0       0       0       0       0       0
  2836 ;;      Temps:          4       0       0       0       0       0       0
  2837 ;;      Totals:        14       0       0       0       0       0       0
  2838 ;;Total ram usage:       14 bytes
  2839 ;; Hardware stack levels used: 1
  2840 ;; This function calls:
  2841 ;;		Nothing
  2842 ;; This function is called by:
  2843 ;;		_read_rpm
  2844 ;; This function uses a non-reentrant model
  2845 ;;
  2846                           
  2847                           	psect	text4
  2848   000990                     __ptext4:
  2849                           	callstack 0
  2850   000990                     ___xxtofl:
  2851                           	callstack 29
  2852                           
  2853                           ;incstack = 0
  2854                           ;___xxtofl@sign stored from wreg
  2855   000990  6E10               	movwf	___xxtofl@sign^0,c
  2856   000992  5010               	movf	___xxtofl@sign^0,w,c
  2857   000994  B4D8               	btfsc	status,2,c
  2858   000996  EFCF  F004         	goto	u941
  2859   00099A  EFD1  F004         	goto	u940
  2860   00099E                     u941:
  2861   00099E  EFF3  F004         	goto	l980
  2862   0009A2                     u940:
  2863   0009A2  BE0B               	btfsc	(___xxtofl@val+3)^0,7,c
  2864   0009A4  EFD8  F004         	goto	u950
  2865   0009A8  EFD6  F004         	goto	u951
  2866   0009AC                     u951:
  2867   0009AC  EFF3  F004         	goto	l980
  2868   0009B0                     u950:
  2869   0009B0  C008  F00C         	movff	___xxtofl@val,??___xxtofl
  2870   0009B4  C009  F00D         	movff	___xxtofl@val+1,??___xxtofl+1
  2871   0009B8  C00A  F00E         	movff	___xxtofl@val+2,??___xxtofl+2
  2872   0009BC  C00B  F00F         	movff	___xxtofl@val+3,??___xxtofl+3
  2873   0009C0  1E0C               	comf	??___xxtofl^0,f,c
  2874   0009C2  1E0D               	comf	(??___xxtofl+1)^0,f,c
  2875   0009C4  1E0E               	comf	(??___xxtofl+2)^0,f,c
  2876   0009C6  1E0F               	comf	(??___xxtofl+3)^0,f,c
  2877   0009C8  2A0C               	incf	??___xxtofl^0,f,c
  2878   0009CA  0E00               	movlw	0
  2879   0009CC  220D               	addwfc	(??___xxtofl+1)^0,f,c
  2880   0009CE  220E               	addwfc	(??___xxtofl+2)^0,f,c
  2881   0009D0  220F               	addwfc	(??___xxtofl+3)^0,f,c
  2882   0009D2  C00C  F012         	movff	??___xxtofl,___xxtofl@arg
  2883   0009D6  C00D  F013         	movff	??___xxtofl+1,___xxtofl@arg+1
  2884   0009DA  C00E  F014         	movff	??___xxtofl+2,___xxtofl@arg+2
  2885   0009DE  C00F  F015         	movff	??___xxtofl+3,___xxtofl@arg+3
  2886   0009E2  EFFB  F004         	goto	l1640
  2887   0009E6                     l980:
  2888   0009E6  C008  F012         	movff	___xxtofl@val,___xxtofl@arg
  2889   0009EA  C009  F013         	movff	___xxtofl@val+1,___xxtofl@arg+1
  2890   0009EE  C00A  F014         	movff	___xxtofl@val+2,___xxtofl@arg+2
  2891   0009F2  C00B  F015         	movff	___xxtofl@val+3,___xxtofl@arg+3
  2892   0009F6                     l1640:
  2893   0009F6  5008               	movf	___xxtofl@val^0,w,c
  2894   0009F8  1009               	iorwf	(___xxtofl@val+1)^0,w,c
  2895   0009FA  100A               	iorwf	(___xxtofl@val+2)^0,w,c
  2896   0009FC  100B               	iorwf	(___xxtofl@val+3)^0,w,c
  2897   0009FE  A4D8               	btfss	status,2,c
  2898   000A00  EF04  F005         	goto	u961
  2899   000A04  EF06  F005         	goto	u960
  2900   000A08                     u961:
  2901   000A08  EF10  F005         	goto	l1646
  2902   000A0C                     u960:
  2903   000A0C  0E00               	movlw	0
  2904   000A0E  6E08               	movwf	?___xxtofl^0,c
  2905   000A10  0E00               	movlw	0
  2906   000A12  6E09               	movwf	(?___xxtofl+1)^0,c
  2907   000A14  0E00               	movlw	0
  2908   000A16  6E0A               	movwf	(?___xxtofl+2)^0,c
  2909   000A18  0E00               	movlw	0
  2910   000A1A  6E0B               	movwf	(?___xxtofl+3)^0,c
  2911   000A1C  EFA1  F005         	goto	l983
  2912   000A20                     l1646:
  2913   000A20  0E96               	movlw	150
  2914   000A22  6E11               	movwf	___xxtofl@exp^0,c
  2915   000A24  EF1A  F005         	goto	l1650
  2916   000A28                     l1648:
  2917   000A28  2A11               	incf	___xxtofl@exp^0,f,c
  2918   000A2A  90D8               	bcf	status,0,c
  2919   000A2C  3215               	rrcf	(___xxtofl@arg+3)^0,f,c
  2920   000A2E  3214               	rrcf	(___xxtofl@arg+2)^0,f,c
  2921   000A30  3213               	rrcf	(___xxtofl@arg+1)^0,f,c
  2922   000A32  3212               	rrcf	___xxtofl@arg^0,f,c
  2923   000A34                     l1650:
  2924   000A34  0E00               	movlw	0
  2925   000A36  1412               	andwf	___xxtofl@arg^0,w,c
  2926   000A38  6E0C               	movwf	??___xxtofl^0,c
  2927   000A3A  0E00               	movlw	0
  2928   000A3C  1413               	andwf	(___xxtofl@arg+1)^0,w,c
  2929   000A3E  6E0D               	movwf	(??___xxtofl+1)^0,c
  2930   000A40  0E00               	movlw	0
  2931   000A42  1414               	andwf	(___xxtofl@arg+2)^0,w,c
  2932   000A44  6E0E               	movwf	(??___xxtofl+2)^0,c
  2933   000A46  0EFE               	movlw	254
  2934   000A48  1415               	andwf	(___xxtofl@arg+3)^0,w,c
  2935   000A4A  6E0F               	movwf	(??___xxtofl+3)^0,c
  2936   000A4C  500C               	movf	??___xxtofl^0,w,c
  2937   000A4E  100D               	iorwf	(??___xxtofl+1)^0,w,c
  2938   000A50  100E               	iorwf	(??___xxtofl+2)^0,w,c
  2939   000A52  100F               	iorwf	(??___xxtofl+3)^0,w,c
  2940   000A54  A4D8               	btfss	status,2,c
  2941   000A56  EF2F  F005         	goto	u971
  2942   000A5A  EF31  F005         	goto	u970
  2943   000A5E                     u971:
  2944   000A5E  EF14  F005         	goto	l1648
  2945   000A62                     u970:
  2946   000A62  EF3F  F005         	goto	l987
  2947   000A66                     l1652:
  2948   000A66  2A11               	incf	___xxtofl@exp^0,f,c
  2949   000A68  0E01               	movlw	1
  2950   000A6A  2612               	addwf	___xxtofl@arg^0,f,c
  2951   000A6C  0E00               	movlw	0
  2952   000A6E  2213               	addwfc	(___xxtofl@arg+1)^0,f,c
  2953   000A70  2214               	addwfc	(___xxtofl@arg+2)^0,f,c
  2954   000A72  2215               	addwfc	(___xxtofl@arg+3)^0,f,c
  2955   000A74  90D8               	bcf	status,0,c
  2956   000A76  3215               	rrcf	(___xxtofl@arg+3)^0,f,c
  2957   000A78  3214               	rrcf	(___xxtofl@arg+2)^0,f,c
  2958   000A7A  3213               	rrcf	(___xxtofl@arg+1)^0,f,c
  2959   000A7C  3212               	rrcf	___xxtofl@arg^0,f,c
  2960   000A7E                     l987:
  2961   000A7E  0E00               	movlw	0
  2962   000A80  1412               	andwf	___xxtofl@arg^0,w,c
  2963   000A82  6E0C               	movwf	??___xxtofl^0,c
  2964   000A84  0E00               	movlw	0
  2965   000A86  1413               	andwf	(___xxtofl@arg+1)^0,w,c
  2966   000A88  6E0D               	movwf	(??___xxtofl+1)^0,c
  2967   000A8A  0E00               	movlw	0
  2968   000A8C  1414               	andwf	(___xxtofl@arg+2)^0,w,c
  2969   000A8E  6E0E               	movwf	(??___xxtofl+2)^0,c
  2970   000A90  0EFF               	movlw	255
  2971   000A92  1415               	andwf	(___xxtofl@arg+3)^0,w,c
  2972   000A94  6E0F               	movwf	(??___xxtofl+3)^0,c
  2973   000A96  500C               	movf	??___xxtofl^0,w,c
  2974   000A98  100D               	iorwf	(??___xxtofl+1)^0,w,c
  2975   000A9A  100E               	iorwf	(??___xxtofl+2)^0,w,c
  2976   000A9C  100F               	iorwf	(??___xxtofl+3)^0,w,c
  2977   000A9E  A4D8               	btfss	status,2,c
  2978   000AA0  EF54  F005         	goto	u981
  2979   000AA4  EF56  F005         	goto	u980
  2980   000AA8                     u981:
  2981   000AA8  EF33  F005         	goto	l1652
  2982   000AAC                     u980:
  2983   000AAC  EF5E  F005         	goto	l1660
  2984   000AB0                     l1658:
  2985   000AB0  0611               	decf	___xxtofl@exp^0,f,c
  2986   000AB2  90D8               	bcf	status,0,c
  2987   000AB4  3612               	rlcf	___xxtofl@arg^0,f,c
  2988   000AB6  3613               	rlcf	(___xxtofl@arg+1)^0,f,c
  2989   000AB8  3614               	rlcf	(___xxtofl@arg+2)^0,f,c
  2990   000ABA  3615               	rlcf	(___xxtofl@arg+3)^0,f,c
  2991   000ABC                     l1660:
  2992   000ABC  BE14               	btfsc	(___xxtofl@arg+2)^0,7,c
  2993   000ABE  EF63  F005         	goto	u991
  2994   000AC2  EF65  F005         	goto	u990
  2995   000AC6                     u991:
  2996   000AC6  EF6D  F005         	goto	l994
  2997   000ACA                     u990:
  2998   000ACA  0E02               	movlw	2
  2999   000ACC  6011               	cpfslt	___xxtofl@exp^0,c
  3000   000ACE  EF6B  F005         	goto	u1001
  3001   000AD2  EF6D  F005         	goto	u1000
  3002   000AD6                     u1001:
  3003   000AD6  EF58  F005         	goto	l1658
  3004   000ADA                     u1000:
  3005   000ADA                     l994:
  3006   000ADA  B011               	btfsc	___xxtofl@exp^0,0,c
  3007   000ADC  EF72  F005         	goto	u1011
  3008   000AE0  EF74  F005         	goto	u1010
  3009   000AE4                     u1011:
  3010   000AE4  EF75  F005         	goto	l1666
  3011   000AE8                     u1010:
  3012   000AE8  9E14               	bcf	(___xxtofl@arg+2)^0,7,c
  3013   000AEA                     l1666:
  3014   000AEA  90D8               	bcf	status,0,c
  3015   000AEC  3211               	rrcf	___xxtofl@exp^0,f,c
  3016   000AEE  C011  F00C         	movff	___xxtofl@exp,??___xxtofl
  3017   000AF2  6A0D               	clrf	(??___xxtofl+1)^0,c
  3018   000AF4  6A0E               	clrf	(??___xxtofl+2)^0,c
  3019   000AF6  6A0F               	clrf	(??___xxtofl+3)^0,c
  3020   000AF8  C00C  F00F         	movff	??___xxtofl,??___xxtofl+3
  3021   000AFC  6A0E               	clrf	(??___xxtofl+2)^0,c
  3022   000AFE  6A0D               	clrf	(??___xxtofl+1)^0,c
  3023   000B00  6A0C               	clrf	??___xxtofl^0,c
  3024   000B02  500C               	movf	??___xxtofl^0,w,c
  3025   000B04  1212               	iorwf	___xxtofl@arg^0,f,c
  3026   000B06  500D               	movf	(??___xxtofl+1)^0,w,c
  3027   000B08  1213               	iorwf	(___xxtofl@arg+1)^0,f,c
  3028   000B0A  500E               	movf	(??___xxtofl+2)^0,w,c
  3029   000B0C  1214               	iorwf	(___xxtofl@arg+2)^0,f,c
  3030   000B0E  500F               	movf	(??___xxtofl+3)^0,w,c
  3031   000B10  1215               	iorwf	(___xxtofl@arg+3)^0,f,c
  3032   000B12  5010               	movf	___xxtofl@sign^0,w,c
  3033   000B14  B4D8               	btfsc	status,2,c
  3034   000B16  EF8F  F005         	goto	u1021
  3035   000B1A  EF91  F005         	goto	u1020
  3036   000B1E                     u1021:
  3037   000B1E  EF99  F005         	goto	l1676
  3038   000B22                     u1020:
  3039   000B22  BE0B               	btfsc	(___xxtofl@val+3)^0,7,c
  3040   000B24  EF98  F005         	goto	u1030
  3041   000B28  EF96  F005         	goto	u1031
  3042   000B2C                     u1031:
  3043   000B2C  EF99  F005         	goto	l1676
  3044   000B30                     u1030:
  3045   000B30  8E15               	bsf	(___xxtofl@arg+3)^0,7,c
  3046   000B32                     l1676:
  3047   000B32  C012  F008         	movff	___xxtofl@arg,?___xxtofl
  3048   000B36  C013  F009         	movff	___xxtofl@arg+1,?___xxtofl+1
  3049   000B3A  C014  F00A         	movff	___xxtofl@arg+2,?___xxtofl+2
  3050   000B3E  C015  F00B         	movff	___xxtofl@arg+3,?___xxtofl+3
  3051   000B42                     l983:
  3052   000B42  0012               	return		;funcret
  3053   000B44                     __end_of___xxtofl:
  3054                           	callstack 0
  3055                           
  3056 ;; *************** function ___fltol *****************
  3057 ;; Defined at:
  3058 ;;		line 43 in file "C:\Program Files\Microchip\xc8\v3.10\pic\sources\c99\common\fltol.c"
  3059 ;; Parameters:    Size  Location     Type
  3060 ;;  f1              4   46[COMRAM] unsigned char 
  3061 ;; Auto vars:     Size  Location     Type
  3062 ;;  exp1            1   55[COMRAM] unsigned char 
  3063 ;;  sign1           1   54[COMRAM] unsigned char 
  3064 ;; Return value:  Size  Location     Type
  3065 ;;                  4   46[COMRAM] long 
  3066 ;; Registers used:
  3067 ;;		wreg, status,2, status,0
  3068 ;; Tracked objects:
  3069 ;;		On entry : 0/0
  3070 ;;		On exit  : 0/0
  3071 ;;		Unchanged: 0/0
  3072 ;; Data sizes:     COMRAM   BANK0   BANK1   BANK2   BANK3   BANK4   BANK5
  3073 ;;      Params:         4       0       0       0       0       0       0
  3074 ;;      Locals:         2       0       0       0       0       0       0
  3075 ;;      Temps:          4       0       0       0       0       0       0
  3076 ;;      Totals:        10       0       0       0       0       0       0
  3077 ;;Total ram usage:       10 bytes
  3078 ;; Hardware stack levels used: 1
  3079 ;; This function calls:
  3080 ;;		Nothing
  3081 ;; This function is called by:
  3082 ;;		_read_rpm
  3083 ;; This function uses a non-reentrant model
  3084 ;;
  3085                           
  3086                           	psect	text5
  3087   000B44                     __ptext5:
  3088                           	callstack 0
  3089   000B44                     ___fltol:
  3090                           	callstack 29
  3091   000B44  3431               	rlcf	(___fltol@f1+2)^0,w,c
  3092   000B46  3432               	rlcf	(___fltol@f1+3)^0,w,c
  3093   000B48  6E38               	movwf	___fltol@exp1^0,c
  3094   000B4A  5038               	movf	___fltol@exp1^0,w,c
  3095   000B4C  A4D8               	btfss	status,2,c
  3096   000B4E  EFAB  F005         	goto	u871
  3097   000B52  EFAD  F005         	goto	u870
  3098   000B56                     u871:
  3099   000B56  EFB7  F005         	goto	l1596
  3100   000B5A                     u870:
  3101   000B5A                     l1592:
  3102   000B5A  0E00               	movlw	0
  3103   000B5C  6E2F               	movwf	?___fltol^0,c
  3104   000B5E  0E00               	movlw	0
  3105   000B60  6E30               	movwf	(?___fltol+1)^0,c
  3106   000B62  0E00               	movlw	0
  3107   000B64  6E31               	movwf	(?___fltol+2)^0,c
  3108   000B66  0E00               	movlw	0
  3109   000B68  6E32               	movwf	(?___fltol+3)^0,c
  3110   000B6A  EF24  F006         	goto	l622
  3111   000B6E                     l1596:
  3112   000B6E  C02F  F033         	movff	___fltol@f1,??___fltol
  3113   000B72  C030  F034         	movff	___fltol@f1+1,??___fltol+1
  3114   000B76  C031  F035         	movff	___fltol@f1+2,??___fltol+2
  3115   000B7A  C032  F036         	movff	___fltol@f1+3,??___fltol+3
  3116   000B7E  0E20               	movlw	32
  3117   000B80  EFC7  F005         	goto	u880
  3118   000B84                     u885:
  3119   000B84  90D8               	bcf	status,0,c
  3120   000B86  3236               	rrcf	(??___fltol+3)^0,f,c
  3121   000B88  3235               	rrcf	(??___fltol+2)^0,f,c
  3122   000B8A  3234               	rrcf	(??___fltol+1)^0,f,c
  3123   000B8C  3233               	rrcf	??___fltol^0,f,c
  3124   000B8E                     u880:
  3125   000B8E  2EE8               	decfsz	wreg,f,c
  3126   000B90  EFC2  F005         	goto	u885
  3127   000B94  5033               	movf	??___fltol^0,w,c
  3128   000B96  6E37               	movwf	___fltol@sign1^0,c
  3129   000B98  8E31               	bsf	(___fltol@f1+2)^0,7,c
  3130   000B9A  0EFF               	movlw	255
  3131   000B9C  162F               	andwf	___fltol@f1^0,f,c
  3132   000B9E  0EFF               	movlw	255
  3133   000BA0  1630               	andwf	(___fltol@f1+1)^0,f,c
  3134   000BA2  0EFF               	movlw	255
  3135   000BA4  1631               	andwf	(___fltol@f1+2)^0,f,c
  3136   000BA6  0E00               	movlw	0
  3137   000BA8  1632               	andwf	(___fltol@f1+3)^0,f,c
  3138   000BAA  0E96               	movlw	150
  3139   000BAC  5E38               	subwf	___fltol@exp1^0,f,c
  3140   000BAE  BE38               	btfsc	___fltol@exp1^0,7,c
  3141   000BB0  EFDE  F005         	goto	u890
  3142   000BB4  EFDC  F005         	goto	u891
  3143   000BB8                     u891:
  3144   000BB8  EFF4  F005         	goto	l1616
  3145   000BBC                     u890:
  3146   000BBC  5038               	movf	___fltol@exp1^0,w,c
  3147   000BBE  0A80               	xorlw	128
  3148   000BC0  0F97               	addlw	151
  3149   000BC2  B0D8               	btfsc	status,0,c
  3150   000BC4  EFE6  F005         	goto	u901
  3151   000BC8  EFE8  F005         	goto	u900
  3152   000BCC                     u901:
  3153   000BCC  EFEA  F005         	goto	l1612
  3154   000BD0                     u900:
  3155   000BD0  EFAD  F005         	goto	l1592
  3156   000BD4                     l1612:
  3157   000BD4  90D8               	bcf	status,0,c
  3158   000BD6  3232               	rrcf	(___fltol@f1+3)^0,f,c
  3159   000BD8  3231               	rrcf	(___fltol@f1+2)^0,f,c
  3160   000BDA  3230               	rrcf	(___fltol@f1+1)^0,f,c
  3161   000BDC  322F               	rrcf	___fltol@f1^0,f,c
  3162   000BDE  3E38               	incfsz	___fltol@exp1^0,f,c
  3163   000BE0  EFEA  F005         	goto	l1612
  3164   000BE4  EF0C  F006         	goto	l1626
  3165   000BE8                     l1616:
  3166   000BE8  0E1F               	movlw	31
  3167   000BEA  6438               	cpfsgt	___fltol@exp1^0,c
  3168   000BEC  EFFA  F005         	goto	u911
  3169   000BF0  EFFC  F005         	goto	u910
  3170   000BF4                     u911:
  3171   000BF4  EF04  F006         	goto	l1624
  3172   000BF8                     u910:
  3173   000BF8  EFAD  F005         	goto	l1592
  3174   000BFC                     l1622:
  3175   000BFC  90D8               	bcf	status,0,c
  3176   000BFE  362F               	rlcf	___fltol@f1^0,f,c
  3177   000C00  3630               	rlcf	(___fltol@f1+1)^0,f,c
  3178   000C02  3631               	rlcf	(___fltol@f1+2)^0,f,c
  3179   000C04  3632               	rlcf	(___fltol@f1+3)^0,f,c
  3180   000C06  0638               	decf	___fltol@exp1^0,f,c
  3181   000C08                     l1624:
  3182   000C08  5038               	movf	___fltol@exp1^0,w,c
  3183   000C0A  A4D8               	btfss	status,2,c
  3184   000C0C  EF0A  F006         	goto	u921
  3185   000C10  EF0C  F006         	goto	u920
  3186   000C14                     u921:
  3187   000C14  EFFE  F005         	goto	l1622
  3188   000C18                     u920:
  3189   000C18                     l1626:
  3190   000C18  5037               	movf	___fltol@sign1^0,w,c
  3191   000C1A  B4D8               	btfsc	status,2,c
  3192   000C1C  EF12  F006         	goto	u931
  3193   000C20  EF14  F006         	goto	u930
  3194   000C24                     u931:
  3195   000C24  EF1C  F006         	goto	l1630
  3196   000C28                     u930:
  3197   000C28  1E32               	comf	(___fltol@f1+3)^0,f,c
  3198   000C2A  1E31               	comf	(___fltol@f1+2)^0,f,c
  3199   000C2C  1E30               	comf	(___fltol@f1+1)^0,f,c
  3200   000C2E  6C2F               	negf	___fltol@f1^0,c
  3201   000C30  0E00               	movlw	0
  3202   000C32  2230               	addwfc	(___fltol@f1+1)^0,f,c
  3203   000C34  2231               	addwfc	(___fltol@f1+2)^0,f,c
  3204   000C36  2232               	addwfc	(___fltol@f1+3)^0,f,c
  3205   000C38                     l1630:
  3206   000C38  C02F  F02F         	movff	___fltol@f1,?___fltol
  3207   000C3C  C030  F030         	movff	___fltol@f1+1,?___fltol+1
  3208   000C40  C031  F031         	movff	___fltol@f1+2,?___fltol+2
  3209   000C44  C032  F032         	movff	___fltol@f1+3,?___fltol+3
  3210   000C48                     l622:
  3211   000C48  0012               	return		;funcret
  3212   000C4A                     __end_of___fltol:
  3213                           	callstack 0
  3214                           
  3215 ;; *************** function ___fldiv *****************
  3216 ;; Defined at:
  3217 ;;		line 11 in file "C:\Program Files\Microchip\xc8\v3.10\pic\sources\c99\common\sprcdiv.c"
  3218 ;; Parameters:    Size  Location     Type
  3219 ;;  b               4   21[COMRAM] long 
  3220 ;;  a               4   25[COMRAM] long 
  3221 ;; Auto vars:     Size  Location     Type
  3222 ;;  grs             4   40[COMRAM] unsigned long 
  3223 ;;  rem             4   33[COMRAM] unsigned long 
  3224 ;;  new_exp         2   38[COMRAM] short 
  3225 ;;  aexp            1   45[COMRAM] unsigned char 
  3226 ;;  bexp            1   44[COMRAM] unsigned char 
  3227 ;;  sign            1   37[COMRAM] unsigned char 
  3228 ;; Return value:  Size  Location     Type
  3229 ;;                  4   21[COMRAM] unsigned char 
  3230 ;; Registers used:
  3231 ;;		wreg, status,2, status,0
  3232 ;; Tracked objects:
  3233 ;;		On entry : 0/0
  3234 ;;		On exit  : 0/0
  3235 ;;		Unchanged: 0/0
  3236 ;; Data sizes:     COMRAM   BANK0   BANK1   BANK2   BANK3   BANK4   BANK5
  3237 ;;      Params:         8       0       0       0       0       0       0
  3238 ;;      Locals:        13       0       0       0       0       0       0
  3239 ;;      Temps:          4       0       0       0       0       0       0
  3240 ;;      Totals:        25       0       0       0       0       0       0
  3241 ;;Total ram usage:       25 bytes
  3242 ;; Hardware stack levels used: 1
  3243 ;; This function calls:
  3244 ;;		Nothing
  3245 ;; This function is called by:
  3246 ;;		_read_rpm
  3247 ;; This function uses a non-reentrant model
  3248 ;;
  3249                           
  3250                           	psect	text6
  3251   000602                     __ptext6:
  3252                           	callstack 0
  3253   000602                     ___fldiv:
  3254                           	callstack 29
  3255   000602  5019               	movf	(___fldiv@b+3)^0,w,c
  3256   000604  0B80               	andlw	128
  3257   000606  6E26               	movwf	___fldiv@sign^0,c
  3258   000608  5019               	movf	(___fldiv@b+3)^0,w,c
  3259   00060A  2419               	addwf	(___fldiv@b+3)^0,w,c
  3260   00060C  6E2D               	movwf	___fldiv@bexp^0,c
  3261   00060E  AE18               	btfss	(___fldiv@b+2)^0,7,c
  3262   000610  EF0C  F003         	goto	u641
  3263   000614  EF0E  F003         	goto	u640
  3264   000618                     u641:
  3265   000618  EF0F  F003         	goto	l1460
  3266   00061C                     u640:
  3267   00061C  802D               	bsf	___fldiv@bexp^0,0,c
  3268   00061E                     l1460:
  3269   00061E  502D               	movf	___fldiv@bexp^0,w,c
  3270   000620  B4D8               	btfsc	status,2,c
  3271   000622  EF15  F003         	goto	u651
  3272   000626  EF17  F003         	goto	u650
  3273   00062A                     u651:
  3274   00062A  EF2B  F003         	goto	l1470
  3275   00062E                     u650:
  3276   00062E  282D               	incf	___fldiv@bexp^0,w,c
  3277   000630  A4D8               	btfss	status,2,c
  3278   000632  EF1D  F003         	goto	u661
  3279   000636  EF1F  F003         	goto	u660
  3280   00063A                     u661:
  3281   00063A  EF27  F003         	goto	l1466
  3282   00063E                     u660:
  3283   00063E  0E00               	movlw	0
  3284   000640  6E16               	movwf	___fldiv@b^0,c
  3285   000642  0E00               	movlw	0
  3286   000644  6E17               	movwf	(___fldiv@b+1)^0,c
  3287   000646  0E00               	movlw	0
  3288   000648  6E18               	movwf	(___fldiv@b+2)^0,c
  3289   00064A  0E00               	movlw	0
  3290   00064C  6E19               	movwf	(___fldiv@b+3)^0,c
  3291   00064E                     l1466:
  3292   00064E  8E18               	bsf	(___fldiv@b+2)^0,7,c
  3293   000650  6A19               	clrf	(___fldiv@b+3)^0,c
  3294   000652  EF33  F003         	goto	l1472
  3295   000656                     l1470:
  3296   000656  0E00               	movlw	0
  3297   000658  6E16               	movwf	___fldiv@b^0,c
  3298   00065A  0E00               	movlw	0
  3299   00065C  6E17               	movwf	(___fldiv@b+1)^0,c
  3300   00065E  0E00               	movlw	0
  3301   000660  6E18               	movwf	(___fldiv@b+2)^0,c
  3302   000662  0E00               	movlw	0
  3303   000664  6E19               	movwf	(___fldiv@b+3)^0,c
  3304   000666                     l1472:
  3305   000666  501D               	movf	(___fldiv@a+3)^0,w,c
  3306   000668  0B80               	andlw	128
  3307   00066A  1A26               	xorwf	___fldiv@sign^0,f,c
  3308   00066C  501D               	movf	(___fldiv@a+3)^0,w,c
  3309   00066E  241D               	addwf	(___fldiv@a+3)^0,w,c
  3310   000670  6E2E               	movwf	___fldiv@aexp^0,c
  3311   000672  AE1C               	btfss	(___fldiv@a+2)^0,7,c
  3312   000674  EF3E  F003         	goto	u671
  3313   000678  EF40  F003         	goto	u670
  3314   00067C                     u671:
  3315   00067C  EF41  F003         	goto	l1480
  3316   000680                     u670:
  3317   000680  802E               	bsf	___fldiv@aexp^0,0,c
  3318   000682                     l1480:
  3319   000682  502E               	movf	___fldiv@aexp^0,w,c
  3320   000684  B4D8               	btfsc	status,2,c
  3321   000686  EF47  F003         	goto	u681
  3322   00068A  EF49  F003         	goto	u680
  3323   00068E                     u681:
  3324   00068E  EF5D  F003         	goto	l1490
  3325   000692                     u680:
  3326   000692  282E               	incf	___fldiv@aexp^0,w,c
  3327   000694  A4D8               	btfss	status,2,c
  3328   000696  EF4F  F003         	goto	u691
  3329   00069A  EF51  F003         	goto	u690
  3330   00069E                     u691:
  3331   00069E  EF59  F003         	goto	l1486
  3332   0006A2                     u690:
  3333   0006A2  0E00               	movlw	0
  3334   0006A4  6E1A               	movwf	___fldiv@a^0,c
  3335   0006A6  0E00               	movlw	0
  3336   0006A8  6E1B               	movwf	(___fldiv@a+1)^0,c
  3337   0006AA  0E00               	movlw	0
  3338   0006AC  6E1C               	movwf	(___fldiv@a+2)^0,c
  3339   0006AE  0E00               	movlw	0
  3340   0006B0  6E1D               	movwf	(___fldiv@a+3)^0,c
  3341   0006B2                     l1486:
  3342   0006B2  8E1C               	bsf	(___fldiv@a+2)^0,7,c
  3343   0006B4  6A1D               	clrf	(___fldiv@a+3)^0,c
  3344   0006B6  EF65  F003         	goto	l1492
  3345   0006BA                     l1490:
  3346   0006BA  0E00               	movlw	0
  3347   0006BC  6E1A               	movwf	___fldiv@a^0,c
  3348   0006BE  0E00               	movlw	0
  3349   0006C0  6E1B               	movwf	(___fldiv@a+1)^0,c
  3350   0006C2  0E00               	movlw	0
  3351   0006C4  6E1C               	movwf	(___fldiv@a+2)^0,c
  3352   0006C6  0E00               	movlw	0
  3353   0006C8  6E1D               	movwf	(___fldiv@a+3)^0,c
  3354   0006CA                     l1492:
  3355   0006CA  501A               	movf	___fldiv@a^0,w,c
  3356   0006CC  101B               	iorwf	(___fldiv@a+1)^0,w,c
  3357   0006CE  101C               	iorwf	(___fldiv@a+2)^0,w,c
  3358   0006D0  101D               	iorwf	(___fldiv@a+3)^0,w,c
  3359   0006D2  A4D8               	btfss	status,2,c
  3360   0006D4  EF6E  F003         	goto	u701
  3361   0006D8  EF70  F003         	goto	u700
  3362   0006DC                     u701:
  3363   0006DC  EF88  F003         	goto	l1504
  3364   0006E0                     u700:
  3365   0006E0  0E00               	movlw	0
  3366   0006E2  6E16               	movwf	___fldiv@b^0,c
  3367   0006E4  0E00               	movlw	0
  3368   0006E6  6E17               	movwf	(___fldiv@b+1)^0,c
  3369   0006E8  0E00               	movlw	0
  3370   0006EA  6E18               	movwf	(___fldiv@b+2)^0,c
  3371   0006EC  0E00               	movlw	0
  3372   0006EE  6E19               	movwf	(___fldiv@b+3)^0,c
  3373   0006F0  0E80               	movlw	128
  3374   0006F2  1218               	iorwf	(___fldiv@b+2)^0,f,c
  3375   0006F4  0E7F               	movlw	127
  3376   0006F6  1219               	iorwf	(___fldiv@b+3)^0,f,c
  3377   0006F8                     l1498:
  3378   0006F8  5026               	movf	___fldiv@sign^0,w,c
  3379   0006FA  1219               	iorwf	(___fldiv@b+3)^0,f,c
  3380   0006FC  C016  F016         	movff	___fldiv@b,?___fldiv
  3381   000700  C017  F017         	movff	___fldiv@b+1,?___fldiv+1
  3382   000704  C018  F018         	movff	___fldiv@b+2,?___fldiv+2
  3383   000708  C019  F019         	movff	___fldiv@b+3,?___fldiv+3
  3384   00070C  EFC7  F004         	goto	l907
  3385   000710                     l1504:
  3386   000710  502D               	movf	___fldiv@bexp^0,w,c
  3387   000712  A4D8               	btfss	status,2,c
  3388   000714  EF8E  F003         	goto	u711
  3389   000718  EF90  F003         	goto	u710
  3390   00071C                     u711:
  3391   00071C  EF9A  F003         	goto	l1512
  3392   000720                     u710:
  3393   000720  0E00               	movlw	0
  3394   000722  6E16               	movwf	?___fldiv^0,c
  3395   000724  0E00               	movlw	0
  3396   000726  6E17               	movwf	(?___fldiv+1)^0,c
  3397   000728  0E00               	movlw	0
  3398   00072A  6E18               	movwf	(?___fldiv+2)^0,c
  3399   00072C  0E00               	movlw	0
  3400   00072E  6E19               	movwf	(?___fldiv+3)^0,c
  3401   000730  EFC7  F004         	goto	l907
  3402   000734                     l1512:
  3403   000734  502E               	movf	___fldiv@aexp^0,w,c
  3404   000736  C02D  F01E         	movff	___fldiv@bexp,??___fldiv
  3405   00073A  6A1F               	clrf	(??___fldiv+1)^0,c
  3406   00073C  5E1E               	subwf	??___fldiv^0,f,c
  3407   00073E  0E00               	movlw	0
  3408   000740  5A1F               	subwfb	(??___fldiv+1)^0,f,c
  3409   000742  0E7F               	movlw	127
  3410   000744  241E               	addwf	??___fldiv^0,w,c
  3411   000746  6E27               	movwf	___fldiv@new_exp^0,c
  3412   000748  0E00               	movlw	0
  3413   00074A  201F               	addwfc	(??___fldiv+1)^0,w,c
  3414   00074C  6E28               	movwf	(___fldiv@new_exp+1)^0,c
  3415   00074E  C016  F022         	movff	___fldiv@b,___fldiv@rem
  3416   000752  C017  F023         	movff	___fldiv@b+1,___fldiv@rem+1
  3417   000756  C018  F024         	movff	___fldiv@b+2,___fldiv@rem+2
  3418   00075A  C019  F025         	movff	___fldiv@b+3,___fldiv@rem+3
  3419   00075E  0E00               	movlw	0
  3420   000760  6E16               	movwf	___fldiv@b^0,c
  3421   000762  0E00               	movlw	0
  3422   000764  6E17               	movwf	(___fldiv@b+1)^0,c
  3423   000766  0E00               	movlw	0
  3424   000768  6E18               	movwf	(___fldiv@b+2)^0,c
  3425   00076A  0E00               	movlw	0
  3426   00076C  6E19               	movwf	(___fldiv@b+3)^0,c
  3427   00076E  0E00               	movlw	0
  3428   000770  6E29               	movwf	___fldiv@grs^0,c
  3429   000772  0E00               	movlw	0
  3430   000774  6E2A               	movwf	(___fldiv@grs+1)^0,c
  3431   000776  0E00               	movlw	0
  3432   000778  6E2B               	movwf	(___fldiv@grs+2)^0,c
  3433   00077A  0E00               	movlw	0
  3434   00077C  6E2C               	movwf	(___fldiv@grs+3)^0,c
  3435   00077E  6A2E               	clrf	___fldiv@aexp^0,c
  3436   000780  EFFA  F003         	goto	l909
  3437   000784                     l1522:
  3438   000784  502E               	movf	___fldiv@aexp^0,w,c
  3439   000786  B4D8               	btfsc	status,2,c
  3440   000788  EFC8  F003         	goto	u721
  3441   00078C  EFCA  F003         	goto	u720
  3442   000790                     u721:
  3443   000790  EFE1  F003         	goto	l1530
  3444   000794                     u720:
  3445   000794  90D8               	bcf	status,0,c
  3446   000796  3622               	rlcf	___fldiv@rem^0,f,c
  3447   000798  3623               	rlcf	(___fldiv@rem+1)^0,f,c
  3448   00079A  3624               	rlcf	(___fldiv@rem+2)^0,f,c
  3449   00079C  3625               	rlcf	(___fldiv@rem+3)^0,f,c
  3450   00079E  90D8               	bcf	status,0,c
  3451   0007A0  3616               	rlcf	___fldiv@b^0,f,c
  3452   0007A2  3617               	rlcf	(___fldiv@b+1)^0,f,c
  3453   0007A4  3618               	rlcf	(___fldiv@b+2)^0,f,c
  3454   0007A6  3619               	rlcf	(___fldiv@b+3)^0,f,c
  3455   0007A8  AE2C               	btfss	(___fldiv@grs+3)^0,7,c
  3456   0007AA  EFD9  F003         	goto	u731
  3457   0007AE  EFDB  F003         	goto	u730
  3458   0007B2                     u731:
  3459   0007B2  EFDC  F003         	goto	l912
  3460   0007B6                     u730:
  3461   0007B6  8016               	bsf	___fldiv@b^0,0,c
  3462   0007B8                     l912:
  3463   0007B8  90D8               	bcf	status,0,c
  3464   0007BA  3629               	rlcf	___fldiv@grs^0,f,c
  3465   0007BC  362A               	rlcf	(___fldiv@grs+1)^0,f,c
  3466   0007BE  362B               	rlcf	(___fldiv@grs+2)^0,f,c
  3467   0007C0  362C               	rlcf	(___fldiv@grs+3)^0,f,c
  3468   0007C2                     l1530:
  3469   0007C2  501A               	movf	___fldiv@a^0,w,c
  3470   0007C4  5C22               	subwf	___fldiv@rem^0,w,c
  3471   0007C6  501B               	movf	(___fldiv@a+1)^0,w,c
  3472   0007C8  5823               	subwfb	(___fldiv@rem+1)^0,w,c
  3473   0007CA  501C               	movf	(___fldiv@a+2)^0,w,c
  3474   0007CC  5824               	subwfb	(___fldiv@rem+2)^0,w,c
  3475   0007CE  501D               	movf	(___fldiv@a+3)^0,w,c
  3476   0007D0  5825               	subwfb	(___fldiv@rem+3)^0,w,c
  3477   0007D2  A0D8               	btfss	status,0,c
  3478   0007D4  EFEE  F003         	goto	u741
  3479   0007D8  EFF0  F003         	goto	u740
  3480   0007DC                     u741:
  3481   0007DC  EFF9  F003         	goto	l1536
  3482   0007E0                     u740:
  3483   0007E0  8C2C               	bsf	(___fldiv@grs+3)^0,6,c
  3484   0007E2  501A               	movf	___fldiv@a^0,w,c
  3485   0007E4  5E22               	subwf	___fldiv@rem^0,f,c
  3486   0007E6  501B               	movf	(___fldiv@a+1)^0,w,c
  3487   0007E8  5A23               	subwfb	(___fldiv@rem+1)^0,f,c
  3488   0007EA  501C               	movf	(___fldiv@a+2)^0,w,c
  3489   0007EC  5A24               	subwfb	(___fldiv@rem+2)^0,f,c
  3490   0007EE  501D               	movf	(___fldiv@a+3)^0,w,c
  3491   0007F0  5A25               	subwfb	(___fldiv@rem+3)^0,f,c
  3492   0007F2                     l1536:
  3493   0007F2  2A2E               	incf	___fldiv@aexp^0,f,c
  3494   0007F4                     l909:
  3495   0007F4  0E19               	movlw	25
  3496   0007F6  642E               	cpfsgt	___fldiv@aexp^0,c
  3497   0007F8  EF00  F004         	goto	u751
  3498   0007FC  EF02  F004         	goto	u750
  3499   000800                     u751:
  3500   000800  EFC2  F003         	goto	l1522
  3501   000804                     u750:
  3502   000804  5022               	movf	___fldiv@rem^0,w,c
  3503   000806  1023               	iorwf	(___fldiv@rem+1)^0,w,c
  3504   000808  1024               	iorwf	(___fldiv@rem+2)^0,w,c
  3505   00080A  1025               	iorwf	(___fldiv@rem+3)^0,w,c
  3506   00080C  B4D8               	btfsc	status,2,c
  3507   00080E  EF0B  F004         	goto	u761
  3508   000812  EF0D  F004         	goto	u760
  3509   000816                     u761:
  3510   000816  EF25  F004         	goto	l1548
  3511   00081A                     u760:
  3512   00081A  8029               	bsf	___fldiv@grs^0,0,c
  3513   00081C  EF25  F004         	goto	l1548
  3514   000820                     l1542:
  3515   000820  90D8               	bcf	status,0,c
  3516   000822  3616               	rlcf	___fldiv@b^0,f,c
  3517   000824  3617               	rlcf	(___fldiv@b+1)^0,f,c
  3518   000826  3618               	rlcf	(___fldiv@b+2)^0,f,c
  3519   000828  3619               	rlcf	(___fldiv@b+3)^0,f,c
  3520   00082A  AE2C               	btfss	(___fldiv@grs+3)^0,7,c
  3521   00082C  EF1A  F004         	goto	u771
  3522   000830  EF1C  F004         	goto	u770
  3523   000834                     u771:
  3524   000834  EF1D  F004         	goto	l918
  3525   000838                     u770:
  3526   000838  8016               	bsf	___fldiv@b^0,0,c
  3527   00083A                     l918:
  3528   00083A  90D8               	bcf	status,0,c
  3529   00083C  3629               	rlcf	___fldiv@grs^0,f,c
  3530   00083E  362A               	rlcf	(___fldiv@grs+1)^0,f,c
  3531   000840  362B               	rlcf	(___fldiv@grs+2)^0,f,c
  3532   000842  362C               	rlcf	(___fldiv@grs+3)^0,f,c
  3533   000844  0627               	decf	___fldiv@new_exp^0,f,c
  3534   000846  A0D8               	btfss	status,0,c
  3535   000848  0628               	decf	(___fldiv@new_exp+1)^0,f,c
  3536   00084A                     l1548:
  3537   00084A  AE18               	btfss	(___fldiv@b+2)^0,7,c
  3538   00084C  EF2A  F004         	goto	u781
  3539   000850  EF2C  F004         	goto	u780
  3540   000854                     u781:
  3541   000854  EF10  F004         	goto	l1542
  3542   000858                     u780:
  3543   000858  6A2E               	clrf	___fldiv@aexp^0,c
  3544   00085A  AE2C               	btfss	(___fldiv@grs+3)^0,7,c
  3545   00085C  EF32  F004         	goto	u791
  3546   000860  EF34  F004         	goto	u790
  3547   000864                     u791:
  3548   000864  EF58  F004         	goto	l920
  3549   000868                     u790:
  3550   000868  0EFF               	movlw	255
  3551   00086A  1429               	andwf	___fldiv@grs^0,w,c
  3552   00086C  6E1E               	movwf	??___fldiv^0,c
  3553   00086E  0EFF               	movlw	255
  3554   000870  142A               	andwf	(___fldiv@grs+1)^0,w,c
  3555   000872  6E1F               	movwf	(??___fldiv+1)^0,c
  3556   000874  0EFF               	movlw	255
  3557   000876  142B               	andwf	(___fldiv@grs+2)^0,w,c
  3558   000878  6E20               	movwf	(??___fldiv+2)^0,c
  3559   00087A  0E7F               	movlw	127
  3560   00087C  142C               	andwf	(___fldiv@grs+3)^0,w,c
  3561   00087E  6E21               	movwf	(??___fldiv+3)^0,c
  3562   000880  501E               	movf	??___fldiv^0,w,c
  3563   000882  101F               	iorwf	(??___fldiv+1)^0,w,c
  3564   000884  1020               	iorwf	(??___fldiv+2)^0,w,c
  3565   000886  1021               	iorwf	(??___fldiv+3)^0,w,c
  3566   000888  B4D8               	btfsc	status,2,c
  3567   00088A  EF49  F004         	goto	u801
  3568   00088E  EF4B  F004         	goto	u800
  3569   000892                     u801:
  3570   000892  EF4F  F004         	goto	l921
  3571   000896                     u800:
  3572   000896                     l1552:
  3573   000896  0E01               	movlw	1
  3574   000898  6E2E               	movwf	___fldiv@aexp^0,c
  3575   00089A  EF58  F004         	goto	l920
  3576   00089E                     l921:
  3577   00089E  A016               	btfss	___fldiv@b^0,0,c
  3578   0008A0  EF54  F004         	goto	u811
  3579   0008A4  EF56  F004         	goto	u810
  3580   0008A8                     u811:
  3581   0008A8  EF58  F004         	goto	l920
  3582   0008AC                     u810:
  3583   0008AC  EF4B  F004         	goto	l1552
  3584   0008B0                     l920:
  3585   0008B0  502E               	movf	___fldiv@aexp^0,w,c
  3586   0008B2  B4D8               	btfsc	status,2,c
  3587   0008B4  EF5E  F004         	goto	u821
  3588   0008B8  EF60  F004         	goto	u820
  3589   0008BC                     u821:
  3590   0008BC  EF84  F004         	goto	l1564
  3591   0008C0                     u820:
  3592   0008C0  0E01               	movlw	1
  3593   0008C2  2616               	addwf	___fldiv@b^0,f,c
  3594   0008C4  0E00               	movlw	0
  3595   0008C6  2217               	addwfc	(___fldiv@b+1)^0,f,c
  3596   0008C8  2218               	addwfc	(___fldiv@b+2)^0,f,c
  3597   0008CA  2219               	addwfc	(___fldiv@b+3)^0,f,c
  3598   0008CC  A019               	btfss	(___fldiv@b+3)^0,0,c
  3599   0008CE  EF6B  F004         	goto	u831
  3600   0008D2  EF6D  F004         	goto	u830
  3601   0008D6                     u831:
  3602   0008D6  EF84  F004         	goto	l1564
  3603   0008DA                     u830:
  3604   0008DA  C016  F01E         	movff	___fldiv@b,??___fldiv
  3605   0008DE  C017  F01F         	movff	___fldiv@b+1,??___fldiv+1
  3606   0008E2  C018  F020         	movff	___fldiv@b+2,??___fldiv+2
  3607   0008E6  C019  F021         	movff	___fldiv@b+3,??___fldiv+3
  3608   0008EA  3421               	rlcf	(??___fldiv+3)^0,w,c
  3609   0008EC  3221               	rrcf	(??___fldiv+3)^0,f,c
  3610   0008EE  3220               	rrcf	(??___fldiv+2)^0,f,c
  3611   0008F0  321F               	rrcf	(??___fldiv+1)^0,f,c
  3612   0008F2  321E               	rrcf	??___fldiv^0,f,c
  3613   0008F4  C01E  F016         	movff	??___fldiv,___fldiv@b
  3614   0008F8  C01F  F017         	movff	??___fldiv+1,___fldiv@b+1
  3615   0008FC  C020  F018         	movff	??___fldiv+2,___fldiv@b+2
  3616   000900  C021  F019         	movff	??___fldiv+3,___fldiv@b+3
  3617   000904  4A27               	infsnz	___fldiv@new_exp^0,f,c
  3618   000906  2A28               	incf	(___fldiv@new_exp+1)^0,f,c
  3619   000908                     l1564:
  3620   000908  BE28               	btfsc	(___fldiv@new_exp+1)^0,7,c
  3621   00090A  EF8F  F004         	goto	u841
  3622   00090E  5028               	movf	(___fldiv@new_exp+1)^0,w,c
  3623   000910  E108               	bnz	u840
  3624   000912  2827               	incf	___fldiv@new_exp^0,w,c
  3625   000914  A0D8               	btfss	status,0,c
  3626   000916  EF8F  F004         	goto	u841
  3627   00091A  EF91  F004         	goto	u840
  3628   00091E                     u841:
  3629   00091E  EF9C  F004         	goto	l1568
  3630   000922                     u840:
  3631   000922  0E00               	movlw	0
  3632   000924  6E28               	movwf	(___fldiv@new_exp+1)^0,c
  3633   000926  6827               	setf	___fldiv@new_exp^0,c
  3634   000928  0E00               	movlw	0
  3635   00092A  6E16               	movwf	___fldiv@b^0,c
  3636   00092C  0E00               	movlw	0
  3637   00092E  6E17               	movwf	(___fldiv@b+1)^0,c
  3638   000930  0E00               	movlw	0
  3639   000932  6E18               	movwf	(___fldiv@b+2)^0,c
  3640   000934  0E00               	movlw	0
  3641   000936  6E19               	movwf	(___fldiv@b+3)^0,c
  3642   000938                     l1568:
  3643   000938  BE28               	btfsc	(___fldiv@new_exp+1)^0,7,c
  3644   00093A  EFA9  F004         	goto	u850
  3645   00093E  5028               	movf	(___fldiv@new_exp+1)^0,w,c
  3646   000940  E106               	bnz	u851
  3647   000942  0427               	decf	___fldiv@new_exp^0,w,c
  3648   000944  B0D8               	btfsc	status,0,c
  3649   000946  EFA7  F004         	goto	u851
  3650   00094A  EFA9  F004         	goto	u850
  3651   00094E                     u851:
  3652   00094E  EFB5  F004         	goto	l1574
  3653   000952                     u850:
  3654   000952  6A28               	clrf	(___fldiv@new_exp+1)^0,c
  3655   000954  0E00               	movlw	0
  3656   000956  6E27               	movwf	___fldiv@new_exp^0,c
  3657   000958  0E00               	movlw	0
  3658   00095A  6E16               	movwf	___fldiv@b^0,c
  3659   00095C  0E00               	movlw	0
  3660   00095E  6E17               	movwf	(___fldiv@b+1)^0,c
  3661   000960  0E00               	movlw	0
  3662   000962  6E18               	movwf	(___fldiv@b+2)^0,c
  3663   000964  0E00               	movlw	0
  3664   000966  6E19               	movwf	(___fldiv@b+3)^0,c
  3665   000968  6A26               	clrf	___fldiv@sign^0,c
  3666   00096A                     l1574:
  3667   00096A  C027  F02D         	movff	___fldiv@new_exp,___fldiv@bexp
  3668   00096E  A02D               	btfss	___fldiv@bexp^0,0,c
  3669   000970  EFBC  F004         	goto	u861
  3670   000974  EFBE  F004         	goto	u860
  3671   000978                     u861:
  3672   000978  EFC1  F004         	goto	l1580
  3673   00097C                     u860:
  3674   00097C  8E18               	bsf	(___fldiv@b+2)^0,7,c
  3675   00097E  EFC2  F004         	goto	l1582
  3676   000982                     l1580:
  3677   000982  9E18               	bcf	(___fldiv@b+2)^0,7,c
  3678   000984                     l1582:
  3679   000984  90D8               	bcf	status,0,c
  3680   000986  302D               	rrcf	___fldiv@bexp^0,w,c
  3681   000988  6E19               	movwf	(___fldiv@b+3)^0,c
  3682   00098A  EF7C  F003         	goto	l1498
  3683   00098E                     l907:
  3684   00098E  0012               	return		;funcret
  3685   000990                     __end_of___fldiv:
  3686                           	callstack 0
  3687                           
  3688 ;; *************** function _init_config *****************
  3689 ;; Defined at:
  3690 ;;		line 22 in file "main_ecu1.c"
  3691 ;; Parameters:    Size  Location     Type
  3692 ;;		None
  3693 ;; Auto vars:     Size  Location     Type
  3694 ;;		None
  3695 ;; Return value:  Size  Location     Type
  3696 ;;                  1    wreg      void 
  3697 ;; Registers used:
  3698 ;;		wreg, status,2, status,0, cstack
  3699 ;; Tracked objects:
  3700 ;;		On entry : 0/0
  3701 ;;		On exit  : 0/0
  3702 ;;		Unchanged: 0/0
  3703 ;; Data sizes:     COMRAM   BANK0   BANK1   BANK2   BANK3   BANK4   BANK5
  3704 ;;      Params:         0       0       0       0       0       0       0
  3705 ;;      Locals:         0       0       0       0       0       0       0
  3706 ;;      Temps:          0       0       0       0       0       0       0
  3707 ;;      Totals:         0       0       0       0       0       0       0
  3708 ;;Total ram usage:        0 bytes
  3709 ;; Hardware stack levels used: 1
  3710 ;; Hardware stack levels required when called: 1
  3711 ;; This function calls:
  3712 ;;		_init_adc
  3713 ;;		_init_can
  3714 ;;		_read_digital_keypad
  3715 ;; This function is called by:
  3716 ;;		_main
  3717 ;; This function uses a non-reentrant model
  3718 ;;
  3719                           
  3720                           	psect	text7
  3721   000F78                     __ptext7:
  3722                           	callstack 0
  3723   000F78                     _init_config:
  3724                           	callstack 29
  3725   000F78                     
  3726                           ;main_ecu1.c: 24:     TRISB = 0x00;
  3727   000F78  6A93               	clrf	147,c	;volatile
  3728                           
  3729                           ;main_ecu1.c: 25:     PORTB = 0x00;
  3730   000F7A  6A81               	clrf	129,c	;volatile
  3731   000F7C                     
  3732                           ;main_ecu1.c: 27:     init_can();
  3733   000F7C  EC60  F007         	call	_init_can	;wreg free
  3734                           
  3735                           ;main_ecu1.c: 28:     read_digital_keypad(1);
  3736   000F80  0E01               	movlw	1
  3737   000F82  EC65  F006         	call	_read_digital_keypad
  3738   000F86                     
  3739                           ;main_ecu1.c: 29:     init_adc();
  3740   000F86  ECAE  F007         	call	_init_adc	;wreg free
  3741   000F8A  0012               	return		;funcret
  3742   000F8C                     __end_of_init_config:
  3743                           	callstack 0
  3744                           
  3745 ;; *************** function _read_digital_keypad *****************
  3746 ;; Defined at:
  3747 ;;		line 9 in file "digital_keypad.c"
  3748 ;; Parameters:    Size  Location     Type
  3749 ;;  detection_ty    1    wreg     unsigned char 
  3750 ;; Auto vars:     Size  Location     Type
  3751 ;;  detection_ty    1    0[COMRAM] unsigned char 
  3752 ;; Return value:  Size  Location     Type
  3753 ;;                  1    wreg      unsigned char 
  3754 ;; Registers used:
  3755 ;;		wreg, status,2, status,0
  3756 ;; Tracked objects:
  3757 ;;		On entry : 0/0
  3758 ;;		On exit  : 0/0
  3759 ;;		Unchanged: 0/0
  3760 ;; Data sizes:     COMRAM   BANK0   BANK1   BANK2   BANK3   BANK4   BANK5
  3761 ;;      Params:         0       0       0       0       0       0       0
  3762 ;;      Locals:         1       0       0       0       0       0       0
  3763 ;;      Temps:          0       0       0       0       0       0       0
  3764 ;;      Totals:         1       0       0       0       0       0       0
  3765 ;;Total ram usage:        1 bytes
  3766 ;; Hardware stack levels used: 1
  3767 ;; This function calls:
  3768 ;;		Nothing
  3769 ;; This function is called by:
  3770 ;;		_init_config
  3771 ;;		_update_indicators
  3772 ;; This function uses a non-reentrant model
  3773 ;;
  3774                           
  3775                           	psect	text8
  3776   000CCA                     __ptext8:
  3777                           	callstack 0
  3778   000CCA                     _read_digital_keypad:
  3779                           	callstack 29
  3780                           
  3781                           ;incstack = 0
  3782                           ;read_digital_keypad@detection_type stored from wreg
  3783   000CCA  6E01               	movwf	read_digital_keypad@detection_type^0,c
  3784   000CCC                     
  3785                           ;digital_keypad.c: 9: unsigned char read_digital_keypad(unsigned char detection_type);di
      +                          gital_keypad.c: 10: {;digital_keypad.c: 11:  static unsigned char once = 1;;digital_keyp
      +                          ad.c: 13:  if (detection_type == 1)
  3786   000CCC  0401               	decf	read_digital_keypad@detection_type^0,w,c
  3787   000CCE  A4D8               	btfss	status,2,c
  3788   000CD0  EF6C  F006         	goto	u21
  3789   000CD4  EF6E  F006         	goto	u20
  3790   000CD8                     u21:
  3791   000CD8  EF93  F006         	goto	l1038
  3792   000CDC                     u20:
  3793   000CDC                     
  3794                           ;digital_keypad.c: 14:  {;digital_keypad.c: 15:   if (((PORTC & 0x0F) != 0x0F) && once)
  3795   000CDC  5082               	movf	130,w,c	;volatile
  3796   000CDE  0B0F               	andlw	15
  3797   000CE0  0A0F               	xorlw	15
  3798   000CE2  B4D8               	btfsc	status,2,c
  3799   000CE4  EF76  F006         	goto	u31
  3800   000CE8  EF78  F006         	goto	u30
  3801   000CEC                     u31:
  3802   000CEC  EF85  F006         	goto	l1034
  3803   000CF0                     u30:
  3804   000CF0  504A               	movf	read_digital_keypad@once^0,w,c
  3805   000CF2  B4D8               	btfsc	status,2,c
  3806   000CF4  EF7E  F006         	goto	u41
  3807   000CF8  EF80  F006         	goto	u40
  3808   000CFC                     u41:
  3809   000CFC  EF85  F006         	goto	l1034
  3810   000D00                     u40:
  3811   000D00                     
  3812                           ;digital_keypad.c: 16:   {;digital_keypad.c: 17:    once = 0;
  3813   000D00  6A4A               	clrf	read_digital_keypad@once^0,c
  3814   000D02                     l1028:
  3815                           
  3816                           ;digital_keypad.c: 19:    return (PORTC & 0x0F);
  3817   000D02  5082               	movf	130,w,c	;volatile
  3818   000D04  0B0F               	andlw	15
  3819   000D06  EF9E  F006         	goto	l135
  3820   000D0A                     l1034:
  3821   000D0A  5082               	movf	130,w,c	;volatile
  3822   000D0C  0B0F               	andlw	15
  3823   000D0E  0A0F               	xorlw	15
  3824   000D10  A4D8               	btfss	status,2,c
  3825   000D12  EF8D  F006         	goto	u51
  3826   000D16  EF8F  F006         	goto	u50
  3827   000D1A                     u51:
  3828   000D1A  EF9D  F006         	goto	l1044
  3829   000D1E                     u50:
  3830   000D1E                     
  3831                           ;digital_keypad.c: 22:   {;digital_keypad.c: 23:    once = 1;
  3832   000D1E  0E01               	movlw	1
  3833   000D20  6E4A               	movwf	read_digital_keypad@once^0,c
  3834   000D22  EF9D  F006         	goto	l1044
  3835   000D26                     l1038:
  3836   000D26  5001               	movf	read_digital_keypad@detection_type^0,w,c
  3837   000D28  A4D8               	btfss	status,2,c
  3838   000D2A  EF99  F006         	goto	u61
  3839   000D2E  EF9B  F006         	goto	u60
  3840   000D32                     u61:
  3841   000D32  EF9D  F006         	goto	l1044
  3842   000D36                     u60:
  3843   000D36  EF81  F006         	goto	l1028
  3844   000D3A                     l1044:
  3845                           
  3846                           ;digital_keypad.c: 31:  return 0xFF;
  3847   000D3A  0EFF               	movlw	255
  3848   000D3C                     l135:
  3849   000D3C  0012               	return		;funcret
  3850   000D3E                     __end_of_read_digital_keypad:
  3851                           	callstack 0
  3852                           
  3853 ;; *************** function _init_can *****************
  3854 ;; Defined at:
  3855 ;;		line 23 in file "CAN.c"
  3856 ;; Parameters:    Size  Location     Type
  3857 ;;		None
  3858 ;; Auto vars:     Size  Location     Type
  3859 ;;		None
  3860 ;; Return value:  Size  Location     Type
  3861 ;;                  1    wreg      void 
  3862 ;; Registers used:
  3863 ;;		wreg, status,2, status,0
  3864 ;; Tracked objects:
  3865 ;;		On entry : 0/0
  3866 ;;		On exit  : 0/0
  3867 ;;		Unchanged: 0/0
  3868 ;; Data sizes:     COMRAM   BANK0   BANK1   BANK2   BANK3   BANK4   BANK5
  3869 ;;      Params:         0       0       0       0       0       0       0
  3870 ;;      Locals:         0       0       0       0       0       0       0
  3871 ;;      Temps:          0       0       0       0       0       0       0
  3872 ;;      Totals:         0       0       0       0       0       0       0
  3873 ;;Total ram usage:        0 bytes
  3874 ;; Hardware stack levels used: 1
  3875 ;; This function calls:
  3876 ;;		Nothing
  3877 ;; This function is called by:
  3878 ;;		_init_config
  3879 ;; This function uses a non-reentrant model
  3880 ;;
  3881                           
  3882                           	psect	text9
  3883   000EC0                     __ptext9:
  3884                           	callstack 0
  3885   000EC0                     _init_can:
  3886                           	callstack 29
  3887   000EC0                     
  3888                           ;CAN.c: 25:     TRISB2 = 0;
  3889   000EC0  9493               	bcf	3987,2,c	;volatile
  3890                           
  3891                           ;CAN.c: 26:     TRISB3 = 1;
  3892   000EC2  8693               	bsf	3987,3,c	;volatile
  3893   000EC4                     
  3894                           ;CAN.c: 30:     { CANCON &= 0x1F; CANCON |= e_can_op_mode_config; };
  3895   000EC4  0E1F               	movlw	31
  3896   000EC6  166F               	andwf	111,f,c	;volatile
  3897   000EC8  8E6F               	bsf	111,7,c	;volatile
  3898   000ECA                     l1004:
  3899   000ECA  0E80               	movlw	128
  3900   000ECC  186E               	xorwf	110,w,c	;volatile
  3901   000ECE  A4D8               	btfss	status,2,c
  3902   000ED0  EF6C  F007         	goto	u11
  3903   000ED4  EF6E  F007         	goto	u10
  3904   000ED8                     u11:
  3905   000ED8  EF65  F007         	goto	l1004
  3906   000EDC                     u10:
  3907   000EDC                     
  3908                           ;CAN.c: 36:     ECANCON = 0x00;
  3909   000EDC  6A77               	clrf	119,c	;volatile
  3910   000EDE                     
  3911                           ;CAN.c: 39:     BRGCON1 = 0xE1;
  3912   000EDE  0EE1               	movlw	225
  3913   000EE0  6E70               	movwf	112,c	;volatile
  3914                           
  3915                           ;CAN.c: 40:     BRGCON2 = 0x1B;
  3916   000EE2  0E1B               	movlw	27
  3917   000EE4  6E71               	movwf	113,c	;volatile
  3918                           
  3919                           ;CAN.c: 41:     BRGCON3 = 0x03;
  3920   000EE6  0E03               	movlw	3
  3921   000EE8  6E72               	movwf	114,c	;volatile
  3922   000EEA                     
  3923                           ;CAN.c: 47:     RXFCON0 = 0x00;
  3924   000EEA  010D               	movlb	13	; () banked
  3925   000EEC  6BD4               	clrf	212,b	;volatile
  3926   000EEE                     
  3927                           ; BSR set to: 13
  3928                           ;CAN.c: 49:     { CANCON &= 0x1F; CANCON |= e_can_op_mode_normal; };
  3929   000EEE  0E1F               	movlw	31
  3930   000EF0  166F               	andwf	111,f,c	;volatile
  3931   000EF2                     
  3932                           ; BSR set to: 13
  3933   000EF2  506F               	movf	111,w,c	;volatile
  3934   000EF4                     
  3935                           ; BSR set to: 13
  3936                           ;CAN.c: 52:     RXB0CON = 0x00;
  3937   000EF4  6A60               	clrf	96,c	;volatile
  3938   000EF6                     
  3939                           ; BSR set to: 13
  3940                           ;CAN.c: 53:     RXB0CONbits.RXM0 = 1;
  3941   000EF6  8A60               	bsf	96,5,c	;volatile
  3942   000EF8                     
  3943                           ; BSR set to: 13
  3944                           ;CAN.c: 54:     RXB0CONbits.RXM1 = 1;
  3945   000EF8  8C60               	bsf	96,6,c	;volatile
  3946   000EFA                     
  3947                           ; BSR set to: 13
  3948   000EFA  0012               	return		;funcret
  3949   000EFC                     __end_of_init_can:
  3950                           	callstack 0
  3951                           
  3952 ;; *************** function _init_adc *****************
  3953 ;; Defined at:
  3954 ;;		line 5 in file "adc.c"
  3955 ;; Parameters:    Size  Location     Type
  3956 ;;		None
  3957 ;; Auto vars:     Size  Location     Type
  3958 ;;		None
  3959 ;; Return value:  Size  Location     Type
  3960 ;;                  1    wreg      void 
  3961 ;; Registers used:
  3962 ;;		None
  3963 ;; Tracked objects:
  3964 ;;		On entry : 0/0
  3965 ;;		On exit  : 0/0
  3966 ;;		Unchanged: 0/0
  3967 ;; Data sizes:     COMRAM   BANK0   BANK1   BANK2   BANK3   BANK4   BANK5
  3968 ;;      Params:         0       0       0       0       0       0       0
  3969 ;;      Locals:         0       0       0       0       0       0       0
  3970 ;;      Temps:          0       0       0       0       0       0       0
  3971 ;;      Totals:         0       0       0       0       0       0       0
  3972 ;;Total ram usage:        0 bytes
  3973 ;; Hardware stack levels used: 1
  3974 ;; This function calls:
  3975 ;;		Nothing
  3976 ;; This function is called by:
  3977 ;;		_init_config
  3978 ;; This function uses a non-reentrant model
  3979 ;;
  3980                           
  3981                           	psect	text10
  3982   000F5C                     __ptext10:
  3983                           	callstack 0
  3984   000F5C                     _init_adc:
  3985                           	callstack 29
  3986   000F5C                     
  3987                           ;adc.c: 8:  ADFM = 1;
  3988   000F5C  8EC0               	bsf	4032,7,c	;volatile
  3989                           
  3990                           ;adc.c: 14:  ACQT2 = 0;
  3991   000F5E  9AC0               	bcf	4032,5,c	;volatile
  3992                           
  3993                           ;adc.c: 15:  ACQT1 = 1;
  3994   000F60  88C0               	bsf	4032,4,c	;volatile
  3995                           
  3996                           ;adc.c: 16:  ACQT0 = 0;
  3997   000F62  96C0               	bcf	4032,3,c	;volatile
  3998                           
  3999                           ;adc.c: 22:  ADCS0 = 0;
  4000   000F64  90C0               	bcf	4032,0,c	;volatile
  4001                           
  4002                           ;adc.c: 23:  ADCS1 = 1;
  4003   000F66  82C0               	bsf	4032,1,c	;volatile
  4004                           
  4005                           ;adc.c: 24:  ADCS2 = 0;
  4006   000F68  94C0               	bcf	4032,2,c	;volatile
  4007                           
  4008                           ;adc.c: 27:  GODONE = 0;
  4009   000F6A  92C2               	bcf	4034,1,c	;volatile
  4010                           
  4011                           ;adc.c: 32:  VCFG1 = 0;
  4012   000F6C  9AC1               	bcf	4033,5,c	;volatile
  4013                           
  4014                           ;adc.c: 34:  VCFG0 = 0;
  4015   000F6E  98C1               	bcf	4033,4,c	;volatile
  4016                           
  4017                           ;adc.c: 37:  ADRESH = 0;
  4018   000F70  6AC4               	clrf	196,c	;volatile
  4019                           
  4020                           ;adc.c: 38:  ADRESL = 0;
  4021   000F72  6AC3               	clrf	195,c	;volatile
  4022                           
  4023                           ;adc.c: 41:  ADON = 1;
  4024   000F74  80C2               	bsf	4034,0,c	;volatile
  4025   000F76  0012               	return		;funcret
  4026   000F78                     __end_of_init_adc:
  4027                           	callstack 0
  4028                           
  4029 ;; *************** function _can_transmit *****************
  4030 ;; Defined at:
  4031 ;;		line 71 in file "CAN.c"
  4032 ;; Parameters:    Size  Location     Type
  4033 ;;  msg_id          2    4[COMRAM] unsigned short 
  4034 ;;  data            1    6[COMRAM] PTR const unsigned char 
  4035 ;;		 -> rpm_val(2), indicator_val(1), 
  4036 ;;  len             1    7[COMRAM] unsigned char 
  4037 ;; Auto vars:     Size  Location     Type
  4038 ;;  i               2   13[COMRAM] int 
  4039 ;;  ptr             2   11[COMRAM] PTR unsigned char 
  4040 ;;		 -> TXB0D0(1), 
  4041 ;; Return value:  Size  Location     Type
  4042 ;;                  1    wreg      void 
  4043 ;; Registers used:
  4044 ;;		wreg, fsr1l, fsr1h, fsr2l, fsr2h, status,2, status,0, cstack
  4045 ;; Tracked objects:
  4046 ;;		On entry : 0/0
  4047 ;;		On exit  : 0/0
  4048 ;;		Unchanged: 0/0
  4049 ;; Data sizes:     COMRAM   BANK0   BANK1   BANK2   BANK3   BANK4   BANK5
  4050 ;;      Params:         4       0       0       0       0       0       0
  4051 ;;      Locals:         4       0       0       0       0       0       0
  4052 ;;      Temps:          3       0       0       0       0       0       0
  4053 ;;      Totals:        11       0       0       0       0       0       0
  4054 ;;Total ram usage:       11 bytes
  4055 ;; Hardware stack levels used: 1
  4056 ;; Hardware stack levels required when called: 1
  4057 ;; This function calls:
  4058 ;;		_set_msg_id_std
  4059 ;; This function is called by:
  4060 ;;		_main
  4061 ;; This function uses a non-reentrant model
  4062 ;;
  4063                           
  4064                           	psect	text11
  4065   000D3E                     __ptext11:
  4066                           	callstack 0
  4067   000D3E                     _can_transmit:
  4068                           	callstack 29
  4069   000D3E                     
  4070                           ;CAN.c: 72:     uint8_t *ptr;;CAN.c: 73:     TXB0EIDH = 0x00;
  4071   000D3E  010F               	movlb	15	; () banked
  4072   000D40  6B43               	clrf	67,b	;volatile
  4073                           
  4074                           ;CAN.c: 74:     TXB0EIDL = 0x00;
  4075   000D42  6B44               	clrf	68,b	;volatile
  4076   000D44                     
  4077                           ; BSR set to: 15
  4078                           ;CAN.c: 77:     set_msg_id_std(msg_id);
  4079   000D44  C005  F001         	movff	can_transmit@msg_id,set_msg_id_std@id
  4080   000D48  C006  F002         	movff	can_transmit@msg_id+1,set_msg_id_std@id+1
  4081   000D4C  EC7E  F007         	call	_set_msg_id_std	;wreg free
  4082   000D50                     
  4083                           ;CAN.c: 80:     TXB0DLC = len;
  4084   000D50  C008  FF45         	movff	can_transmit@len,3909	;volatile
  4085   000D54                     
  4086                           ;CAN.c: 85:     ptr = (uint8_t *) & TXB0D0;
  4087   000D54  0E46               	movlw	70
  4088   000D56  6E0C               	movwf	can_transmit@ptr^0,c
  4089   000D58  0E0F               	movlw	15
  4090   000D5A  6E0D               	movwf	(can_transmit@ptr+1)^0,c
  4091   000D5C                     
  4092                           ;CAN.c: 86:     for (int i = 0; i < len; i++) {
  4093   000D5C  6A0F               	clrf	(can_transmit@i+1)^0,c
  4094   000D5E  0E00               	movlw	0
  4095   000D60  6E0E               	movwf	can_transmit@i^0,c
  4096   000D62  EFC1  F006         	goto	l1700
  4097   000D66                     l1696:
  4098                           
  4099                           ;CAN.c: 87:         ptr[i] = data[i];
  4100   000D66  5007               	movf	can_transmit@data^0,w,c
  4101   000D68  240E               	addwf	can_transmit@i^0,w,c
  4102   000D6A  6ED9               	movwf	fsr2l,c
  4103   000D6C  6ADA               	clrf	fsr2h,c
  4104   000D6E  500E               	movf	can_transmit@i^0,w,c
  4105   000D70  240C               	addwf	can_transmit@ptr^0,w,c
  4106   000D72  6EE1               	movwf	fsr1l,c
  4107   000D74  500F               	movf	(can_transmit@i+1)^0,w,c
  4108   000D76  200D               	addwfc	(can_transmit@ptr+1)^0,w,c
  4109   000D78  6EE2               	movwf	fsr1h,c
  4110   000D7A  CFDF FFE7          	movff	indf2,indf1
  4111   000D7E                     
  4112                           ;CAN.c: 88:     }
  4113   000D7E  4A0E               	infsnz	can_transmit@i^0,f,c
  4114   000D80  2A0F               	incf	(can_transmit@i+1)^0,f,c
  4115   000D82                     l1700:
  4116   000D82  5008               	movf	can_transmit@len^0,w,c
  4117   000D84  6E09               	movwf	??_can_transmit^0,c
  4118   000D86  6A0A               	clrf	(??_can_transmit+1)^0,c
  4119   000D88  5009               	movf	??_can_transmit^0,w,c
  4120   000D8A  5C0E               	subwf	can_transmit@i^0,w,c
  4121   000D8C  500F               	movf	(can_transmit@i+1)^0,w,c
  4122   000D8E  0A80               	xorlw	128
  4123   000D90  6E0B               	movwf	(??_can_transmit+2)^0,c
  4124   000D92  500A               	movf	(??_can_transmit+1)^0,w,c
  4125   000D94  0A80               	xorlw	128
  4126   000D96  580B               	subwfb	(??_can_transmit+2)^0,w,c
  4127   000D98  A0D8               	btfss	status,0,c
  4128   000D9A  EFD1  F006         	goto	u1041
  4129   000D9E  EFD3  F006         	goto	u1040
  4130   000DA2                     u1041:
  4131   000DA2  EFB3  F006         	goto	l1696
  4132   000DA6                     u1040:
  4133   000DA6                     
  4134                           ;CAN.c: 89:     TXB0REQ = 1;
  4135   000DA6  010F               	movlb	15	; () banked
  4136   000DA8  8740               	bsf	64,3,b	;volatile
  4137   000DAA                     
  4138                           ; BSR set to: 15
  4139   000DAA  0012               	return		;funcret
  4140   000DAC                     __end_of_can_transmit:
  4141                           	callstack 0
  4142                           
  4143 ;; *************** function _set_msg_id_std *****************
  4144 ;; Defined at:
  4145 ;;		line 64 in file "CAN.c"
  4146 ;; Parameters:    Size  Location     Type
  4147 ;;  id              2    0[COMRAM] unsigned int 
  4148 ;; Auto vars:     Size  Location     Type
  4149 ;;		None
  4150 ;; Return value:  Size  Location     Type
  4151 ;;                  1    wreg      void 
  4152 ;; Registers used:
  4153 ;;		wreg, status,2, status,0
  4154 ;; Tracked objects:
  4155 ;;		On entry : 0/0
  4156 ;;		On exit  : 0/0
  4157 ;;		Unchanged: 0/0
  4158 ;; Data sizes:     COMRAM   BANK0   BANK1   BANK2   BANK3   BANK4   BANK5
  4159 ;;      Params:         2       0       0       0       0       0       0
  4160 ;;      Locals:         0       0       0       0       0       0       0
  4161 ;;      Temps:          2       0       0       0       0       0       0
  4162 ;;      Totals:         4       0       0       0       0       0       0
  4163 ;;Total ram usage:        4 bytes
  4164 ;; Hardware stack levels used: 1
  4165 ;; This function calls:
  4166 ;;		Nothing
  4167 ;; This function is called by:
  4168 ;;		_can_transmit
  4169 ;; This function uses a non-reentrant model
  4170 ;;
  4171                           
  4172                           	psect	text12
  4173   000EFC                     __ptext12:
  4174                           	callstack 0
  4175   000EFC                     _set_msg_id_std:
  4176                           	callstack 29
  4177   000EFC                     
  4178                           ;CAN.c: 65:     TXB0SIDL = (id & 0x7) << 5;
  4179   000EFC  C001  F003         	movff	set_msg_id_std@id,??_set_msg_id_std
  4180   000F00  0E07               	movlw	7
  4181   000F02  1603               	andwf	??_set_msg_id_std^0,f,c
  4182   000F04  0E05               	movlw	5
  4183   000F06  6E04               	movwf	(??_set_msg_id_std+1)^0,c
  4184   000F08                     u635:
  4185   000F08  90D8               	bcf	status,0,c
  4186   000F0A  3603               	rlcf	??_set_msg_id_std^0,f,c
  4187   000F0C  2E04               	decfsz	(??_set_msg_id_std+1)^0,f,c
  4188   000F0E  EF84  F007         	goto	u635
  4189   000F12  5003               	movf	??_set_msg_id_std^0,w,c
  4190   000F14  010F               	movlb	15	; () banked
  4191   000F16  6F42               	movwf	66,b	;volatile
  4192                           
  4193                           ;CAN.c: 66:     TXB0SIDH = (id >> 3);
  4194   000F18  C001  F003         	movff	set_msg_id_std@id,??_set_msg_id_std
  4195   000F1C  C002  F004         	movff	set_msg_id_std@id+1,??_set_msg_id_std+1
  4196   000F20  90D8               	bcf	status,0,c
  4197   000F22  3204               	rrcf	(??_set_msg_id_std+1)^0,f,c
  4198   000F24  3203               	rrcf	??_set_msg_id_std^0,f,c
  4199   000F26  90D8               	bcf	status,0,c
  4200   000F28  3204               	rrcf	(??_set_msg_id_std+1)^0,f,c
  4201   000F2A  3203               	rrcf	??_set_msg_id_std^0,f,c
  4202   000F2C  90D8               	bcf	status,0,c
  4203   000F2E  3204               	rrcf	(??_set_msg_id_std+1)^0,f,c
  4204   000F30  3203               	rrcf	??_set_msg_id_std^0,f,c
  4205   000F32  5003               	movf	??_set_msg_id_std^0,w,c
  4206   000F34  6F41               	movwf	65,b	;volatile
  4207   000F36                     
  4208                           ; BSR set to: 15
  4209   000F36  0012               	return		;funcret
  4210   000F38                     __end_of_set_msg_id_std:
  4211                           	callstack 0
  4212                           
  4213                           	psect	smallconst
  4214   000600                     __psmallconst:
  4215                           	callstack 0
  4216   000600  00                 	db	0
  4217   000601  00                 	db	0	; dummy byte at the end
  4218   000600                     __smallconst    set	__psmallconst
  4219   000600                     __mediumconst   set	__psmallconst
  4220   000000                     __activetblptr  equ	0
  4221                           
  4222                           	psect	rparam
  4223   000001                     ___rparam_used  equ	1
  4224   000000                     ___param_bank   equ	0
  4225   000000                     __Lparam        equ	__Lrparam
  4226   000000                     __Hparam        equ	__Hrparam
  4227                           
  4228                           	psect	idloc
  4229                           
  4230                           ;Config register IDLOC0 @ 0x200000
  4231                           ;	unspecified, using default values
  4232   200000                     	org	2097152
  4233   200000  FF                 	db	255
  4234                           
  4235                           ;Config register IDLOC1 @ 0x200001
  4236                           ;	unspecified, using default values
  4237   200001                     	org	2097153
  4238   200001  FF                 	db	255
  4239                           
  4240                           ;Config register IDLOC2 @ 0x200002
  4241                           ;	unspecified, using default values
  4242   200002                     	org	2097154
  4243   200002  FF                 	db	255
  4244                           
  4245                           ;Config register IDLOC3 @ 0x200003
  4246                           ;	unspecified, using default values
  4247   200003                     	org	2097155
  4248   200003  FF                 	db	255
  4249                           
  4250                           ;Config register IDLOC4 @ 0x200004
  4251                           ;	unspecified, using default values
  4252   200004                     	org	2097156
  4253   200004  FF                 	db	255
  4254                           
  4255                           ;Config register IDLOC5 @ 0x200005
  4256                           ;	unspecified, using default values
  4257   200005                     	org	2097157
  4258   200005  FF                 	db	255
  4259                           
  4260                           ;Config register IDLOC6 @ 0x200006
  4261                           ;	unspecified, using default values
  4262   200006                     	org	2097158
  4263   200006  FF                 	db	255
  4264                           
  4265                           ;Config register IDLOC7 @ 0x200007
  4266                           ;	unspecified, using default values
  4267   200007                     	org	2097159
  4268   200007  FF                 	db	255
  4269                           
  4270                           	psect	config
  4271                           
  4272                           ; Padding undefined space
  4273   300000                     	org	3145728
  4274   300000  FF                 	db	255
  4275                           
  4276                           ;Config register CONFIG1H @ 0x300001
  4277                           ;	unspecified, using default values
  4278                           ;	Oscillator Selection bits
  4279                           ;	OSC = 0x7, unprogrammed default
  4280                           ;	Fail-Safe Clock Monitor Enable bit
  4281                           ;	FCMEN = 0x0, unprogrammed default
  4282                           ;	Internal/External Oscillator Switchover bit
  4283                           ;	IESO = 0x0, unprogrammed default
  4284   300001                     	org	3145729
  4285   300001  07                 	db	7
  4286                           
  4287                           ;Config register CONFIG2L @ 0x300002
  4288                           ;	unspecified, using default values
  4289                           ;	Power-up Timer Enable bit
  4290                           ;	PWRT = 0x1, unprogrammed default
  4291                           ;	Brown-out Reset Enable bits
  4292                           ;	BOREN = 0x3, unprogrammed default
  4293                           ;	Brown-out Reset Voltage bits
  4294                           ;	BORV = 0x3, unprogrammed default
  4295   300002                     	org	3145730
  4296   300002  1F                 	db	31
  4297                           
  4298                           ;Config register CONFIG2H @ 0x300003
  4299                           ;	unspecified, using default values
  4300                           ;	Watchdog Timer Enable bit
  4301                           ;	WDT = 0x1, unprogrammed default
  4302                           ;	Watchdog Timer Postscale Select bits
  4303                           ;	WDTPS = 0xF, unprogrammed default
  4304   300003                     	org	3145731
  4305   300003  1F                 	db	31
  4306                           
  4307                           ; Padding undefined space
  4308   300004                     	org	3145732
  4309   300004  FF                 	db	255
  4310                           
  4311                           ;Config register CONFIG3H @ 0x300005
  4312                           ;	unspecified, using default values
  4313                           ;	PORTB A/D Enable bit
  4314                           ;	PBADEN = 0x1, unprogrammed default
  4315                           ;	Low-Power Timer 1 Oscillator Enable bit
  4316                           ;	LPT1OSC = 0x0, unprogrammed default
  4317                           ;	MCLR Pin Enable bit
  4318                           ;	MCLRE = 0x1, unprogrammed default
  4319   300005                     	org	3145733
  4320   300005  82                 	db	130
  4321                           
  4322                           ;Config register CONFIG4L @ 0x300006
  4323                           ;	unspecified, using default values
  4324                           ;	Stack Full/Underflow Reset Enable bit
  4325                           ;	STVREN = 0x1, unprogrammed default
  4326                           ;	Single-Supply ICSP Enable bit
  4327                           ;	LVP = 0x1, unprogrammed default
  4328                           ;	Boot Block Size Select bit
  4329                           ;	BBSIZ = 0x0, unprogrammed default
  4330                           ;	Extended Instruction Set Enable bit
  4331                           ;	XINST = 0x0, unprogrammed default
  4332                           ;	Background Debugger Enable bit
  4333                           ;	DEBUG = 0x1, unprogrammed default
  4334   300006                     	org	3145734
  4335   300006  85                 	db	133
  4336                           
  4337                           ; Padding undefined space
  4338   300007                     	org	3145735
  4339   300007  FF                 	db	255
  4340                           
  4341                           ;Config register CONFIG5L @ 0x300008
  4342                           ;	unspecified, using default values
  4343                           ;	Code Protection bit
  4344                           ;	CP0 = 0x1, unprogrammed default
  4345                           ;	Code Protection bit
  4346                           ;	CP1 = 0x1, unprogrammed default
  4347                           ;	Code Protection bit
  4348                           ;	CP2 = 0x1, unprogrammed default
  4349                           ;	Code Protection bit
  4350                           ;	CP3 = 0x1, unprogrammed default
  4351   300008                     	org	3145736
  4352   300008  0F                 	db	15
  4353                           
  4354                           ;Config register CONFIG5H @ 0x300009
  4355                           ;	unspecified, using default values
  4356                           ;	Boot Block Code Protection bit
  4357                           ;	CPB = 0x1, unprogrammed default
  4358                           ;	Data EEPROM Code Protection bit
  4359                           ;	CPD = 0x1, unprogrammed default
  4360   300009                     	org	3145737
  4361   300009  C0                 	db	192
  4362                           
  4363                           ;Config register CONFIG6L @ 0x30000A
  4364                           ;	unspecified, using default values
  4365                           ;	Write Protection bit
  4366                           ;	WRT0 = 0x1, unprogrammed default
  4367                           ;	Write Protection bit
  4368                           ;	WRT1 = 0x1, unprogrammed default
  4369                           ;	Write Protection bit
  4370                           ;	WRT2 = 0x1, unprogrammed default
  4371                           ;	Write Protection bit
  4372                           ;	WRT3 = 0x1, unprogrammed default
  4373   30000A                     	org	3145738
  4374   30000A  0F                 	db	15
  4375                           
  4376                           ;Config register CONFIG6H @ 0x30000B
  4377                           ;	unspecified, using default values
  4378                           ;	Configuration Register Write Protection bit
  4379                           ;	WRTC = 0x1, unprogrammed default
  4380                           ;	Boot Block Write Protection bit
  4381                           ;	WRTB = 0x1, unprogrammed default
  4382                           ;	Data EEPROM Write Protection bit
  4383                           ;	WRTD = 0x1, unprogrammed default
  4384   30000B                     	org	3145739
  4385   30000B  E0                 	db	224
  4386                           
  4387                           ;Config register CONFIG7L @ 0x30000C
  4388                           ;	unspecified, using default values
  4389                           ;	Table Read Protection bit
  4390                           ;	EBTR0 = 0x1, unprogrammed default
  4391                           ;	Table Read Protection bit
  4392                           ;	EBTR1 = 0x1, unprogrammed default
  4393                           ;	Table Read Protection bit
  4394                           ;	EBTR2 = 0x1, unprogrammed default
  4395                           ;	Table Read Protection bit
  4396                           ;	EBTR3 = 0x1, unprogrammed default
  4397   30000C                     	org	3145740
  4398   30000C  0F                 	db	15
  4399                           
  4400                           ;Config register CONFIG7H @ 0x30000D
  4401                           ;	unspecified, using default values
  4402                           ;	Boot Block Table Read Protection bit
  4403                           ;	EBTRB = 0x1, unprogrammed default
  4404   30000D                     	org	3145741
  4405   30000D  40                 	db	64
  4406                           tosu	equ	0xFFF
  4407                           tosh	equ	0xFFE
  4408                           tosl	equ	0xFFD
  4409                           stkptr	equ	0xFFC
  4410                           pclatu	equ	0xFFB
  4411                           pclath	equ	0xFFA
  4412                           pcl	equ	0xFF9
  4413                           tblptru	equ	0xFF8
  4414                           tblptrh	equ	0xFF7
  4415                           tblptrl	equ	0xFF6
  4416                           tablat	equ	0xFF5
  4417                           prodh	equ	0xFF4
  4418                           prodl	equ	0xFF3
  4419                           indf0	equ	0xFEF
  4420                           postinc0	equ	0xFEE
  4421                           postdec0	equ	0xFED
  4422                           preinc0	equ	0xFEC
  4423                           plusw0	equ	0xFEB
  4424                           fsr0h	equ	0xFEA
  4425                           fsr0l	equ	0xFE9
  4426                           wreg	equ	0xFE8
  4427                           indf1	equ	0xFE7
  4428                           postinc1	equ	0xFE6
  4429                           postdec1	equ	0xFE5
  4430                           preinc1	equ	0xFE4
  4431                           plusw1	equ	0xFE3
  4432                           fsr1h	equ	0xFE2
  4433                           fsr1l	equ	0xFE1
  4434                           bsr	equ	0xFE0
  4435                           indf2	equ	0xFDF
  4436                           postinc2	equ	0xFDE
  4437                           postdec2	equ	0xFDD
  4438                           preinc2	equ	0xFDC
  4439                           plusw2	equ	0xFDB
  4440                           fsr2h	equ	0xFDA
  4441                           fsr2l	equ	0xFD9
  4442                           status	equ	0xFD8

Data Sizes:
    Strings     0
    Constant    0
    Data        1
    BSS         9
    Persistent  0
    Stack       0

Auto Spaces:
    Space          Size  Autos    Used
    COMRAM           95     64      74
    BANK0           160      0       0
    BANK1           256      0       0
    BANK2           256      0       0
    BANK3           256      0       0
    BANK4           256      0       0
    BANK5           256      0       0

Pointer List with Targets:

    can_transmit@data	PTR const unsigned char  size(1) Largest target is 2
		 -> indicator_val(COMRAM[1]), rpm_val(COMRAM[2]), 

    can_transmit@ptr	PTR unsigned char  size(2) Largest target is 1
		 -> TXB0D0(SFR_2[1]), 


Critical Paths under _main in COMRAM

    _main->_read_rpm
    _update_indicators->_read_digital_keypad
    _read_rpm->___fltol
    ___xxtofl->_read_adc
    ___fltol->___fldiv
    ___fldiv->___xxtofl
    _init_config->_read_digital_keypad
    _can_transmit->_set_msg_id_std

Critical Paths under _main in BANK0

    None.

Critical Paths under _main in BANK1

    None.

Critical Paths under _main in BANK2

    None.

Critical Paths under _main in BANK3

    None.

Critical Paths under _main in BANK4

    None.

Critical Paths under _main in BANK5

    None.

Call Graph Tables:

 ---------------------------------------------------------------------------------
 (Depth) Function   	        Calls       Base Space   Used Autos Params    Refs
 ---------------------------------------------------------------------------------
 (0) _main                                                 4     4      0    2161
                                             60 COMRAM     4     4      0
                       _can_transmit
                        _init_config
                           _read_rpm
                  _update_indicators
 ---------------------------------------------------------------------------------
 (1) _update_indicators                                    1     1      0      90
                                              1 COMRAM     1     1      0
                _read_digital_keypad
 ---------------------------------------------------------------------------------
 (1) _read_rpm                                             4     2      2    1765
                                             56 COMRAM     4     2      2
                            ___fldiv
                            ___fltol
                           ___xxtofl
                           _read_adc
 ---------------------------------------------------------------------------------
 (2) _read_adc                                             7     5      2      52
                                              0 COMRAM     7     5      2
 ---------------------------------------------------------------------------------
 (2) ___xxtofl                                            14    10      4     337
                                              7 COMRAM    14    10      4
                           _read_adc (ARG)
 ---------------------------------------------------------------------------------
 (2) ___fltol                                             10     6      4     230
                                             46 COMRAM    10     6      4
                            ___fldiv (ARG)
                           ___xxtofl (ARG)
                           _read_adc (ARG)
 ---------------------------------------------------------------------------------
 (2) ___fldiv                                             25    17      8    1123
                                             21 COMRAM    25    17      8
                           ___xxtofl (ARG)
                           _read_adc (ARG)
 ---------------------------------------------------------------------------------
 (1) _init_config                                          0     0      0      30
                           _init_adc
                           _init_can
                _read_digital_keypad
 ---------------------------------------------------------------------------------
 (2) _read_digital_keypad                                  1     1      0      30
                                              0 COMRAM     1     1      0
 ---------------------------------------------------------------------------------
 (2) _init_can                                             0     0      0       0
 ---------------------------------------------------------------------------------
 (2) _init_adc                                             0     0      0       0
 ---------------------------------------------------------------------------------
 (1) _can_transmit                                        11     7      4     230
                                              4 COMRAM    11     7      4
                     _set_msg_id_std
 ---------------------------------------------------------------------------------
 (2) _set_msg_id_std                                       4     2      2      45
                                              0 COMRAM     4     2      2
 ---------------------------------------------------------------------------------
 Estimated maximum stack depth 2
 ---------------------------------------------------------------------------------

 Call Graph Graphs:

 _main (ROOT)
   _can_transmit
     _set_msg_id_std
   _init_config
     _init_adc
     _init_can
     _read_digital_keypad
   _read_rpm
     ___fldiv
       ___xxtofl (ARG)
         _read_adc (ARG)
       _read_adc (ARG)
     ___fltol
       ___fldiv (ARG)
       ___xxtofl (ARG)
       _read_adc (ARG)
     ___xxtofl
     _read_adc
   _update_indicators
     _read_digital_keypad

Address spaces:
Name               Size   Autos  Total    Usage
BIGRAM            1535      0       0      0.0%
BITBIGSFRlh        410      0       0      0.0%
BITBANK5           256      0       0      0.0%
BANK5              256      0       0      0.0%
BITBANK4           256      0       0      0.0%
BANK4              256      0       0      0.0%
BITBANK3           256      0       0      0.0%
BANK3              256      0       0      0.0%
BITBANK2           256      0       0      0.0%
BANK2              256      0       0      0.0%
BITBANK1           256      0       0      0.0%
BANK1              256      0       0      0.0%
BITBIGSFRll        212      0       0      0.0%
BITBANK0           160      0       0      0.0%
BANK0              160      0       0      0.0%
BITBIGSFRh         144      0       0      0.0%
BITCOMRAM           95      0       0      0.0%
COMRAM              95     64      74     77.9%
STACK                0      0       0      0.0%
DATA                 0      0      74      0.0%


Microchip Technology PIC18 Macro Assembler V3.10 build 20250813170317 
Symbol Table                                                                                   Mon Dec  8 12:39:44 2025

                     ___fldiv@aexp 002E                       ___fldiv@bexp 002D  
                     ___fldiv@sign 0026                                 l23 0F8A  
                               l41 0C4E                                 l26 0E78  
                               l36 0E16                                 _GO 7E11  
                               u10 0EDC                                 u11 0ED8  
                               u20 0CDC                                 u21 0CD8  
                               u30 0CF0                                 u31 0CEC  
                               u40 0D00                                 u41 0CFC  
                               u50 0D1E                                 u51 0D1A  
                               u60 0D36                                 u61 0D32  
                              l121 0EBE                                l115 0F76  
                              l204 0DA6                                l205 0DAA  
                              l118 0E92                                l135 0D3C  
                              l192 0EDC                                l193 0EFA  
                              l622 0C48                                l199 0F36  
                              l920 08B0                                l912 07B8  
                              l921 089E                                l907 098E  
                              l909 07F4                                l918 083A  
                              l919 0858                                l980 09E6  
                              l983 0B42                                l994 0ADA  
                              l987 0A7E                                l998 0EC0  
                              _RC0 7C10                                _RC1 7C11  
                              _RC2 7C12                                _RD7 7C1F  
                              u500 0DE0                                u501 0DDC  
                              u510 0DFA                                u511 0DF6  
                              u520 0E14                                u521 0E10  
                              u700 06E0                                u620 0EA0  
                              u701 06DC                                u621 0E9C  
                              u710 0720                                u711 071C  
                              u800 0896                                u720 0794  
                              u640 061C                                u801 0892  
                              u721 0790                                u641 0618  
                              u810 08AC                                u730 07B6  
                              u650 062E                                u490 0DC6  
                              u635 0F08                                u811 08A8  
                              u731 07B2                                u651 062A  
                              u491 0DC2                                u820 08C0  
                              u740 07E0                                u660 063E  
                              u900 0BD0                                u821 08BC  
                              u741 07DC                                u661 063A  
                              u901 0BCC                                u830 08DA  
                              u750 0804                                u670 0680  
                              u910 0BF8                                u831 08D6  
                              u751 0800                                u671 067C  
                              u911 0BF4                                u840 0922  
                              u760 081A                                u680 0692  
                              u920 0C18                                u841 091E  
                              u761 0816                                u681 068E  
                              u921 0C14                                u850 0952  
                              u770 0838                                u690 06A2  
                              u930 0C28                                u851 094E  
                              u771 0834                                u691 069E  
                              u931 0C24                                u860 097C  
                              u780 0858                                u940 09A2  
                              u861 0978                                u781 0854  
                              u941 099E                                u790 0868  
                              u870 0B5A                                u950 09B0  
                              u791 0864                                u871 0B56  
                              u951 09AC                                u880 0B8E  
                              u960 0A0C                                u961 0A08  
                              u890 0BBC                                u970 0A62  
                              u891 0BB8                                u971 0A5E  
                              u980 0AAC                                u885 0B84  
                              u981 0AA8                                u990 0ACA  
                              u991 0AC6                                wreg 0FE8  
                     ___fltol@exp1 0038                               l1000 0EC4  
                             l1010 0EEE                               l1002 0EC8  
                             l1012 0EF2                               l1004 0ECA  
                             l1020 0CCC                               l1014 0EF4  
                             l1006 0EDE                               l1022 0CDC  
                             l1016 0EF6                               l1008 0EEA  
                             l1024 0CF0                               l1018 0EF8  
                             l1026 0D00                               l1034 0D0A  
                             l1036 0D1E                               l1044 0D3A  
                             l1028 0D02                               l1300 0DAC  
                             l1038 0D26                               l1310 0DE8  
                             l1302 0DB4                               l1048 0F5C  
                             l1312 0DFA                               l1304 0DC6  
                             l1314 0E02                               l1306 0DCE  
                             l1500 06FC                               l1316 0E14  
                             l1308 0DE0                               l1520 077E  
                             l1512 0734                               l1504 0710  
                             l1600 0B9A              ??_read_digital_keypad 0001  
                             l1290 0F7C                               l1530 07C2  
                             l1522 0784                               l1514 074E  
                             l1506 0720                               l1602 0BAA  
                             l1442 0E7C                               l1452 0EFC  
                             l1700 0D82                               l1292 0F86  
                             l1540 081A                               l1532 07E0  
                             l1524 0794                               l1516 075E  
                             l1508 0720                               l1460 061E  
                             l1612 0BD4                               l1604 0BAE  
                             l1444 0E90                               l1550 0868  
                             l1542 0820                               l1534 07E2  
                             l1526 07A8                               l1518 076E  
                             l1462 062E                               l1470 0656  
                             l1454 0602                               l1630 0C38  
                             l1622 0BFC                               l1614 0BDE  
                             l1606 0BBC                               l1446 0EA0  
                             l1710 0C8C                               l1702 0C4A  
                             l1288 0F78                               l1560 08DA  
                             l1552 0896                               l1544 082A  
                             l1536 07F2                               l1528 07B6  
                             l1480 0682                               l1472 0666  
                             l1464 063E                               l1456 060E  
                             l1624 0C08                               l1616 0BE8  
                             l1640 09F6                               l1448 0EB6  
                             l1712 0C90                               l1704 0C5A  
                             l1570 0952                               l1562 0904  
                             l1546 0838                               l1538 0804  
                             l1482 0692                               l1490 06BA  
                             l1474 066C                               l1466 064E  
                             l1458 061C                               l1626 0C18  
                             l1650 0A34                               l1642 0A0C  
                             l1634 0992                               l1714 0CA2  
                             l1706 0C6C                               l1580 0982  
                             l1572 0968                               l1556 08C0  
                             l1564 0908                               l1548 084A  
                             l1492 06CA                               l1484 06A2  
                             l1476 0672                               l1468 0650  
                             l1628 0C28                               l1660 0ABC  
                             l1652 0A66                               l1636 09A2  
                             l1716 0CA8                               l1708 0C72  
                             l1582 0984                               l1574 096A  
                             l1566 0922                               l1558 08CC  
                             l1494 06E0                               l1486 06B2  
                             l1478 0680                               l1590 0B44  
                             l1670 0B12                               l1662 0ACA  
                             l1654 0A68                               l1646 0A20  
                             l1638 09B0                               l1576 096E  
                             l1568 0938                               l1496 06F0  
                             l1488 06B4                               l1592 0B5A  
                             l1672 0B22                               l1664 0AE8  
                             l1656 0A74                               l1648 0A28  
                             l1680 0E18                               l1690 0D50  
                             l1578 097C                               l1498 06F8  
                             l1674 0B30                               l1666 0AEA  
                             l1658 0AB0                               l1682 0E70  
                             l1692 0D54                               l1596 0B6E  
                             l1676 0B32                               l1668 0AEE  
                             l1694 0D5C                               l1686 0D3E  
                             l1598 0B98                               l1696 0D66  
                             l1688 0D44                               l1698 0D7E  
                             _ADFM 7E07                               _ADON 7E10  
                             u1000 0ADA                               u1001 0AD6  
                             u1010 0AE8                               u1011 0AE4  
                             u1020 0B22                               u1021 0B1E  
                             u1030 0B30                               u1031 0B2C  
                             u1040 0DA6                               u1041 0DA2  
                             u1050 0C8C                               u1051 0C88  
                             u1060 0CC2                               u1061 0CBE  
                             _main 0C4A                               fsr2h 0FDA  
                             indf1 0FE7                               indf2 0FDF  
                             fsr1l 0FE1                               fsr2l 0FD9  
                             start 2FFC                    ___fldiv@new_exp 0027  
                     ___param_bank 0000                       main@delay_68 003F  
                    ___fltol@sign1 0037                              _ADCS0 7E00  
                            _ADCS1 7E01                              _ADCS2 7E02  
                            ?_main 0001                    __end_of___fldiv 0990  
                            _ACQT0 7E03                              _ACQT1 7E04  
                            _ACQT2 7E05                    __end_of___fltol 0C4A  
                     ?_init_config 0001                              _VCFG0 7E0C  
                            _VCFG1 7E0D                              _PORTB 0F81  
                            _PORTC 0F82                              _PORTD 0F83  
                            _TRISB 0F93                              _TRISC 0F94  
                            _TRISD 0F95                              tablat 0FF5  
                            status 0FD8                    __initialization 0F38  
                     __end_of_main 0CCA                      _indicator_val 0049  
                _update_indicators 0DAC                             ??_main 003D  
               ?_update_indicators 0001                      __activetblptr 0000  
                           _ADCON0 0FC2                ??_update_indicators 0002  
                           _CANCON 0F6F                             _ADRESH 0FC4  
                           _ADRESL 0FC3                             _GODONE 7E11  
                           _RXB0D0 0F66                             _RXB0IF 7D20  
                           _TXB0D0 0F46                             _TRISB2 7C9A  
                           _TRISB3 7C9B                             _TRISD7 7CAF  
                 __end_of___xxtofl 0B44                          ??___fldiv 001E  
        __end_of_update_indicators 0E18                          ??___fltol 0033  
                    can_transmit@i 000E                   __end_of_init_adc 0F78  
                 __end_of_init_can 0EFC                   __end_of_read_adc 0EC0  
                           clear_0 0F50                   __end_of_read_rpm 0E7A  
                           isa$std 0001                       __pdataCOMRAM 004A  
                     __mediumconst 0600                             tblptrh 0FF7  
                           tblptrl 0FF6                             tblptru 0FF8  
                     _can_transmit 0D3E                       ___xxtofl@arg 0012  
                     ___xxtofl@exp 0011                       ___xxtofl@val 0008  
                       __accesstop 0060            __end_of__initialization 0F56  
                    ___rparam_used 0001                         ___fltol@f1 002F  
                   __pcstackCOMRAM 0001                   set_msg_id_std@id 0001  
                          _ECANCON 0F77                            _CANSTAT 0F6E  
                          _BRGCON1 0F70                            _BRGCON2 0F71  
                          _BRGCON3 0F72        __end_of_read_digital_keypad 0D3E  
                        ?___xxtofl 0008                            _RXB0DLC 0F65  
                          _RXB0CON 0F60                            _RXB0FUL 7B07  
                          _TXB0DLC 0F45                            _TXB0REQ 7A03  
                          _RXFCON0 0DD4                          ?_init_adc 0001  
                        ?_init_can 0001                          ?_read_adc 0001  
                        ?_read_rpm 0039                            __Hparam 0000  
                          __Lparam 0000                            ___fldiv 0602  
                          ___fltol 0B44                       __psmallconst 0600  
                          __pcinit 0F38                            __ramtop 0600  
                          __ptext0 0C4A                            __ptext1 0DAC  
                          __ptext2 0E18                            __ptext3 0E7A  
                          __ptext4 0990                            __ptext5 0B44  
                          __ptext6 0602                            __ptext7 0F78  
                          __ptext8 0CCA                            __ptext9 0EC0  
                       ??___xxtofl 000C                            _rpm_val 0047  
                          _rpm_str 0041               end_of_initialization 0F56  
                       ??_init_adc 0001                         ??_init_can 0001  
                       ??_read_adc 0003                         ??_read_rpm 003B  
                          postinc0 0FEE                    read_adc@channel 0007  
                    ___xxtofl@sign 0010                    read_adc@reg_val 0005  
                      ___fldiv@grs 0029                        ___fldiv@rem 0022  
                   _set_msg_id_std 0EFC                      __pidataCOMRAM 3000  
              start_initialization 0F38             __end_of_set_msg_id_std 0F38  
                    ??_init_config 0002                          ___fldiv@a 001A  
                        ___fldiv@b 0016                        __pbssCOMRAM 0041  
                  ?_set_msg_id_std 0001                  read_rpm@adc_value 003B  
                         ?___fldiv 0016                   can_transmit@data 0007  
                         ?___fltol 002F                        __smallconst 0600  
               can_transmit@msg_id 0005                __end_of_init_config 0F8C  
                         _RXB0SIDH 0F61                           _RXB0SIDL 0F62  
                         _TXB0EIDH 0F43                           _TXB0EIDL 0F44  
                         _TXB0SIDH 0F41                           _TXB0SIDL 0F42  
                        main@delay 003D  read_digital_keypad@detection_type 0001  
                    ?_can_transmit 0005                           __Hrparam 0000  
                         __Lrparam 0000                        _init_config 0F78  
                         ___xxtofl 0990                     ??_can_transmit 0009  
                         __ptext10 0F5C                           __ptext11 0D3E  
                         __ptext12 0EFC                    can_transmit@len 0008  
                  can_transmit@ptr 000C                           _init_adc 0F5C  
                         _init_can 0EC0                           _read_adc 0E7A  
          read_digital_keypad@once 004A                           _read_rpm 0E18  
                         isa$xinst 0000                        _RXB0CONbits 0F60  
                 ??_set_msg_id_std 0003               update_indicators@key 0002  
              _read_digital_keypad 0CCA               ?_read_digital_keypad 0001  
             __end_of_can_transmit 0DAC  
